datetime,current_mhz,max_mhz,cpu_pct
2026-08-19T22:19:40,2200,2200,100
2026-08-19T22:20:41,2200,2200,100
2026-08-19T22:21:43,2200,2200,100
2026-08-19T22:22:44,2200,2200,100
2026-08-19T22:23:46,2200,2200,100
2026-08-19T22:24:48,2200,2200,100
2026-08-19T22:25:49,2200,2200,100
2026-08-19T22:26:51,2200,2200,100
2026-08-19T22:27:52,2200,2200,100
2026-08-19T22:28:54,2200,2200,100
2026-08-19T22:29:55,2200,2200,100
2026-08-19T22:30:57,2200,2200,100
2026-08-19T22:31:59,2200,2200,100
2026-08-19T22:33:00,2200,2200,100
2026-08-19T22:34:01,2200,2200,100
2026-08-19T22:35:03,2200,2200,100
2026-08-19T22:36:09,2200,2200,100
2026-08-19T22:37:10,2200,2200,100
2026-08-19T22:38:12,2200,2200,100
2026-08-19T22:39:13,2200,2200,100
2026-08-19T22:40:15,2200,2200,100
2026-08-19T22:41:16,2200,2200,100
2026-08-19T22:42:18,2200,2200,100
2026-08-19T22:43:19,2200,2200,100
2026-08-19T22:44:21,2200,2200,100
2026-08-19T22:45:22,2200,2200,100
2026-08-19T22:46:24,2200,2200,100
2026-08-19T22:47:25,2200,2200,100
2026-08-19T22:48:27,2200,2200,100
2026-08-19T22:49:28,2200,2200,100
2026-08-19T22:50:30,2200,2200,100
2026-08-19T22:51:31,2200,2200,100
2026-08-19T22:52:36,2200,2200,87
2026-08-19T22:53:37,2200,2200,83
2026-08-19T22:54:39,2200,2200,100
2026-08-19T22:55:40,2200,2200,93
2026-08-19T22:56:42,2200,2200,83
2026-08-19T22:57:43,2200,2200,65
2026-08-19T22:58:45,2200,2200,100
2026-08-19T22:59:46,2200,2200,100
2026-08-19T23:00:48,2200,2200,100
2026-08-19T23:01:49,2200,2200,73
2026-08-19T23:02:51,2200,2200,100
2026-08-19T23:03:52,2200,2200,99
2026-08-19T23:04:54,2200,2200,100
2026-08-19T23:05:55,2200,2200,99
2026-08-19T23:06:56,2200,2200,98
2026-08-19T23:07:58,2200,2200,98
2026-08-19T23:09:03,2200,2200,96
2026-08-19T23:10:05,2200,2200,93
2026-08-19T23:11:06,2200,2200,96
2026-08-19T23:12:07,2200,2200,93
2026-08-19T23:13:09,2200,2200,90
2026-08-19T23:14:10,2200,2200,98
2026-08-19T23:15:12,2200,2200,100
2026-08-19T23:16:13,2200,2200,97
2026-08-19T23:17:15,2200,2200,95
2026-08-19T23:18:16,2200,2200,95
2026-08-19T23:19:18,2200,2200,95
2026-08-19T23:20:19,2200,2200,100
2026-08-19T23:21:21,2200,2200,100
2026-08-19T23:22:22,2200,2200,24
2026-08-19T23:23:24,2200,2200,100
2026-08-19T23:24:25,2200,2200,28
2026-08-19T23:25:29,2200,2200,67
2026-08-19T23:26:30,2200,2200,100
2026-08-19T23:27:32,2200,2200,70
2026-08-19T23:28:33,2200,2200,64
2026-08-19T23:29:35,2200,2200,99
2026-08-19T23:30:36,2200,2200,96
2026-08-19T23:31:38,2200,2200,99
2026-08-19T23:32:39,2200,2200,99
2026-08-19T23:33:40,2200,2200,73
2026-08-19T23:34:42,2200,2200,70
2026-08-19T23:35:43,2200,2200,100
2026-08-19T23:36:45,2200,2200,69
2026-08-19T23:37:46,2200,2200,99
2026-08-19T23:38:48,2200,2200,100
2026-08-19T23:39:49,2200,2200,99
2026-08-19T23:40:50,2200,2200,100
2026-08-19T23:41:56,2200,2200,100
2026-08-19T23:42:57,2200,2200,99
2026-08-19T23:43:59,2200,2200,98
2026-08-19T23:45:00,2200,2200,74
2026-08-19T23:46:02,2200,2200,70
2026-08-19T23:47:03,2200,2200,100
2026-08-19T23:48:05,2200,2200,100
2026-08-19T23:49:06,2200,2200,77
2026-08-19T23:50:08,2200,2200,100
2026-08-19T23:51:09,2200,2200,100
2026-08-19T23:52:11,2200,2200,99
2026-08-19T23:53:12,2200,2200,98
2026-08-19T23:54:14,2200,2200,95
2026-08-19T23:55:15,2200,2200,99
2026-08-19T23:56:16,2200,2200,96
2026-08-19T23:57:18,2200,2200,98
2026-08-19T23:58:22,2200,2200,79
2026-08-19T23:59:24,2200,2200,100
2026-08-20T00:00:25,2200,2200,100
2026-08-20T00:01:27,2200,2200,92
2026-08-20T00:02:28,2200,2200,67
2026-08-20T00:03:30,2200,2200,71
2026-08-20T00:04:31,2200,2200,100
2026-08-20T00:05:33,2200,2200,100
2026-08-20T00:06:34,2200,2200,100
2026-08-20T00:07:35,2200,2200,99
2026-08-20T00:08:37,2200,2200,100
2026-08-20T00:09:39,2200,2200,100
2026-08-20T00:10:40,2200,2200,91
2026-08-20T00:11:41,2200,2200,100
2026-08-20T00:12:43,2200,2200,68
2026-08-20T00:13:44,2200,2200,100
2026-08-20T00:14:50,2200,2200,100
2026-08-20T00:15:51,2200,2200,100
2026-08-20T00:16:53,2200,2200,100
2026-08-20T00:17:54,2200,2200,100
2026-08-20T00:18:58,2200,2200,100
2026-08-20T00:19:59,2200,2200,100
2026-08-20T00:21:01,2200,2200,100
2026-08-20T00:22:02,2200,2200,100
2026-08-20T00:23:04,2200,2200,100
2026-08-20T00:24:05,2200,2200,100
2026-08-20T00:25:07,2200,2200,90
2026-08-20T00:26:08,2200,2200,100
2026-08-20T00:27:10,2200,2200,100
2026-08-20T00:28:11,2200,2200,100
2026-08-20T00:29:13,2200,2200,100
2026-08-20T00:30:15,2200,2200,100
2026-08-20T00:31:20,2200,2200,100
2026-08-20T00:32:22,2200,2200,100
2026-08-20T00:33:23,2200,2200,100
2026-08-20T00:34:25,2200,2200,100
2026-08-20T00:35:27,2200,2200,100
2026-08-20T00:36:28,2200,2200,99
2026-08-20T00:37:30,2200,2200,100
2026-08-20T00:38:31,2200,2200,100
2026-08-20T00:39:33,2200,2200,100
2026-08-20T00:40:34,2200,2200,100
2026-08-20T00:41:36,2200,2200,99
2026-08-20T00:42:37,2200,2200,100
2026-08-20T00:43:39,2200,2200,100
2026-08-20T00:44:40,2200,2200,100
2026-08-20T00:45:42,2200,2200,100
2026-08-20T00:46:44,2200,2200,88
2026-08-20T00:47:49,2200,2200,100
2026-08-20T00:48:51,2200,2200,100
2026-08-20T00:49:53,2200,2200,100
2026-08-20T00:50:55,2200,2200,100
2026-08-20T00:51:56,2200,2200,100
2026-08-20T00:52:58,2200,2200,100
2026-08-20T00:53:59,2200,2200,100
2026-08-20T00:55:01,2200,2200,100
2026-08-20T00:56:03,2200,2200,100
2026-08-20T00:57:04,2200,2200,100
2026-08-20T00:58:06,2200,2200,100
2026-08-20T00:59:07,2200,2200,100
2026-08-20T01:00:09,2200,2200,100
2026-08-20T01:01:10,2200,2200,100
2026-08-20T01:02:12,2200,2200,100
2026-08-20T01:03:13,2200,2200,100
2026-08-20T01:04:20,2200,2200,100
2026-08-20T01:05:22,2200,2200,100
2026-08-20T01:06:23,2200,2200,99
2026-08-20T01:07:24,2200,2200,100
2026-08-20T01:08:26,2200,2200,100
2026-08-20T01:09:27,2200,2200,100
2026-08-20T01:10:29,2200,2200,100
2026-08-20T01:11:30,2200,2200,99
2026-08-20T01:12:32,2200,2200,100
2026-08-20T01:13:33,2200,2200,100
2026-08-20T01:14:35,2200,2200,100
2026-08-20T01:15:36,2200,2200,100
2026-08-20T01:16:38,2200,2200,100
2026-08-20T01:17:39,2200,2200,100
2026-08-20T01:18:40,2200,2200,98
2026-08-20T01:19:42,2200,2200,95
2026-08-20T01:20:48,2200,2200,99
2026-08-20T01:21:49,2200,2200,100
2026-08-20T01:22:51,2200,2200,99
2026-08-20T01:23:53,2200,2200,100
2026-08-20T01:24:54,2200,2200,100
2026-08-20T01:25:56,2200,2200,99
2026-08-20T01:26:57,2200,2200,99
2026-08-20T01:27:59,2200,2200,99
2026-08-20T01:29:00,2200,2200,100
2026-08-20T01:30:02,2200,2200,92
2026-08-20T01:31:03,2200,2200,98
2026-08-20T01:32:05,2200,2200,97
2026-08-20T01:33:06,2200,2200,100
2026-08-20T01:34:08,2200,2200,99
2026-08-20T01:35:09,2200,2200,100
2026-08-20T01:36:10,2200,2200,100
2026-08-20T01:37:15,2200,2200,100
2026-08-20T01:38:17,2200,2200,100
2026-08-20T01:39:18,2200,2200,100
2026-08-20T01:40:19,2200,2200,100
2026-08-20T01:41:21,2200,2200,100
2026-08-20T01:42:24,2200,2200,100
2026-08-20T01:43:25,2200,2200,100
2026-08-20T01:44:26,2200,2200,100
2026-08-20T01:45:28,2200,2200,100
2026-08-20T01:46:29,2200,2200,100
2026-08-20T01:47:31,2200,2200,100
2026-08-20T01:48:32,2200,2200,99
2026-08-20T01:49:34,2200,2200,99
2026-08-20T01:50:35,2200,2200,93
2026-08-20T01:51:37,2200,2200,84
2026-08-20T01:52:38,2200,2200,65
2026-08-20T01:53:43,2200,2200,72
2026-08-20T01:54:44,2200,2200,89
2026-08-20T01:55:45,2200,2200,89
2026-08-20T01:56:47,2200,2200,91
2026-08-20T01:57:48,2200,2200,92
2026-08-20T01:58:50,2200,2200,92
2026-08-20T01:59:51,2200,2200,95
2026-08-20T02:00:53,2200,2200,86
2026-08-20T02:01:54,2200,2200,93
2026-08-20T02:02:56,2200,2200,100
2026-08-20T02:03:57,2200,2200,98
2026-08-20T02:04:58,2200,2200,95
2026-08-20T02:06:00,2200,2200,92
2026-08-20T02:07:01,2200,2200,91
2026-08-20T02:08:03,2200,2200,90
2026-08-20T02:09:04,2200,2200,88
2026-08-20T02:10:09,2200,2200,96
2026-08-20T02:11:11,2200,2200,53
2026-08-20T02:12:12,2200,2200,53
2026-08-20T02:13:13,2200,2200,76
2026-08-20T02:14:15,2200,2200,44
2026-08-20T02:15:16,2200,2200,89
2026-08-20T02:16:18,2200,2200,44
2026-08-20T02:17:19,2200,2200,53
2026-08-20T02:18:20,2200,2200,90
2026-08-20T02:19:22,2200,2200,81
2026-08-20T02:20:23,2200,2200,81
2026-08-20T02:21:25,2200,2200,87
2026-08-20T02:22:26,2200,2200,66
2026-08-20T02:23:28,2200,2200,72
2026-08-20T02:24:29,2200,2200,89
2026-08-20T02:25:30,2200,2200,88
2026-08-20T02:26:36,2200,2200,85
2026-08-20T02:27:37,2200,2200,94
2026-08-20T02:28:39,2200,2200,90
2026-08-20T02:29:40,2200,2200,95
2026-08-20T02:30:42,2200,2200,80
2026-08-20T02:31:43,2200,2200,94
2026-08-20T02:32:45,2200,2200,82
2026-08-20T02:33:46,2200,2200,82
2026-08-20T02:34:47,2200,2200,88
2026-08-20T02:35:49,2200,2200,89
2026-08-20T02:36:50,2200,2200,90
2026-08-20T02:37:52,2200,2200,87
2026-08-20T02:38:53,2200,2200,90
2026-08-20T02:39:56,2200,2200,83
2026-08-20T02:40:57,2200,2200,91
2026-08-20T02:41:59,2200,2200,83
2026-08-20T02:43:04,2200,2200,83
2026-08-20T02:44:05,2200,2200,100
2026-08-20T02:45:07,2200,2200,97
2026-08-20T02:46:08,2200,2200,85
2026-08-20T02:47:10,2200,2200,86
2026-08-20T02:48:11,2200,2200,75
2026-08-20T02:49:12,2200,2200,43
2026-08-20T02:50:14,2200,2200,97
2026-08-20T02:51:15,2200,2200,78
2026-08-20T02:52:17,2200,2200,79
2026-08-20T02:53:18,2200,2200,95
2026-08-20T02:54:20,2200,2200,81
2026-08-20T02:55:21,2200,2200,75
2026-08-20T02:56:22,2200,2200,76
2026-08-20T02:57:24,2200,2200,97
2026-08-20T02:58:25,2200,2200,81
2026-08-20T02:59:30,2200,2200,74
2026-08-20T03:00:31,2200,2200,82
2026-08-20T03:01:33,2200,2200,81
2026-08-20T03:02:34,2200,2200,82
2026-08-20T03:03:36,2200,2200,96
2026-08-20T03:04:37,2200,2200,84
2026-08-20T03:05:39,2200,2200,73
2026-08-20T03:06:40,2200,2200,80
2026-08-20T03:07:41,2200,2200,75
2026-08-20T03:08:43,2200,2200,75
2026-08-20T03:09:44,2200,2200,88
2026-08-20T03:10:46,2200,2200,75
2026-08-20T03:11:47,2200,2200,77
2026-08-20T03:12:49,2200,2200,78
2026-08-20T03:13:50,2200,2200,80
2026-08-20T03:14:52,2200,2200,64
2026-08-20T03:15:56,2200,2200,81
2026-08-20T03:16:57,2200,2200,97
2026-08-20T03:17:59,2200,2200,98
2026-08-20T03:19:00,2200,2200,100
2026-08-20T03:20:02,2200,2200,100
2026-08-20T03:21:03,2200,2200,100
2026-08-20T03:22:04,2200,2200,100
2026-08-20T03:23:06,2200,2200,100
2026-08-20T03:24:07,2200,2200,100
2026-08-20T03:25:09,2200,2200,100
2026-08-20T03:26:10,2200,2200,100
2026-08-20T03:27:12,2200,2200,100
2026-08-20T03:28:13,2200,2200,100
2026-08-20T03:29:14,2200,2200,100
2026-08-20T03:30:16,2200,2200,100
2026-08-20T03:31:17,2200,2200,100
2026-08-20T03:32:22,2200,2200,100
2026-08-20T03:33:24,2200,2200,100
2026-08-20T03:34:26,2200,2200,100
2026-08-20T03:35:28,2200,2200,100
2026-08-20T03:36:29,2200,2200,100
2026-08-20T03:37:31,2200,2200,100
2026-08-20T03:38:32,2200,2200,100
2026-08-20T03:39:33,2200,2200,100
2026-08-20T03:40:35,2200,2200,100
2026-08-20T03:41:36,2200,2200,100
2026-08-20T03:42:38,2200,2200,100
2026-08-20T03:43:39,2200,2200,100
2026-08-20T03:44:41,2200,2200,100
2026-08-20T03:45:42,2200,2200,100
2026-08-20T03:46:44,2200,2200,100
2026-08-20T03:47:45,2200,2200,100
2026-08-20T03:48:49,2200,2200,88
2026-08-20T03:49:50,2200,2200,65
2026-08-20T03:50:52,2200,2200,78
2026-08-20T03:51:53,2200,2200,72
2026-08-20T03:52:55,2200,2200,75
2026-08-20T03:53:56,2200,2200,74
2026-08-20T03:54:58,2200,2200,74
2026-08-20T03:55:59,2200,2200,57
2026-08-20T03:57:00,2200,2200,47
2026-08-20T03:58:02,2200,2200,100
2026-08-20T03:59:03,2200,2200,45
2026-08-20T04:00:05,2200,2200,83
2026-08-20T04:01:06,2200,2200,73
2026-08-20T04:02:08,2200,2200,63
2026-08-20T04:03:09,2200,2200,79
2026-08-20T04:04:10,2200,2200,71
2026-08-20T04:05:15,2200,2200,75
2026-08-20T04:06:16,2200,2200,75
2026-08-20T04:07:18,2200,2200,75
2026-08-20T04:08:19,2200,2200,74
2026-08-20T04:09:20,2200,2200,68
2026-08-20T04:10:22,2200,2200,57
2026-08-20T04:11:23,2200,2200,42
2026-08-20T04:12:25,2200,2200,95
2026-08-20T04:13:26,2200,2200,53
2026-08-20T04:14:27,2200,2200,68
2026-08-20T04:15:29,2200,2200,80
2026-08-20T04:16:30,2200,2200,45
2026-08-20T04:17:32,2200,2200,90
2026-08-20T04:18:33,2200,2200,74
2026-08-20T04:19:35,2200,2200,24
2026-08-20T04:20:36,2200,2200,100
2026-08-20T04:21:40,2200,2200,100
2026-08-20T04:22:41,2200,2200,100
2026-08-20T04:23:43,2200,2200,100
2026-08-20T04:24:44,2200,2200,100
2026-08-20T04:25:46,2200,2200,100
2026-08-20T04:26:47,2200,2200,100
2026-08-20T04:27:48,2200,2200,100
2026-08-20T04:28:50,2200,2200,100
2026-08-20T04:29:51,2200,2200,100
2026-08-20T04:30:53,2200,2200,100
2026-08-20T04:31:54,2200,2200,100
2026-08-20T04:32:56,2200,2200,87
2026-08-20T04:33:57,2200,2200,100
2026-08-20T04:34:58,2200,2200,100
2026-08-20T04:36:00,2200,2200,100
2026-08-20T04:37:01,2200,2200,100
2026-08-20T04:38:06,2200,2200,100
2026-08-20T04:39:07,2200,2200,99
2026-08-20T04:40:09,2200,2200,100
2026-08-20T04:41:10,2200,2200,100
2026-08-20T04:42:12,2200,2200,100
2026-08-20T04:43:13,2200,2200,100
2026-08-20T04:44:15,2200,2200,100
2026-08-20T04:45:16,2200,2200,100
2026-08-20T04:46:17,2200,2200,100
2026-08-20T04:47:19,2200,2200,100
2026-08-20T04:48:20,2200,2200,100
2026-08-20T04:49:22,2200,2200,100
2026-08-20T04:50:23,2200,2200,100
2026-08-20T04:51:25,2200,2200,100
2026-08-20T04:52:26,2200,2200,100
2026-08-20T04:53:28,2200,2200,100
2026-08-20T04:54:32,2200,2200,100
2026-08-20T04:55:34,2200,2200,100
2026-08-20T04:56:36,2200,2200,100
2026-08-20T04:57:37,2200,2200,100
2026-08-20T04:58:39,2200,2200,100
2026-08-20T04:59:40,2200,2200,100
2026-08-20T05:00:42,2200,2200,100
2026-08-20T05:01:43,2200,2200,100
2026-08-20T05:02:45,2200,2200,66
2026-08-20T05:03:46,2200,2200,100
2026-08-20T05:04:48,2200,2200,84
2026-08-20T05:05:49,2200,2200,100
2026-08-20T05:06:50,2200,2200,100
2026-08-20T05:07:52,2200,2200,100
2026-08-20T05:08:53,2200,2200,100
2026-08-20T05:09:55,2200,2200,74
2026-08-20T05:11:00,2200,2200,100
2026-08-20T05:12:02,2200,2200,100
2026-08-20T05:13:03,2200,2200,100
2026-08-20T05:14:05,2200,2200,100
2026-08-20T05:15:06,2200,2200,100
2026-08-20T05:16:08,2200,2200,100
2026-08-20T05:17:09,2200,2200,100
2026-08-20T05:18:11,2200,2200,100
2026-08-20T05:19:12,2200,2200,89
2026-08-20T05:20:13,2200,2200,76
2026-08-20T05:21:15,2200,2200,63
2026-08-20T05:22:16,2200,2200,77
2026-08-20T05:23:18,2200,2200,75
2026-08-20T05:24:19,2200,2200,76
2026-08-20T05:25:21,2200,2200,100
2026-08-20T05:26:22,2200,2200,100
2026-08-20T05:27:28,2200,2200,100
2026-08-20T05:28:29,2200,2200,100
2026-08-20T05:29:31,2200,2200,100
2026-08-20T05:30:32,2200,2200,100
2026-08-20T05:31:34,2200,2200,100
2026-08-20T05:32:35,2200,2200,97
2026-08-20T05:33:37,2200,2200,100
2026-08-20T05:34:38,2200,2200,100
2026-08-20T05:35:39,2200,2200,82
2026-08-20T05:36:41,2200,2200,100
2026-08-20T05:37:42,2200,2200,100
2026-08-20T05:38:44,2200,2200,100
2026-08-20T05:39:45,2200,2200,70
2026-08-20T05:40:47,2200,2200,100
2026-08-20T05:41:48,2200,2200,100
2026-08-20T05:42:50,2200,2200,100
2026-08-20T05:43:55,2200,2200,100
2026-08-20T05:44:56,2200,2200,100
2026-08-20T05:45:58,2200,2200,100
2026-08-20T05:46:59,2200,2200,100
2026-08-20T05:48:01,2200,2200,100
2026-08-20T05:49:02,2200,2200,100
2026-08-20T05:50:03,2200,2200,100
2026-08-20T05:51:05,2200,2200,100
2026-08-20T05:52:06,2200,2200,100
2026-08-20T05:53:08,2200,2200,99
2026-08-20T05:54:09,2200,2200,100
2026-08-20T05:55:11,2200,2200,100
2026-08-20T05:56:12,2200,2200,99
2026-08-20T05:57:14,2200,2200,100
2026-08-20T05:58:15,2200,2200,100
2026-08-20T05:59:17,2200,2200,100
2026-08-20T06:00:22,2200,2200,100
2026-08-20T06:01:23,2200,2200,100
2026-08-20T06:02:25,2200,2200,100
2026-08-20T06:03:26,2200,2200,100
2026-08-20T06:04:28,2200,2200,100
2026-08-20T06:05:29,2200,2200,100
2026-08-20T06:06:31,2200,2200,100
2026-08-20T06:07:32,2200,2200,100
2026-08-20T06:08:34,2200,2200,100
2026-08-20T06:09:35,2200,2200,99
2026-08-20T06:10:36,2200,2200,77
2026-08-20T06:11:38,2200,2200,100
2026-08-20T06:12:39,2200,2200,100
2026-08-20T06:13:41,2200,2200,98
2026-08-20T06:14:42,2200,2200,100
2026-08-20T06:15:44,2200,2200,100
2026-08-20T06:16:49,2200,2200,100
2026-08-20T06:17:51,2200,2200,100
2026-08-20T06:18:52,2200,2200,100
2026-08-20T06:19:54,2200,2200,100
2026-08-20T06:20:56,2200,2200,73
2026-08-20T06:21:57,2200,2200,90
2026-08-20T06:22:59,2200,2200,64
2026-08-20T06:24:00,2200,2200,100
2026-08-20T06:25:01,2200,2200,100
2026-08-20T06:26:03,2200,2200,100
2026-08-20T06:27:04,2200,2200,100
2026-08-20T06:28:06,2200,2200,100
2026-08-20T06:29:07,2200,2200,100
2026-08-20T06:30:09,2200,2200,100
2026-08-20T06:31:10,2200,2200,100
2026-08-20T06:32:12,2200,2200,100
2026-08-20T06:33:18,2200,2200,100
2026-08-20T06:34:19,2200,2200,100
2026-08-20T06:35:21,2200,2200,99
2026-08-20T06:36:22,2200,2200,100
2026-08-20T06:37:23,2200,2200,100
2026-08-20T06:38:25,2200,2200,71
2026-08-20T06:39:26,2200,2200,100
2026-08-20T06:40:28,2200,2200,100
2026-08-20T06:41:29,2200,2200,100
2026-08-20T06:42:31,2200,2200,99
2026-08-20T06:43:32,2200,2200,100
2026-08-20T06:44:34,2200,2200,67
2026-08-20T06:45:35,2200,2200,100
2026-08-20T06:46:37,2200,2200,100
2026-08-20T06:47:38,2200,2200,87
2026-08-20T06:48:40,2200,2200,100
2026-08-20T06:49:45,2200,2200,100
2026-08-20T06:50:47,2200,2200,100
2026-08-20T06:51:48,2200,2200,100
2026-08-20T06:52:50,2200,2200,100
2026-08-20T06:53:51,2200,2200,100
2026-08-20T06:54:53,2200,2200,100
2026-08-20T06:55:54,2200,2200,100
2026-08-20T06:56:56,2200,2200,100
2026-08-20T06:57:57,2200,2200,100
2026-08-20T06:58:59,2200,2200,100
2026-08-20T07:00:00,2200,2200,99
2026-08-20T07:01:02,2200,2200,98
2026-08-20T07:02:03,2200,2200,92
2026-08-20T07:03:04,2200,2200,100
2026-08-20T07:04:06,2200,2200,100
2026-08-20T07:05:07,2200,2200,100
2026-08-20T07:06:12,2200,2200,88
2026-08-20T07:07:13,2200,2200,100
2026-08-20T07:08:15,2200,2200,100
2026-08-20T07:09:16,2200,2200,100
2026-08-20T07:10:18,2200,2200,100
2026-08-20T07:11:19,2200,2200,100
2026-08-20T07:12:20,2200,2200,100
2026-08-20T07:13:22,2200,2200,100
2026-08-20T07:14:23,2200,2200,100
2026-08-20T07:15:25,2200,2200,100
2026-08-20T07:16:26,2200,2200,100
2026-08-20T07:17:28,2200,2200,100
2026-08-20T07:18:29,2200,2200,100
2026-08-20T07:19:31,2200,2200,100
2026-08-20T07:20:32,2200,2200,100
2026-08-20T07:21:34,2200,2200,100
2026-08-20T07:22:40,2200,2200,100
2026-08-20T07:23:41,2200,2200,100
2026-08-20T07:24:43,2200,2200,100
2026-08-20T07:25:44,2200,2200,100
2026-08-20T07:26:46,2200,2200,100
2026-08-20T07:27:47,2200,2200,100
2026-08-20T07:28:49,2200,2200,100
2026-08-20T07:29:50,2200,2200,100
2026-08-20T07:30:52,2200,2200,100
2026-08-20T07:31:53,2200,2200,100
2026-08-20T07:32:55,2200,2200,100
2026-08-20T07:33:56,2200,2200,100
2026-08-20T07:34:58,2200,2200,100
2026-08-20T07:35:59,2200,2200,100
2026-08-20T07:37:01,2200,2200,100
2026-08-20T07:38:02,2200,2200,100
2026-08-20T07:39:07,2200,2200,67
2026-08-20T07:40:08,2200,2200,100
2026-08-20T07:41:10,2200,2200,100
2026-08-20T07:42:12,2200,2200,55
2026-08-20T07:43:13,2200,2200,27
2026-08-20T07:44:15,2200,2200,100
2026-08-20T07:45:16,2200,2200,76
2026-08-20T07:46:18,2200,2200,100
2026-08-20T07:47:19,2200,2200,100
2026-08-20T07:48:21,2200,2200,100
2026-08-20T07:49:22,2200,2200,100
2026-08-20T07:50:24,2200,2200,100
2026-08-20T07:51:25,2200,2200,100
2026-08-20T07:52:27,2200,2200,61
2026-08-20T07:53:28,2200,2200,62
2026-08-20T07:54:30,2200,2200,97
2026-08-20T07:55:36,2200,2200,99
2026-08-20T07:56:37,2200,2200,99
2026-08-20T07:57:39,2200,2200,100
2026-08-20T07:58:40,2200,2200,72
2026-08-20T07:59:42,2200,2200,73
2026-08-20T08:00:43,2200,2200,99
2026-08-20T08:01:45,2200,2200,100
2026-08-20T08:02:46,2200,2200,92
2026-08-20T08:03:48,2200,2200,100
2026-08-20T08:04:49,2200,2200,64
2026-08-20T08:05:51,2200,2200,96
2026-08-20T08:06:52,2200,2200,92
2026-08-20T08:07:54,2200,2200,94
2026-08-20T08:08:55,2200,2200,56
2026-08-20T08:09:56,2200,2200,93
2026-08-20T08:10:58,2200,2200,61
2026-08-20T08:12:03,2200,2200,100
2026-08-20T08:13:05,2200,2200,92
2026-08-20T08:14:06,2200,2200,95
2026-08-20T08:15:08,2200,2200,85
2026-08-20T08:16:09,2200,2200,91
2026-08-20T08:17:11,2200,2200,90
2026-08-20T08:18:12,2200,2200,90
2026-08-20T08:19:13,2200,2200,97
2026-08-20T08:20:15,2200,2200,84
2026-08-20T08:21:16,2200,2200,91
2026-08-20T08:22:18,2200,2200,85
2026-08-20T08:23:19,2200,2200,100
2026-08-20T08:24:21,2200,2200,92
2026-08-20T08:25:22,2200,2200,81
2026-08-20T08:26:24,2200,2200,100
2026-08-20T08:27:25,2200,2200,95
2026-08-20T08:28:30,2200,2200,81
2026-08-20T08:29:32,2200,2200,84
2026-08-20T08:30:33,2200,2200,91
2026-08-20T08:31:35,2200,2200,81
2026-08-20T08:32:36,2200,2200,82
2026-08-20T08:33:38,2200,2200,86
2026-08-20T08:34:39,2200,2200,80
2026-08-20T08:35:41,2200,2200,92
2026-08-20T08:36:42,2200,2200,82
2026-08-20T08:37:43,2200,2200,91
2026-08-20T08:38:45,2200,2200,88
2026-08-20T08:39:46,2200,2200,92
2026-08-20T08:40:48,2200,2200,97
2026-08-20T08:41:49,2200,2200,93
2026-08-20T08:42:51,2200,2200,100
2026-08-20T08:43:52,2200,2200,94
2026-08-20T08:44:59,2200,2200,86
2026-08-20T08:46:01,2200,2200,99
2026-08-20T08:47:02,2200,2200,96
2026-08-20T08:48:04,2200,2200,79
2026-08-20T08:49:05,2200,2200,96
2026-08-20T08:50:07,2200,2200,99
2026-08-20T08:51:08,2200,2200,97
2026-08-20T08:52:10,2200,2200,86
2026-08-20T08:53:11,2200,2200,91
2026-08-20T08:54:13,2200,2200,89
2026-08-20T08:55:14,2200,2200,86
2026-08-20T08:56:16,2200,2200,70
2026-08-20T08:57:17,2200,2200,88
2026-08-20T08:58:19,2200,2200,100
2026-08-20T08:59:21,2200,2200,87
2026-08-20T09:00:22,2200,2200,90
2026-08-20T09:01:28,2200,2200,86
2026-08-20T09:02:29,2200,2200,85
2026-08-20T09:03:31,2200,2200,100
2026-08-20T09:04:32,2200,2200,93
2026-08-20T09:05:34,2200,2200,86
2026-08-20T09:06:35,2200,2200,97
2026-08-20T09:07:37,2200,2200,93
2026-08-20T09:08:38,2200,2200,95
2026-08-20T09:09:40,2200,2200,83
2026-08-20T09:10:41,2200,2200,82
2026-08-20T09:11:42,2200,2200,87
2026-08-20T09:12:44,2200,2200,90
2026-08-20T09:13:45,2200,2200,89
2026-08-20T09:14:47,2200,2200,80
2026-08-20T09:15:48,2200,2200,86
2026-08-20T09:16:50,2200,2200,91
2026-08-20T09:17:56,2200,2200,94
2026-08-20T09:18:57,2200,2200,82
2026-08-20T09:19:59,2200,2200,91
2026-08-20T09:21:00,2200,2200,98
2026-08-20T09:22:02,2200,2200,86
2026-08-20T09:23:03,2200,2200,77
2026-08-20T09:24:04,2200,2200,84
2026-08-20T09:25:06,2200,2200,84
2026-08-20T09:26:07,2200,2200,80
2026-08-20T09:27:09,2200,2200,82
2026-08-20T09:28:10,2200,2200,33
2026-08-20T09:29:12,2200,2200,83
2026-08-20T09:30:13,2200,2200,83
2026-08-20T09:31:15,2200,2200,92
2026-08-20T09:32:16,2200,2200,99
2026-08-20T09:33:18,2200,2200,89
2026-08-20T09:34:23,2200,2200,91
2026-08-20T09:35:24,2200,2200,95
2026-08-20T09:36:26,2200,2200,78
2026-08-20T09:37:27,2200,2200,86
2026-08-20T09:38:29,2200,2200,84
2026-08-20T09:39:30,2200,2200,27
2026-08-20T09:40:32,2200,2200,46
2026-08-20T09:41:33,2200,2200,87
2026-08-20T09:42:35,2200,2200,80
2026-08-20T09:43:36,2200,2200,83
2026-08-20T09:44:37,2200,2200,77
2026-08-20T09:45:39,2200,2200,79
2026-08-20T09:46:40,2200,2200,87
2026-08-20T09:47:42,2200,2200,85
2026-08-20T09:48:43,2200,2200,87
2026-08-20T09:49:45,2200,2200,78
2026-08-20T09:50:50,2200,2200,87
2026-08-20T09:51:51,2200,2200,85
2026-08-20T09:52:53,2200,2200,88
2026-08-20T09:53:54,2200,2200,79
2026-08-20T09:54:56,2200,2200,80
2026-08-20T09:55:57,2200,2200,80
2026-08-20T09:56:59,2200,2200,80
2026-08-20T09:58:00,2200,2200,85
2026-08-20T09:59:02,2200,2200,100
2026-08-20T10:00:03,2200,2200,79
2026-08-20T10:01:04,2200,2200,77
2026-08-20T10:02:06,2200,2200,75
2026-08-20T10:03:07,2200,2200,78
2026-08-20T10:04:09,2200,2200,83
2026-08-20T10:05:10,2200,2200,83
2026-08-20T10:06:12,2200,2200,88
2026-08-20T10:07:17,2200,2200,90
2026-08-20T10:08:18,2200,2200,74
2026-08-20T10:09:20,2200,2200,97
2026-08-20T10:10:21,2200,2200,76
2026-08-20T10:11:23,2200,2200,82
2026-08-20T10:12:24,2200,2200,76
2026-08-20T10:13:26,2200,2200,87
2026-08-20T10:14:27,2200,2200,38
2026-08-20T10:15:28,2200,2200,75
2026-08-20T10:16:30,2200,2200,76
2026-08-20T10:17:31,2200,2200,79
2026-08-20T10:18:33,2200,2200,83
2026-08-20T10:19:34,2200,2200,93
2026-08-20T10:20:36,2200,2200,85
2026-08-20T10:21:37,2200,2200,80
2026-08-20T10:22:39,2200,2200,82
2026-08-20T10:23:43,2200,2200,78
2026-08-20T10:24:45,2200,2200,71
2026-08-20T10:25:46,2200,2200,85
2026-08-20T10:26:48,2200,2200,83
2026-08-20T10:27:49,2200,2200,73
2026-08-20T10:28:51,2200,2200,75
2026-08-20T10:29:52,2200,2200,83
2026-08-20T10:30:54,2200,2200,81
2026-08-20T10:31:55,2200,2200,77
2026-08-20T10:32:57,2200,2200,89
2026-08-20T10:33:58,2200,2200,84
2026-08-20T10:34:59,2200,2200,80
2026-08-20T10:36:01,2200,2200,82
2026-08-20T10:37:02,2200,2200,81
2026-08-20T10:38:04,2200,2200,77
2026-08-20T10:39:05,2200,2200,74
2026-08-20T10:40:09,2200,2200,77
2026-08-20T10:41:11,2200,2200,77
2026-08-20T10:42:12,2200,2200,97
2026-08-20T10:43:14,2200,2200,77
2026-08-20T10:44:15,2200,2200,81
2026-08-20T10:45:16,2200,2200,47
2026-08-20T10:46:18,2200,2200,37
2026-08-20T10:47:19,2200,2200,89
2026-08-20T10:48:21,2200,2200,84
2026-08-20T10:49:22,2200,2200,79
2026-08-20T10:50:24,2200,2200,100
2026-08-20T10:51:25,2200,2200,84
2026-08-20T10:52:26,2200,2200,85
2026-08-20T10:53:28,2200,2200,84
2026-08-20T10:54:29,2200,2200,87
2026-08-20T10:55:31,2200,2200,80
2026-08-20T10:56:36,2200,2200,94
2026-08-20T10:57:37,2200,2200,81
2026-08-20T10:58:39,2200,2200,92
2026-08-20T10:59:40,2200,2200,95
2026-08-20T11:00:42,2200,2200,76
2026-08-20T11:01:43,2200,2200,85
2026-08-20T11:02:45,2200,2200,99
2026-08-20T11:03:46,2200,2200,78
2026-08-20T11:04:48,2200,2200,83
2026-08-20T11:05:49,2200,2200,100
2026-08-20T11:06:51,2200,2200,72
2026-08-20T11:07:52,2200,2200,83
2026-08-20T11:08:53,2200,2200,78
2026-08-20T11:09:55,2200,2200,98
2026-08-20T11:10:56,2200,2200,79
2026-08-20T11:11:58,2200,2200,75
2026-08-20T11:13:03,2200,2200,89
2026-08-20T11:14:05,2200,2200,84
2026-08-20T11:15:06,2200,2200,99
2026-08-20T11:16:08,2200,2200,84
2026-08-20T11:17:09,2200,2200,100
2026-08-20T11:18:11,2200,2200,100
2026-08-20T11:19:12,2200,2200,100
2026-08-20T11:20:13,2200,2200,100
2026-08-20T11:21:15,2200,2200,100
2026-08-20T11:22:16,2200,2200,100
2026-08-20T11:23:18,2200,2200,100
2026-08-20T11:24:19,2200,2200,100
2026-08-20T11:25:21,2200,2200,100
2026-08-20T11:26:22,2200,2200,100
2026-08-20T11:27:23,2200,2200,100
2026-08-20T11:28:25,2200,2200,100
2026-08-20T11:29:30,2200,2200,100
2026-08-20T11:30:31,2200,2200,100
2026-08-20T11:31:33,2200,2200,100
2026-08-20T11:32:34,2200,2200,100
2026-08-20T11:33:36,2200,2200,100
2026-08-20T11:34:37,2200,2200,100
2026-08-20T11:35:39,2200,2200,100
2026-08-20T11:36:40,2200,2200,100
2026-08-20T11:37:42,2200,2200,100
2026-08-20T11:38:43,2200,2200,100
2026-08-20T11:39:45,2200,2200,100
2026-08-20T11:40:46,2200,2200,100
2026-08-20T11:41:47,2200,2200,100
2026-08-20T11:42:49,2200,2200,100
2026-08-20T11:43:50,2200,2200,100
2026-08-20T11:44:52,2200,2200,100
2026-08-20T11:45:56,2200,2200,59
2026-08-20T11:46:57,2200,2200,57
2026-08-20T11:47:59,2200,2200,20
2026-08-20T11:49:00,2200,2200,75
2026-08-20T11:50:01,2200,2200,83
2026-08-20T11:51:03,2200,2200,68
2026-08-20T11:52:04,2200,2200,80
2026-08-20T11:53:06,2200,2200,100
2026-08-20T11:54:07,2200,2200,59
2026-08-20T11:55:09,2200,2200,67
2026-08-20T11:56:10,2200,2200,100
2026-08-20T11:57:12,2200,2200,89
2026-08-20T11:58:13,2200,2200,59
2026-08-20T11:59:15,2200,2200,68
2026-08-20T12:00:17,2200,2200,100
2026-08-20T12:01:18,2200,2200,99
2026-08-20T12:02:22,2200,2200,65
2026-08-20T12:03:24,2200,2200,100
2026-08-20T12:04:25,2200,2200,100
2026-08-20T12:05:27,2200,2200,61
2026-08-20T12:06:28,2200,2200,59
2026-08-20T12:07:30,2200,2200,78
2026-08-20T12:08:31,2200,2200,88
2026-08-20T12:09:32,2200,2200,100
2026-08-20T12:10:34,2200,2200,38
2026-08-20T12:11:35,2200,2200,64
2026-08-20T12:12:37,2200,2200,62
2026-08-20T12:13:38,2200,2200,100
2026-08-20T12:14:40,2200,2200,84
2026-08-20T12:15:41,2200,2200,14
2026-08-20T12:16:42,2200,2200,65
2026-08-20T12:17:44,2200,2200,98
2026-08-20T12:18:49,2200,2200,100
2026-08-20T12:19:50,2200,2200,99
2026-08-20T12:20:52,2200,2200,100
2026-08-20T12:21:53,2200,2200,100
2026-08-20T12:22:55,2200,2200,61
2026-08-20T12:23:56,2200,2200,100
2026-08-20T12:24:58,2200,2200,63
2026-08-20T12:25:59,2200,2200,99
2026-08-20T12:27:00,2200,2200,98
2026-08-20T12:28:02,2200,2200,100
2026-08-20T12:29:03,2200,2200,100
2026-08-20T12:30:05,2200,2200,100
2026-08-20T12:31:06,2200,2200,68
2026-08-20T12:32:08,2200,2200,99
2026-08-20T12:33:09,2200,2200,100
2026-08-20T12:34:11,2200,2200,100
2026-08-20T12:35:16,2200,2200,87
2026-08-20T12:36:17,2200,2200,61
2026-08-20T12:37:18,2200,2200,83
2026-08-20T12:38:20,2200,2200,100
2026-08-20T12:39:21,2200,2200,100
2026-08-20T12:40:23,2200,2200,100
2026-08-20T12:41:24,2200,2200,65
2026-08-20T12:42:26,2200,2200,82
2026-08-20T12:43:27,2200,2200,65
2026-08-20T12:44:28,2200,2200,75
2026-08-20T12:45:30,2200,2200,62
2026-08-20T12:46:31,2200,2200,60
2026-08-20T12:47:33,2200,2200,60
2026-08-20T12:48:34,2200,2200,65
2026-08-20T12:49:35,2200,2200,59
2026-08-20T12:50:37,2200,2200,62
2026-08-20T12:51:41,2200,2200,61
2026-08-20T12:52:43,2200,2200,59
2026-08-20T12:53:44,2200,2200,66
2026-08-20T12:54:46,2200,2200,74
2026-08-20T12:55:47,2200,2200,100
2026-08-20T12:56:49,2200,2200,100
2026-08-20T12:57:50,2200,2200,100
2026-08-20T12:58:51,2200,2200,100
2026-08-20T12:59:53,2200,2200,100
2026-08-20T13:00:54,2200,2200,100
2026-08-20T13:01:56,2200,2200,100
2026-08-20T13:02:57,2200,2200,99
2026-08-20T13:03:59,2200,2200,60
2026-08-20T13:05:00,2200,2200,100
2026-08-20T13:06:02,2200,2200,100
2026-08-20T13:07:03,2200,2200,99
2026-08-20T13:08:09,2200,2200,100
2026-08-20T13:09:11,2200,2200,99
2026-08-20T13:10:12,2200,2200,100
2026-08-20T13:11:15,2200,2200,92
2026-08-20T13:12:16,2200,2200,100
2026-08-20T13:13:18,2200,2200,100
2026-08-20T13:14:19,2200,2200,100
2026-08-20T13:15:21,2200,2200,100
2026-08-20T13:16:22,2200,2200,92
2026-08-20T13:17:23,2200,2200,98
2026-08-20T13:18:25,2200,2200,100
2026-08-20T13:19:26,2200,2200,100
2026-08-20T13:20:28,2200,2200,100
2026-08-20T13:21:29,2200,2200,100
2026-08-20T13:22:31,2200,2200,100
2026-08-20T13:23:32,2200,2200,100
2026-08-20T13:24:37,2200,2200,100
2026-08-20T13:25:39,2200,2200,100
2026-08-20T13:26:40,2200,2200,100
2026-08-20T13:27:43,2200,2200,100
2026-08-20T13:28:44,2200,2200,100
2026-08-20T13:29:46,2200,2200,100
2026-08-20T13:30:47,2200,2200,100
2026-08-20T13:31:49,2200,2200,100
2026-08-20T13:32:50,2200,2200,100
2026-08-20T13:33:52,2200,2200,100
2026-08-20T13:34:53,2200,2200,100
2026-08-20T13:35:55,2200,2200,100
2026-08-20T13:36:57,2200,2200,100
2026-08-20T13:37:58,2200,2200,100
2026-08-20T13:39:00,2200,2200,100
2026-08-20T13:40:01,2200,2200,100
2026-08-20T13:41:07,2200,2200,100
2026-08-20T13:42:09,2200,2200,100
2026-08-20T13:43:10,2200,2200,100
2026-08-20T13:44:12,2200,2200,100
2026-08-20T13:45:13,2200,2200,100
2026-08-20T13:46:14,2200,2200,70
2026-08-20T13:47:16,2200,2200,99
2026-08-20T13:48:17,2200,2200,100
2026-08-20T13:49:19,2200,2200,98
2026-08-20T13:50:20,2200,2200,100
2026-08-20T13:51:22,2200,2200,94
2026-08-20T13:52:23,2200,2200,100
2026-08-20T13:53:25,2200,2200,100
2026-08-20T13:54:26,2200,2200,79
2026-08-20T13:55:28,2200,2200,100
2026-08-20T13:56:29,2200,2200,100
2026-08-20T13:57:35,2200,2200,100
2026-08-20T13:58:37,2200,2200,100
2026-08-20T13:59:38,2200,2200,100
2026-08-20T14:00:40,2200,2200,100
2026-08-20T14:01:41,2200,2200,100
2026-08-20T14:02:43,2200,2200,100
2026-08-20T14:03:44,2200,2200,98
2026-08-20T14:04:46,2200,2200,99
2026-08-20T14:05:47,2200,2200,100
2026-08-20T14:06:49,2200,2200,100
2026-08-20T14:07:50,2200,2200,100
2026-08-20T14:08:52,2200,2200,100
2026-08-20T14:09:53,2200,2200,100
2026-08-20T14:10:55,2200,2200,96
2026-08-20T14:11:56,2200,2200,100
2026-08-20T14:12:58,2200,2200,98
2026-08-20T14:14:02,2200,2200,100
2026-08-20T14:15:04,2200,2200,100
2026-08-20T14:16:05,2200,2200,100
2026-08-20T14:17:07,2200,2200,99
2026-08-20T14:18:08,2200,2200,100
2026-08-20T14:19:10,2200,2200,77
2026-08-20T14:20:11,2200,2200,62
2026-08-20T14:21:13,2200,2200,100
2026-08-20T14:22:14,2200,2200,100
2026-08-20T14:23:16,2200,2200,100
2026-08-20T14:24:17,2200,2200,100
2026-08-20T14:25:19,2200,2200,100
2026-08-20T14:26:20,2200,2200,100
2026-08-20T14:27:22,2200,2200,100
2026-08-20T14:28:23,2200,2200,100
2026-08-20T14:29:25,2200,2200,100
2026-08-20T14:30:29,2200,2200,100
2026-08-20T14:31:31,2200,2200,100
2026-08-20T14:32:32,2200,2200,100
2026-08-20T14:33:34,2200,2200,100
2026-08-20T14:34:35,2200,2200,100
2026-08-20T14:35:37,2200,2200,99
2026-08-20T14:36:38,2200,2200,100
2026-08-20T14:37:40,2200,2200,100
2026-08-20T14:38:41,2200,2200,100
2026-08-20T14:39:43,2200,2200,100
2026-08-20T14:40:44,2200,2200,100
2026-08-20T14:41:46,2200,2200,100
2026-08-20T14:42:47,2200,2200,100
2026-08-20T14:43:49,2200,2200,67
2026-08-20T14:44:50,2200,2200,100
2026-08-20T14:45:52,2200,2200,100
2026-08-20T14:46:57,2200,2200,99
2026-08-20T14:47:58,2200,2200,100
2026-08-20T14:49:00,2200,2200,100
2026-08-20T14:50:02,2200,2200,100
2026-08-20T14:51:03,2200,2200,100
2026-08-20T14:52:05,2200,2200,100
2026-08-20T14:53:06,2200,2200,100
2026-08-20T14:54:08,2200,2200,100
2026-08-20T14:55:09,2200,2200,99
2026-08-20T14:56:11,2200,2200,99
2026-08-20T14:57:12,2200,2200,100
2026-08-20T14:58:14,2200,2200,99
2026-08-20T14:59:15,2200,2200,99
2026-08-20T15:00:17,2200,2200,96
2026-08-20T15:01:18,2200,2200,100
2026-08-20T15:02:19,2200,2200,99
2026-08-20T15:03:25,2200,2200,100
2026-08-20T15:04:27,2200,2200,99
2026-08-20T15:05:28,2200,2200,90
2026-08-20T15:06:30,2200,2200,100
2026-08-20T15:07:32,2200,2200,100
2026-08-20T15:08:33,2200,2200,100
2026-08-20T15:09:35,2200,2200,100
2026-08-20T15:10:36,2200,2200,100
2026-08-20T15:11:38,2200,2200,100
2026-08-20T15:12:39,2200,2200,100
2026-08-20T15:13:41,2200,2200,99
2026-08-20T15:14:42,2200,2200,98
2026-08-20T15:15:44,2200,2200,99
2026-08-20T15:16:45,2200,2200,80
2026-08-20T15:17:47,2200,2200,100
2026-08-20T15:18:48,2200,2200,99
2026-08-20T15:19:53,2200,2200,96
2026-08-20T15:20:55,2200,2200,78
2026-08-20T15:21:56,2200,2200,99
2026-08-20T15:22:59,2200,2200,100
2026-08-20T15:24:00,2200,2200,99
2026-08-20T15:25:01,2200,2200,79
2026-08-20T15:26:03,2200,2200,74
2026-08-20T15:27:04,2200,2200,98
2026-08-20T15:28:06,2200,2200,99
2026-08-20T15:29:07,2200,2200,93
2026-08-20T15:30:09,2200,2200,99
2026-08-20T15:31:10,2200,2200,97
2026-08-20T15:32:12,2200,2200,98
2026-08-20T15:33:13,2200,2200,96
2026-08-20T15:34:15,2200,2200,99
2026-08-20T15:35:16,2200,2200,96
2026-08-20T15:36:22,2200,2200,94
2026-08-20T15:37:23,2200,2200,98
2026-08-20T15:38:25,2200,2200,96
2026-08-20T15:39:26,2200,2200,98
2026-08-20T15:40:28,2200,2200,90
2026-08-20T15:41:29,2200,2200,98
2026-08-20T15:42:31,2200,2200,96
2026-08-20T15:43:32,2200,2200,99
2026-08-20T15:44:34,2200,2200,50
2026-08-20T15:45:35,2200,2200,5
2026-08-20T15:46:37,2200,2200,24
2026-08-20T15:47:38,2200,2200,56
2026-08-20T15:48:39,2200,2200,60
2026-08-20T15:49:41,2200,2200,49
2026-08-20T15:50:42,2200,2200,88
2026-08-20T15:51:44,2200,2200,55
2026-08-20T15:52:48,2200,2200,54
2026-08-20T15:53:49,2200,2200,51
2026-08-20T15:54:51,2200,2200,22
2026-08-20T15:55:52,2200,2200,65
2026-08-20T15:56:54,2200,2200,56
2026-08-20T15:57:55,2200,2200,36
2026-08-20T15:58:56,2200,2200,100
2026-08-20T15:59:58,2200,2200,98
2026-08-20T16:00:59,2200,2200,71
2026-08-20T16:02:01,2200,2200,57
2026-08-20T16:03:02,2200,2200,90
2026-08-20T16:04:03,2200,2200,61
2026-08-20T16:05:05,2200,2200,55
2026-08-20T16:06:06,2200,2200,63
2026-08-20T16:07:08,2200,2200,55
2026-08-20T16:08:09,2200,2200,64
2026-08-20T16:09:13,2200,2200,60
2026-08-20T16:10:14,2200,2200,54
2026-08-20T16:11:16,2200,2200,54
2026-08-20T16:12:17,2200,2200,57
2026-08-20T16:13:19,2200,2200,94
2026-08-20T16:14:20,2200,2200,59
2026-08-20T16:15:22,2200,2200,55
2026-08-20T16:16:23,2200,2200,57
2026-08-20T16:17:24,2200,2200,68
2026-08-20T16:18:26,2200,2200,58
2026-08-20T16:19:27,2200,2200,63
2026-08-20T16:20:29,2200,2200,60
2026-08-20T16:21:30,2200,2200,93
2026-08-20T16:22:31,2200,2200,56
2026-08-20T16:23:33,2200,2200,82
2026-08-20T16:24:34,2200,2200,53
2026-08-20T16:25:38,2200,2200,65
2026-08-20T16:26:40,2200,2200,95
2026-08-20T16:27:41,2200,2200,59
2026-08-20T16:28:43,2200,2200,20
2026-08-20T16:29:44,2200,2200,57
2026-08-20T16:30:45,2200,2200,19
2026-08-20T16:31:47,2200,2200,100
2026-08-20T16:32:48,2200,2200,57
2026-08-20T16:33:50,2200,2200,57
2026-08-20T16:34:51,2200,2200,58
2026-08-20T16:35:52,2200,2200,63
2026-08-20T16:36:54,2200,2200,47
2026-08-20T16:37:56,2200,2200,54
2026-08-20T16:38:57,2200,2200,54
2026-08-20T16:39:59,2200,2200,54
2026-08-20T16:41:00,2200,2200,55
2026-08-20T16:42:04,2200,2200,61
2026-08-20T16:43:06,2200,2200,65
2026-08-20T16:44:07,2200,2200,70
2026-08-20T16:45:09,2200,2200,99
2026-08-20T16:46:10,2200,2200,98
2026-08-20T16:47:12,2200,2200,100
2026-08-20T16:48:13,2200,2200,100
2026-08-20T16:49:14,2200,2200,97
2026-08-20T16:50:16,2200,2200,100
2026-08-20T16:51:17,2200,2200,100
2026-08-20T16:52:19,2200,2200,99
2026-08-20T16:53:20,2200,2200,67
2026-08-20T16:54:22,2200,2200,22
2026-08-20T16:55:23,2200,2200,65
2026-08-20T16:56:24,2200,2200,56
2026-08-20T16:57:26,2200,2200,57
2026-08-20T16:58:29,2200,2200,15
2026-08-20T16:59:31,2200,2200,15
2026-08-20T17:00:32,2200,2200,86
2026-08-20T17:01:34,2200,2200,25
2026-08-20T17:02:35,2200,2200,49
2026-08-20T17:03:36,2200,2200,83
2026-08-20T17:04:38,2200,2200,57
2026-08-20T17:05:39,2200,2200,55
2026-08-20T17:06:41,2200,2200,40
2026-08-20T17:07:42,2200,2200,22
2026-08-20T17:08:43,2200,2200,62
2026-08-20T17:09:45,2200,2200,67
2026-08-20T17:10:46,2200,2200,78
2026-08-20T17:11:48,2200,2200,46
2026-08-20T17:12:49,2200,2200,59
2026-08-20T17:13:51,2200,2200,60
2026-08-20T17:14:55,2200,2200,74
2026-08-20T17:15:57,2200,2200,33
2026-08-20T17:16:58,2200,2200,55
2026-08-20T17:18:00,2200,2200,79
2026-08-20T17:19:01,2200,2200,72
2026-08-20T17:20:03,2200,2200,62
2026-08-20T17:21:04,2200,2200,32
2026-08-20T17:22:05,2200,2200,64
2026-08-20T17:23:07,2200,2200,61
2026-08-20T17:24:08,2200,2200,63
2026-08-20T17:25:10,2200,2200,63
2026-08-20T17:26:11,2200,2200,12
2026-08-20T17:27:13,2200,2200,42
2026-08-20T17:28:14,2200,2200,60
2026-08-20T17:29:15,2200,2200,24
2026-08-20T17:30:17,2200,2200,100
2026-08-20T17:31:21,2200,2200,100
2026-08-20T17:32:23,2200,2200,100
2026-08-20T17:33:25,2200,2200,100
2026-08-20T17:34:26,2200,2200,100
2026-08-20T17:35:27,2200,2200,100
2026-08-20T17:36:29,2200,2200,100
2026-08-20T17:37:30,2200,2200,100
2026-08-20T17:38:32,2200,2200,100
2026-08-20T17:39:33,2200,2200,100
2026-08-20T17:40:35,2200,2200,100
2026-08-20T17:41:36,2200,2200,100
2026-08-20T17:42:37,2200,2200,100
2026-08-20T17:43:39,2200,2200,100
2026-08-20T17:44:40,2200,2200,12
2026-08-20T17:45:42,2200,2200,54
2026-08-20T17:46:43,2200,2200,79
2026-08-20T17:47:47,2200,2200,65
2026-08-20T17:48:49,2200,2200,63
2026-08-20T17:49:50,2200,2200,58
2026-08-20T17:50:52,2200,2200,22
2026-08-20T17:51:53,2200,2200,57
2026-08-20T17:52:54,2200,2200,62
2026-08-20T17:53:56,2200,2200,99
2026-08-20T17:54:57,2200,2200,66
2026-08-20T17:55:59,2200,2200,56
2026-08-20T17:57:00,2200,2200,73
2026-08-20T17:58:02,2200,2200,61
2026-08-20T17:59:03,2200,2200,99
2026-08-20T18:00:04,2200,2200,66
2026-08-20T18:01:06,2200,2200,86
2026-08-20T18:02:07,2200,2200,63
2026-08-20T18:03:09,2200,2200,64
2026-08-20T18:04:13,2200,2200,59
2026-08-20T18:05:14,2200,2200,56
2026-08-20T18:06:16,2200,2200,53
2026-08-20T18:07:17,2200,2200,56
2026-08-20T18:08:19,2200,2200,60
2026-08-20T18:09:20,2200,2200,65
2026-08-20T18:10:21,2200,2200,79
2026-08-20T18:11:23,2200,2200,71
2026-08-20T18:12:24,2200,2200,65
2026-08-20T18:13:26,2200,2200,90
2026-08-20T18:14:27,2200,2200,100
2026-08-20T18:15:29,2200,2200,88
2026-08-20T18:16:30,2200,2200,100
2026-08-20T18:17:32,2200,2200,100
2026-08-20T18:18:33,2200,2200,100
2026-08-20T18:19:35,2200,2200,78
2026-08-20T18:20:39,2200,2200,95
2026-08-20T18:21:41,2200,2200,100
2026-08-20T18:22:42,2200,2200,100
2026-08-20T18:23:45,2200,2200,100
2026-08-20T18:24:46,2200,2200,61
2026-08-20T18:25:48,2200,2200,66
2026-08-20T18:26:49,2200,2200,94
2026-08-20T18:27:51,2200,2200,59
2026-08-20T18:28:52,2200,2200,73
2026-08-20T18:29:53,2200,2200,98
2026-08-20T18:30:55,2200,2200,76
2026-08-20T18:31:56,2200,2200,72
2026-08-20T18:32:58,2200,2200,84
2026-08-20T18:33:59,2200,2200,64
2026-08-20T18:35:01,2200,2200,100
2026-08-20T18:36:02,2200,2200,64
2026-08-20T18:37:07,2200,2200,63
2026-08-20T18:38:08,2200,2200,63
2026-08-20T18:39:10,2200,2200,67
2026-08-20T18:40:11,2200,2200,50
2026-08-20T18:41:12,2200,2200,29
2026-08-20T18:42:14,2200,2200,59
2026-08-20T18:43:15,2200,2200,90
2026-08-20T18:44:17,2200,2200,61
2026-08-20T18:45:18,2200,2200,65
2026-08-20T18:46:19,2200,2200,53
2026-08-20T18:47:21,2200,2200,55
2026-08-20T18:48:22,2200,2200,78
2026-08-20T18:49:24,2200,2200,68
2026-08-20T18:50:25,2200,2200,47
2026-08-20T18:51:26,2200,2200,34
2026-08-20T18:52:28,2200,2200,27
2026-08-20T18:53:32,2200,2200,32
2026-08-20T18:54:34,2200,2200,23
2026-08-20T18:55:35,2200,2200,29
2026-08-20T18:56:36,2200,2200,24
2026-08-20T18:57:38,2200,2200,89
2026-08-20T18:58:39,2200,2200,24
2026-08-20T18:59:40,2200,2200,42
2026-08-20T19:00:42,2200,2200,99
2026-08-20T19:01:43,2200,2200,81
2026-08-20T19:02:45,2200,2200,97
2026-08-20T19:03:46,2200,2200,75
2026-08-20T19:04:48,2200,2200,71
2026-08-20T19:05:49,2200,2200,100
2026-08-20T19:06:51,2200,2200,100
2026-08-20T19:07:52,2200,2200,99
2026-08-20T19:08:54,2200,2200,99
2026-08-20T19:09:58,2200,2200,100
2026-08-20T19:11:00,2200,2200,100
2026-08-20T19:12:01,2200,2200,100
2026-08-20T19:13:03,2200,2200,100
2026-08-20T19:14:04,2200,2200,81
2026-08-20T19:15:05,2200,2200,67
2026-08-20T19:16:07,2200,2200,64
2026-08-20T19:17:08,2200,2200,100
2026-08-20T19:18:10,2200,2200,84
2026-08-20T19:19:11,2200,2200,63
2026-08-20T19:20:13,2200,2200,64
2026-08-20T19:21:14,2200,2200,75
2026-08-20T19:22:16,2200,2200,75
2026-08-20T19:23:17,2200,2200,81
2026-08-20T19:24:18,2200,2200,88
2026-08-20T19:25:20,2200,2200,61
2026-08-20T19:26:24,2200,2200,68
2026-08-20T19:27:26,2200,2200,100
2026-08-20T19:28:27,2200,2200,61
2026-08-20T19:29:28,2200,2200,66
2026-08-20T19:30:30,2200,2200,100
2026-08-20T19:31:31,2200,2200,65
2026-08-20T19:32:33,2200,2200,76
2026-08-20T19:33:34,2200,2200,28
2026-08-20T19:34:36,2200,2200,67
2026-08-20T19:35:37,2200,2200,100
2026-08-20T19:36:38,2200,2200,89
2026-08-20T19:37:40,2200,2200,100
2026-08-20T19:38:41,2200,2200,61
2026-08-20T19:39:43,2200,2200,94
2026-08-20T19:40:44,2200,2200,89
2026-08-20T19:41:46,2200,2200,72
2026-08-20T19:42:50,2200,2200,100
2026-08-20T19:43:52,2200,2200,68
2026-08-20T19:44:53,2200,2200,24
2026-08-20T19:45:55,2200,2200,72
2026-08-20T19:46:56,2200,2200,99
2026-08-20T19:47:57,2200,2200,98
2026-08-20T19:48:59,2200,2200,100
2026-08-20T19:50:00,2200,2200,100
2026-08-20T19:51:02,2200,2200,100
2026-08-20T19:52:03,2200,2200,96
2026-08-20T19:53:05,2200,2200,100
2026-08-20T19:54:06,2200,2200,100
2026-08-20T19:55:08,2200,2200,81
2026-08-20T19:56:09,2200,2200,97
2026-08-20T19:57:10,2200,2200,66
2026-08-20T19:58:12,2200,2200,100
2026-08-20T19:59:16,2200,2200,35
2026-08-20T20:00:18,2200,2200,99
2026-08-20T20:01:19,2200,2200,79
2026-08-20T20:02:20,2200,2200,23
2026-08-20T20:03:22,2200,2200,100
2026-08-20T20:04:23,2200,2200,78
2026-08-20T20:05:25,2200,2200,62
2026-08-20T20:06:26,2200,2200,63
2026-08-20T20:07:27,2200,2200,68
2026-08-20T20:08:29,2200,2200,100
2026-08-20T20:09:30,2200,2200,100
2026-08-20T20:10:32,2200,2200,68
2026-08-20T20:11:33,2200,2200,72
2026-08-20T20:12:35,2200,2200,61
2026-08-20T20:13:36,2200,2200,78
2026-08-20T20:14:38,2200,2200,64
2026-08-20T20:15:42,2200,2200,35
2026-08-20T20:16:44,2200,2200,79
2026-08-20T20:17:45,2200,2200,77
2026-08-20T20:18:46,2200,2200,66
2026-08-20T20:19:48,2200,2200,72
2026-08-20T20:20:49,2200,2200,71
2026-08-20T20:21:51,2200,2200,68
2026-08-20T20:22:52,2200,2200,60
2026-08-20T20:23:54,2200,2200,79
2026-08-20T20:24:55,2200,2200,75
2026-08-20T20:25:56,2200,2200,79
2026-08-20T20:26:58,2200,2200,32
2026-08-20T20:27:59,2200,2200,78
2026-08-20T20:29:01,2200,2200,79
2026-08-20T20:30:02,2200,2200,73
2026-08-20T20:31:04,2200,2200,68
2026-08-20T20:32:09,2200,2200,77
2026-08-20T20:33:10,2200,2200,100
2026-08-20T20:34:12,2200,2200,100
2026-08-20T20:35:13,2200,2200,100
2026-08-20T20:36:15,2200,2200,87
2026-08-20T20:37:16,2200,2200,75
2026-08-20T20:38:18,2200,2200,100
2026-08-20T20:39:19,2200,2200,100
2026-08-20T20:40:20,2200,2200,80
2026-08-20T20:41:22,2200,2200,100
2026-08-20T20:42:23,2200,2200,70
2026-08-20T20:43:25,2200,2200,79
2026-08-20T20:44:26,2200,2200,68
2026-08-20T20:45:28,2200,2200,78
2026-08-20T20:46:29,2200,2200,71
2026-08-20T20:47:31,2200,2200,36
2026-08-20T20:48:35,2200,2200,40
2026-08-20T20:49:36,2200,2200,43
2026-08-20T20:50:38,2200,2200,15
2026-08-20T20:51:39,2200,2200,76
2026-08-20T20:52:41,2200,2200,74
2026-08-20T20:53:42,2200,2200,77
2026-08-20T20:54:44,2200,2200,87
2026-08-20T20:55:45,2200,2200,100
2026-08-20T20:56:47,2200,2200,63
2026-08-20T20:57:48,2200,2200,100
2026-08-20T20:58:49,2200,2200,19
2026-08-20T20:59:51,2200,2200,75
2026-08-20T21:00:52,2200,2200,27
2026-08-20T21:01:54,2200,2200,31
2026-08-20T21:02:55,2200,2200,41
2026-08-20T21:03:57,2200,2200,34
2026-08-20T21:05:01,2200,2200,76
2026-08-20T21:06:02,2200,2200,66
2026-08-20T21:07:04,2200,2200,84
2026-08-20T21:08:05,2200,2200,48
2026-08-20T21:09:07,2200,2200,48
2026-08-20T21:10:08,2200,2200,73
2026-08-20T21:11:10,2200,2200,100
2026-08-20T21:12:11,2200,2200,58
2026-08-20T21:13:13,2200,2200,96
2026-08-20T21:14:14,2200,2200,33
2026-08-20T21:15:15,2200,2200,100
2026-08-20T21:16:17,2200,2200,100
2026-08-20T21:17:18,2200,2200,35
2026-08-20T21:18:20,2200,2200,78
2026-08-20T21:19:21,2200,2200,100
2026-08-20T21:20:23,2200,2200,92
2026-08-20T21:21:28,2200,2200,100
2026-08-20T21:22:30,2200,2200,46
2026-08-20T21:23:31,2200,2200,73
2026-08-20T21:24:33,2200,2200,91
2026-08-20T21:25:34,2200,2200,100
2026-08-20T21:26:36,2200,2200,92
2026-08-20T21:27:37,2200,2200,100
2026-08-20T21:28:38,2200,2200,63
2026-08-20T21:29:40,2200,2200,62
2026-08-20T21:30:41,2200,2200,18
2026-08-20T21:31:43,2200,2200,79
2026-08-20T21:32:44,2200,2200,57
2026-08-20T21:33:46,2200,2200,63
2026-08-20T21:34:47,2200,2200,61
2026-08-20T21:35:48,2200,2200,44
2026-08-20T21:36:50,2200,2200,64
2026-08-20T21:37:54,2200,2200,64
2026-08-20T21:38:56,2200,2200,59
2026-08-20T21:39:57,2200,2200,100
2026-08-20T21:40:58,2200,2200,70
2026-08-20T21:42:00,2200,2200,62
2026-08-20T21:43:01,2200,2200,49
2026-08-20T21:44:03,2200,2200,63
2026-08-20T21:45:04,2200,2200,34
2026-08-20T21:46:05,2200,2200,62
2026-08-20T21:47:07,2200,2200,24
2026-08-20T21:48:08,2200,2200,65
2026-08-20T21:49:10,2200,2200,52
2026-08-20T21:50:11,2200,2200,74
2026-08-20T21:51:12,2200,2200,53
2026-08-20T21:52:14,2200,2200,61
2026-08-20T21:53:15,2200,2200,62
2026-08-20T21:54:19,2200,2200,73
2026-08-20T21:55:21,2200,2200,100
2026-08-20T21:56:22,2200,2200,74
2026-08-20T21:57:24,2200,2200,72
2026-08-20T21:58:25,2200,2200,66
2026-08-20T21:59:27,2200,2200,75
2026-08-20T22:00:28,2200,2200,100
2026-08-20T22:01:29,2200,2200,77
2026-08-20T22:02:31,2200,2200,100
2026-08-20T22:03:32,2200,2200,100
2026-08-20T22:04:34,2200,2200,69
2026-08-20T22:05:35,2200,2200,64
2026-08-20T22:06:37,2200,2200,100
2026-08-20T22:07:38,2200,2200,100
2026-08-20T22:08:40,2200,2200,75
2026-08-20T22:09:41,2200,2200,100
2026-08-20T22:10:46,2200,2200,100
2026-08-20T22:11:48,2200,2200,71
2026-08-20T22:12:49,2200,2200,65
2026-08-20T22:13:50,2200,2200,22
2026-08-20T22:14:52,2200,2200,30
2026-08-20T22:15:53,2200,2200,18
2026-08-20T22:16:55,2200,2200,63
2026-08-20T22:17:56,2200,2200,71
2026-08-20T22:18:57,2200,2200,72
2026-08-20T22:19:59,2200,2200,68
2026-08-20T22:21:00,2200,2200,100
2026-08-20T22:22:02,2200,2200,64
2026-08-20T22:23:03,2200,2200,54
2026-08-20T22:24:05,2200,2200,32
2026-08-20T22:25:06,2200,2200,57
2026-08-20T22:26:07,2200,2200,65
2026-08-20T22:27:12,2200,2200,72
2026-08-20T22:28:14,2200,2200,64
2026-08-20T22:29:15,2200,2200,61
2026-08-20T22:30:16,2200,2200,64
2026-08-20T22:31:18,2200,2200,62
2026-08-20T22:32:19,2200,2200,61
2026-08-20T22:33:21,2200,2200,63
2026-08-20T22:34:22,2200,2200,58
2026-08-20T22:35:23,2200,2200,58
2026-08-20T22:36:25,2200,2200,94
2026-08-20T22:37:26,2200,2200,60
2026-08-20T22:38:28,2200,2200,63
2026-08-20T22:39:29,2200,2200,69
2026-08-20T22:40:31,2200,2200,100
2026-08-20T22:41:32,2200,2200,67
2026-08-20T22:42:33,2200,2200,62
2026-08-20T22:43:38,2200,2200,62
2026-08-20T22:44:40,2200,2200,64
2026-08-20T22:45:41,2200,2200,77
2026-08-20T22:46:43,2200,2200,59
2026-08-20T22:47:44,2200,2200,11
2026-08-20T22:48:45,2200,2200,58
2026-08-20T22:49:47,2200,2200,38
2026-08-20T22:50:48,2200,2200,76
2026-08-20T22:51:50,2200,2200,70
2026-08-20T22:52:51,2200,2200,99
2026-08-20T22:53:53,2200,2200,100
2026-08-20T22:54:54,2200,2200,64
2026-08-20T22:55:56,2200,2200,100
2026-08-20T22:56:57,2200,2200,100
2026-08-20T22:57:59,2200,2200,100
2026-08-20T22:59:00,2200,2200,19
2026-08-20T23:00:05,2200,2200,73
2026-08-20T23:01:06,2200,2200,61
2026-08-20T23:02:08,2200,2200,76
2026-08-20T23:03:09,2200,2200,25
2026-08-20T23:04:10,2200,2200,27
2026-08-20T23:05:12,2200,2200,57
2026-08-20T23:06:13,2200,2200,50
2026-08-20T23:07:15,2200,2200,31
2026-08-20T23:08:16,2200,2200,100
2026-08-20T23:09:17,2200,2200,33
2026-08-20T23:10:19,2200,2200,60
2026-08-20T23:11:20,2200,2200,67
2026-08-20T23:12:22,2200,2200,44
2026-08-20T23:13:23,2200,2200,28
2026-08-20T23:14:24,2200,2200,59
2026-08-20T23:15:26,2200,2200,59
2026-08-20T23:16:30,2200,2200,67
2026-08-20T23:17:31,2200,2200,73
2026-08-20T23:18:33,2200,2200,57
2026-08-20T23:19:34,2200,2200,60
2026-08-20T23:20:36,2200,2200,62
2026-08-20T23:21:37,2200,2200,30
2026-08-20T23:22:38,2200,2200,76
2026-08-20T23:23:40,2200,2200,56
2026-08-20T23:24:41,2200,2200,62
2026-08-20T23:25:43,2200,2200,77
2026-08-20T23:26:44,2200,2200,58
2026-08-20T23:27:45,2200,2200,58
2026-08-20T23:28:48,2200,2200,52
2026-08-20T23:29:49,2200,2200,59
2026-08-20T23:30:50,2200,2200,84
2026-08-20T23:31:52,2200,2200,67
2026-08-20T23:32:56,2200,2200,70
2026-08-20T23:33:58,2200,2200,100
2026-08-20T23:34:59,2200,2200,62
2026-08-20T23:36:01,2200,2200,62
2026-08-20T23:37:02,2200,2200,11
2026-08-20T23:38:04,2200,2200,59
2026-08-20T23:39:05,2200,2200,23
2026-08-20T23:40:06,2200,2200,100
2026-08-20T23:41:08,2200,2200,57
2026-08-20T23:42:09,2200,2200,32
2026-08-20T23:43:11,2200,2200,100
2026-08-20T23:44:12,2200,2200,38
2026-08-20T23:45:13,2200,2200,80
2026-08-20T23:46:15,2200,2200,74
2026-08-20T23:47:16,2200,2200,68
2026-08-20T23:48:18,2200,2200,59
2026-08-20T23:49:21,2200,2200,18
2026-08-20T23:50:23,2200,2200,99
2026-08-20T23:51:24,2200,2200,46
2026-08-20T23:52:26,2200,2200,21
2026-08-20T23:53:27,2200,2200,27
2026-08-20T23:54:29,2200,2200,59
2026-08-20T23:55:30,2200,2200,100
2026-08-20T23:56:31,2200,2200,66
2026-08-20T23:57:33,2200,2200,60
2026-08-20T23:58:34,2200,2200,100
2026-08-20T23:59:36,2200,2200,26
2026-08-21T00:00:37,2200,2200,19
2026-08-21T00:01:38,2200,2200,32
2026-08-21T00:02:40,2200,2200,70
2026-08-21T00:03:41,2200,2200,34
2026-08-21T00:04:43,2200,2200,68
2026-08-21T00:05:47,2200,2200,48
2026-08-21T00:06:48,2200,2200,60
2026-08-21T00:07:50,2200,2200,61
2026-08-21T00:08:51,2200,2200,58
2026-08-21T00:09:52,2200,2200,58
2026-08-21T00:10:54,2200,2200,58
2026-08-21T00:11:55,2200,2200,99
2026-08-21T00:12:57,2200,2200,65
2026-08-21T00:13:58,2200,2200,52
2026-08-21T00:15:00,2200,2200,53
2026-08-21T00:16:01,2200,2200,54
2026-08-21T00:17:02,2200,2200,67
2026-08-21T00:18:04,2200,2200,54
2026-08-21T00:19:05,2200,2200,34
2026-08-21T00:20:07,2200,2200,22
2026-08-21T00:21:08,2200,2200,56
2026-08-21T00:22:12,2200,2200,37
2026-08-21T00:23:13,2200,2200,57
2026-08-21T00:24:15,2200,2200,99
2026-08-21T00:25:16,2200,2200,51
2026-08-21T00:26:17,2200,2200,22
2026-08-21T00:27:19,2200,2200,57
2026-08-21T00:28:20,2200,2200,70
2026-08-21T00:29:22,2200,2200,100
2026-08-21T00:30:23,2200,2200,36
2026-08-21T00:31:24,2200,2200,63
2026-08-21T00:32:26,2200,2200,37
2026-08-21T00:33:27,2200,2200,51
2026-08-21T00:34:29,2200,2200,43
2026-08-21T00:35:30,2200,2200,53
2026-08-21T00:36:31,2200,2200,52
2026-08-21T00:37:33,2200,2200,100
2026-08-21T00:38:37,2200,2200,57
2026-08-21T00:39:38,2200,2200,17
2026-08-21T00:40:40,2200,2200,52
2026-08-21T00:41:41,2200,2200,15
2026-08-21T00:42:43,2200,2200,20
2026-08-21T00:43:44,2200,2200,57
2026-08-21T00:44:45,2200,2200,52
2026-08-21T00:45:47,2200,2200,99
2026-08-21T00:46:48,2200,2200,54
2026-08-21T00:47:50,2200,2200,53
2026-08-21T00:48:51,2200,2200,54
2026-08-21T00:49:53,2200,2200,77
2026-08-21T00:50:54,2200,2200,55
2026-08-21T00:51:55,2200,2200,53
2026-08-21T00:52:57,2200,2200,61
2026-08-21T00:53:58,2200,2200,54
2026-08-21T00:55:02,2200,2200,26
2026-08-21T00:56:04,2200,2200,13
2026-08-21T00:57:05,2200,2200,56
2026-08-21T00:58:06,2200,2200,11
2026-08-21T00:59:08,2200,2200,51
2026-08-21T01:00:09,2200,2200,56
2026-08-21T01:01:11,2200,2200,60
2026-08-21T01:02:12,2200,2200,57
2026-08-21T01:03:14,2200,2200,86
2026-08-21T01:04:15,2200,2200,53
2026-08-21T01:05:16,2200,2200,57
2026-08-21T01:06:18,2200,2200,54
2026-08-21T01:07:19,2200,2200,56
2026-08-21T01:08:21,2200,2200,52
2026-08-21T01:09:22,2200,2200,99
2026-08-21T01:10:23,2200,2200,94
2026-08-21T01:11:28,2200,2200,56
2026-08-21T01:12:29,2200,2200,57
2026-08-21T01:13:31,2200,2200,100
2026-08-21T01:14:32,2200,2200,98
2026-08-21T01:15:34,2200,2200,98
2026-08-21T01:16:35,2200,2200,100
2026-08-21T01:17:37,2200,2200,99
2026-08-21T01:18:38,2200,2200,61
2026-08-21T01:19:39,2200,2200,53
2026-08-21T01:20:41,2200,2200,54
2026-08-21T01:21:42,2200,2200,52
2026-08-21T01:22:44,2200,2200,56
2026-08-21T01:23:45,2200,2200,52
2026-08-21T01:24:46,2200,2200,53
2026-08-21T01:25:48,2200,2200,100
2026-08-21T01:26:49,2200,2200,56
2026-08-21T01:27:54,2200,2200,63
2026-08-21T01:28:56,2200,2200,56
2026-08-21T01:29:57,2200,2200,53
2026-08-21T01:30:58,2200,2200,57
2026-08-21T01:32:00,2200,2200,54
2026-08-21T01:33:01,2200,2200,42
2026-08-21T01:34:03,2200,2200,19
2026-08-21T01:35:04,2200,2200,52
2026-08-21T01:36:05,2200,2200,53
2026-08-21T01:37:07,2200,2200,56
2026-08-21T01:38:08,2200,2200,52
2026-08-21T01:39:10,2200,2200,54
2026-08-21T01:40:11,2200,2200,63
2026-08-21T01:41:13,2200,2200,57
2026-08-21T01:42:14,2200,2200,57
2026-08-21T01:43:15,2200,2200,57
2026-08-21T01:44:20,2200,2200,100
2026-08-21T01:45:21,2200,2200,55
2026-08-21T01:46:22,2200,2200,99
2026-08-21T01:47:24,2200,2200,54
2026-08-21T01:48:25,2200,2200,53
2026-08-21T01:49:27,2200,2200,49
2026-08-21T01:50:28,2200,2200,76
2026-08-21T01:51:29,2200,2200,59
2026-08-21T01:52:31,2200,2200,53
2026-08-21T01:53:32,2200,2200,53
2026-08-21T01:54:34,2200,2200,54
2026-08-21T01:55:35,2200,2200,95
2026-08-21T01:56:36,2200,2200,97
2026-08-21T01:57:38,2200,2200,88
2026-08-21T01:58:39,2200,2200,51
2026-08-21T01:59:41,2200,2200,100
2026-08-21T02:00:45,2200,2200,98
2026-08-21T02:01:46,2200,2200,99
2026-08-21T02:02:48,2200,2200,100
2026-08-21T02:03:49,2200,2200,70
2026-08-21T02:04:50,2200,2200,65
2026-08-21T02:05:52,2200,2200,54
2026-08-21T02:06:53,2200,2200,54
2026-08-21T02:07:55,2200,2200,64
2026-08-21T02:08:56,2200,2200,56
2026-08-21T02:09:57,2200,2200,51
2026-08-21T02:10:59,2200,2200,56
2026-08-21T02:12:00,2200,2200,52
2026-08-21T02:13:02,2200,2200,52
2026-08-21T02:14:03,2200,2200,54
2026-08-21T02:15:04,2200,2200,58
2026-08-21T02:16:06,2200,2200,52
2026-08-21T02:17:09,2200,2200,55
2026-08-21T02:18:11,2200,2200,52
2026-08-21T02:19:12,2200,2200,55
2026-08-21T02:20:14,2200,2200,30
2026-08-21T02:21:15,2200,2200,52
2026-08-21T02:22:16,2200,2200,57
2026-08-21T02:23:18,2200,2200,53
2026-08-21T02:24:19,2200,2200,51
2026-08-21T02:25:21,2200,2200,61
2026-08-21T02:26:22,2200,2200,52
2026-08-21T02:27:23,2200,2200,51
2026-08-21T02:28:25,2200,2200,57
2026-08-21T02:29:26,2200,2200,52
2026-08-21T02:30:28,2200,2200,53
2026-08-21T02:31:29,2200,2200,45
2026-08-21T02:32:30,2200,2200,56
2026-08-21T02:33:34,2200,2200,53
2026-08-21T02:34:36,2200,2200,57
2026-08-21T02:35:37,2200,2200,85
2026-08-21T02:36:38,2200,2200,56
2026-08-21T02:37:40,2200,2200,54
2026-08-21T02:38:41,2200,2200,52
2026-08-21T02:39:43,2200,2200,42
2026-08-21T02:40:44,2200,2200,96
2026-08-21T02:41:46,2200,2200,96
2026-08-21T02:42:47,2200,2200,54
2026-08-21T02:43:48,2200,2200,85
2026-08-21T02:44:50,2200,2200,100
2026-08-21T02:45:51,2200,2200,97
2026-08-21T02:46:53,2200,2200,31
2026-08-21T02:47:54,2200,2200,55
2026-08-21T02:48:56,2200,2200,64
2026-08-21T02:50:00,2200,2200,75
2026-08-21T02:51:01,2200,2200,100
2026-08-21T02:52:03,2200,2200,95
2026-08-21T02:53:04,2200,2200,63
2026-08-21T02:54:05,2200,2200,50
2026-08-21T02:55:07,2200,2200,15
2026-08-21T02:56:08,2200,2200,58
2026-08-21T02:57:10,2200,2200,57
2026-08-21T02:58:11,2200,2200,61
2026-08-21T02:59:12,2200,2200,56
2026-08-21T03:00:14,2200,2200,54
2026-08-21T03:01:15,2200,2200,36
2026-08-21T03:02:17,2200,2200,49
2026-08-21T03:03:18,2200,2200,55
2026-08-21T03:04:19,2200,2200,51
2026-08-21T03:05:21,2200,2200,15
2026-08-21T03:06:24,2200,2200,55
2026-08-21T03:07:26,2200,2200,53
2026-08-21T03:08:27,2200,2200,54
2026-08-21T03:09:29,2200,2200,56
2026-08-21T03:10:30,2200,2200,68
2026-08-21T03:11:31,2200,2200,53
2026-08-21T03:12:33,2200,2200,63
2026-08-21T03:13:34,2200,2200,35
2026-08-21T03:14:36,2200,2200,79
2026-08-21T03:15:37,2200,2200,59
2026-08-21T03:16:38,2200,2200,53
2026-08-21T03:17:40,2200,2200,55
2026-08-21T03:18:41,2200,2200,100
2026-08-21T03:19:43,2200,2200,36
2026-08-21T03:20:44,2200,2200,64
2026-08-21T03:21:46,2200,2200,28
2026-08-21T03:22:50,2200,2200,53
2026-08-21T03:23:51,2200,2200,57
2026-08-21T03:24:53,2200,2200,100
2026-08-21T03:25:54,2200,2200,100
2026-08-21T03:26:56,2200,2200,98
2026-08-21T03:27:57,2200,2200,53
2026-08-21T03:28:59,2200,2200,100
2026-08-21T03:30:00,2200,2200,61
2026-08-21T03:31:01,2200,2200,99
2026-08-21T03:32:03,2200,2200,99
2026-08-21T03:33:04,2200,2200,57
2026-08-21T03:34:06,2200,2200,58
2026-08-21T03:35:07,2200,2200,41
2026-08-21T03:36:09,2200,2200,56
2026-08-21T03:37:10,2200,2200,100
2026-08-21T03:38:11,2200,2200,56
2026-08-21T03:39:15,2200,2200,54
2026-08-21T03:40:17,2200,2200,58
2026-08-21T03:41:18,2200,2200,56
2026-08-21T03:42:20,2200,2200,60
2026-08-21T03:43:21,2200,2200,55
2026-08-21T03:44:22,2200,2200,53
2026-08-21T03:45:24,2200,2200,56
2026-08-21T03:46:25,2200,2200,53
2026-08-21T03:47:26,2200,2200,23
2026-08-21T03:48:28,2200,2200,59
2026-08-21T03:49:29,2200,2200,53
2026-08-21T03:50:31,2200,2200,53
2026-08-21T03:51:32,2200,2200,100
2026-08-21T03:52:33,2200,2200,53
2026-08-21T03:53:35,2200,2200,56
2026-08-21T03:54:36,2200,2200,95
2026-08-21T03:55:40,2200,2200,52
2026-08-21T03:56:42,2200,2200,54
2026-08-21T03:57:43,2200,2200,53
2026-08-21T03:58:45,2200,2200,54
2026-08-21T03:59:46,2200,2200,56
2026-08-21T04:00:47,2200,2200,100
2026-08-21T04:01:49,2200,2200,53
2026-08-21T04:02:50,2200,2200,68
2026-08-21T04:03:52,2200,2200,10
2026-08-21T04:04:53,2200,2200,54
2026-08-21T04:05:54,2200,2200,63
2026-08-21T04:06:56,2200,2200,49
2026-08-21T04:07:57,2200,2200,19
2026-08-21T04:08:59,2200,2200,19
2026-08-21T04:10:00,2200,2200,91
2026-08-21T04:11:01,2200,2200,55
2026-08-21T04:12:05,2200,2200,99
2026-08-21T04:13:07,2200,2200,90
2026-08-21T04:14:08,2200,2200,100
2026-08-21T04:15:10,2200,2200,54
2026-08-21T04:16:11,2200,2200,55
2026-08-21T04:17:12,2200,2200,54
2026-08-21T04:18:14,2200,2200,54
2026-08-21T04:19:15,2200,2200,52
2026-08-21T04:20:17,2200,2200,57
2026-08-21T04:21:18,2200,2200,62
2026-08-21T04:22:19,2200,2200,54
2026-08-21T04:23:21,2200,2200,56
2026-08-21T04:24:22,2200,2200,52
2026-08-21T04:25:24,2200,2200,53
2026-08-21T04:26:26,2200,2200,57
2026-08-21T04:27:27,2200,2200,55
2026-08-21T04:28:31,2200,2200,60
2026-08-21T04:29:33,2200,2200,52
2026-08-21T04:30:34,2200,2200,36
2026-08-21T04:31:36,2200,2200,54
2026-08-21T04:32:37,2200,2200,55
2026-08-21T04:33:38,2200,2200,58
2026-08-21T04:34:40,2200,2200,24
2026-08-21T04:35:41,2200,2200,43
2026-08-21T04:36:43,2200,2200,56
2026-08-21T04:37:44,2200,2200,100
2026-08-21T04:38:45,2200,2200,53
2026-08-21T04:39:47,2200,2200,57
2026-08-21T04:40:48,2200,2200,16
2026-08-21T04:41:50,2200,2200,20
2026-08-21T04:42:51,2200,2200,95
2026-08-21T04:43:52,2200,2200,92
2026-08-21T04:44:57,2200,2200,59
2026-08-21T04:45:59,2200,2200,26
2026-08-21T04:47:00,2200,2200,94
2026-08-21T04:48:01,2200,2200,56
2026-08-21T04:49:03,2200,2200,17
2026-08-21T04:50:04,2200,2200,25
2026-08-21T04:51:06,2200,2200,28
2026-08-21T04:52:07,2200,2200,21
2026-08-21T04:53:08,2200,2200,15
2026-08-21T04:54:10,2200,2200,13
2026-08-21T04:55:11,2200,2200,20
2026-08-21T04:56:13,2200,2200,89
2026-08-21T04:57:14,2200,2200,61
2026-08-21T04:58:15,2200,2200,18
2026-08-21T04:59:17,2200,2200,19
2026-08-21T05:00:18,2200,2200,28
2026-08-21T05:01:22,2200,2200,23
2026-08-21T05:02:24,2200,2200,26
2026-08-21T05:03:25,2200,2200,51
2026-08-21T05:04:27,2200,2200,100
2026-08-21T05:05:28,2200,2200,100
2026-08-21T05:06:29,2200,2200,100
2026-08-21T05:07:31,2200,2200,100
2026-08-21T05:08:32,2200,2200,100
2026-08-21T05:09:34,2200,2200,100
2026-08-21T05:10:35,2200,2200,100
2026-08-21T05:11:36,2200,2200,100
2026-08-21T05:12:38,2200,2200,100
2026-08-21T05:13:39,2200,2200,100
2026-08-21T05:14:41,2200,2200,94
2026-08-21T05:15:42,2200,2200,100
2026-08-21T05:16:44,2200,2200,100
2026-08-21T05:17:48,2200,2200,100
2026-08-21T05:18:49,2200,2200,100
2026-08-21T05:19:50,2200,2200,100
2026-08-21T05:20:52,2200,2200,100
2026-08-21T05:21:53,2200,2200,100
2026-08-21T05:22:55,2200,2200,100
2026-08-21T05:23:56,2200,2200,100
2026-08-21T05:24:58,2200,2200,100
2026-08-21T05:25:59,2200,2200,100
2026-08-21T05:27:00,2200,2200,100
2026-08-21T05:28:02,2200,2200,97
2026-08-21T05:29:03,2200,2200,100
2026-08-21T05:30:05,2200,2200,100
2026-08-21T05:31:06,2200,2200,100
2026-08-21T05:32:07,2200,2200,100
2026-08-21T05:33:09,2200,2200,100
2026-08-21T05:34:13,2200,2200,78
2026-08-21T05:35:14,2200,2200,58
2026-08-21T05:36:16,2200,2200,19
2026-08-21T05:37:17,2200,2200,53
2026-08-21T05:38:19,2200,2200,50
2026-08-21T05:39:20,2200,2200,52
2026-08-21T05:40:21,2200,2200,57
2026-08-21T05:41:23,2200,2200,55
2026-08-21T05:42:24,2200,2200,60
2026-08-21T05:43:26,2200,2200,52
2026-08-21T05:44:27,2200,2200,59
2026-08-21T05:45:28,2200,2200,25
2026-08-21T05:46:30,2200,2200,47
2026-08-21T05:47:31,2200,2200,100
2026-08-21T05:48:33,2200,2200,55
2026-08-21T05:49:34,2200,2200,52
2026-08-21T05:50:38,2200,2200,96
2026-08-21T05:51:39,2200,2200,94
2026-08-21T05:52:41,2200,2200,52
2026-08-21T05:53:42,2200,2200,61
2026-08-21T05:54:44,2200,2200,53
2026-08-21T05:55:45,2200,2200,54
2026-08-21T05:56:46,2200,2200,53
2026-08-21T05:57:48,2200,2200,59
2026-08-21T05:58:49,2200,2200,56
2026-08-21T05:59:51,2200,2200,60
2026-08-21T06:00:52,2200,2200,65
2026-08-21T06:01:53,2200,2200,57
2026-08-21T06:02:55,2200,2200,52
2026-08-21T06:03:56,2200,2200,99
2026-08-21T06:04:58,2200,2200,21
2026-08-21T06:05:59,2200,2200,27
2026-08-21T06:07:03,2200,2200,61
2026-08-21T06:08:04,2200,2200,56
2026-08-21T06:09:06,2200,2200,67
2026-08-21T06:10:07,2200,2200,57
2026-08-21T06:11:09,2200,2200,59
2026-08-21T06:12:10,2200,2200,56
2026-08-21T06:13:11,2200,2200,56
2026-08-21T06:14:13,2200,2200,73
2026-08-21T06:15:14,2200,2200,49
2026-08-21T06:16:16,2200,2200,51
2026-08-21T06:17:17,2200,2200,53
2026-08-21T06:18:18,2200,2200,59
2026-08-21T06:19:20,2200,2200,84
2026-08-21T06:20:21,2200,2200,56
2026-08-21T06:21:23,2200,2200,52
2026-08-21T06:22:24,2200,2200,60
2026-08-21T06:23:28,2200,2200,94
2026-08-21T06:24:30,2200,2200,99
2026-08-21T06:25:31,2200,2200,54
2026-08-21T06:26:32,2200,2200,65
2026-08-21T06:27:34,2200,2200,64
2026-08-21T06:28:35,2200,2200,54
2026-08-21T06:29:37,2200,2200,54
2026-08-21T06:30:38,2200,2200,57
2026-08-21T06:31:39,2200,2200,100
2026-08-21T06:32:41,2200,2200,58
2026-08-21T06:33:42,2200,2200,51
2026-08-21T06:34:44,2200,2200,61
2026-08-21T06:35:45,2200,2200,100
2026-08-21T06:36:53,2200,2200,57
2026-08-21T06:37:54,2200,2200,89
2026-08-21T06:38:56,2200,2200,95
2026-08-21T06:40:01,2200,2200,99
2026-08-21T06:41:02,2200,2200,55
2026-08-21T06:42:04,2200,2200,54
2026-08-21T06:43:05,2200,2200,52
2026-08-21T06:44:06,2200,2200,52
2026-08-21T06:45:08,2200,2200,100
2026-08-21T06:46:09,2200,2200,80
2026-08-21T06:47:11,2200,2200,56
2026-08-21T06:48:12,2200,2200,59
2026-08-21T06:49:13,2200,2200,52
2026-08-21T06:50:15,2200,2200,58
2026-08-21T06:51:16,2200,2200,62
2026-08-21T06:52:18,2200,2200,77
2026-08-21T06:53:19,2200,2200,60
2026-08-21T06:54:21,2200,2200,41
2026-08-21T06:55:22,2200,2200,54
2026-08-21T06:56:26,2200,2200,57
2026-08-21T06:57:27,2200,2200,52
2026-08-21T06:58:29,2200,2200,52
2026-08-21T06:59:30,2200,2200,69
2026-08-21T07:00:32,2200,2200,99
2026-08-21T07:01:33,2200,2200,54
2026-08-21T07:02:34,2200,2200,55
2026-08-21T07:03:36,2200,2200,100
2026-08-21T07:04:37,2200,2200,54
2026-08-21T07:05:39,2200,2200,99
2026-08-21T07:06:40,2200,2200,63
2026-08-21T07:07:42,2200,2200,58
2026-08-21T07:08:43,2200,2200,64
2026-08-21T07:09:44,2200,2200,55
2026-08-21T07:10:46,2200,2200,28
2026-08-21T07:11:47,2200,2200,33
2026-08-21T07:12:51,2200,2200,89
2026-08-21T07:13:52,2200,2200,24
2026-08-21T07:14:54,2200,2200,18
2026-08-21T07:15:55,2200,2200,17
2026-08-21T07:16:57,2200,2200,19
2026-08-21T07:17:58,2200,2200,47
2026-08-21T07:18:59,2200,2200,36
2026-08-21T07:20:01,2200,2200,65
2026-08-21T07:21:02,2200,2200,100
2026-08-21T07:22:04,2200,2200,98
2026-08-21T07:23:05,2200,2200,34
2026-08-21T07:24:06,2200,2200,57
2026-08-21T07:25:08,2200,2200,100
2026-08-21T07:26:09,2200,2200,99
2026-08-21T07:27:11,2200,2200,57
2026-08-21T07:28:12,2200,2200,58
2026-08-21T07:29:16,2200,2200,46
2026-08-21T07:30:18,2200,2200,43
2026-08-21T07:31:19,2200,2200,94
2026-08-21T07:32:21,2200,2200,61
2026-08-21T07:33:22,2200,2200,55
2026-08-21T07:34:23,2200,2200,12
2026-08-21T07:35:25,2200,2200,12
2026-08-21T07:36:26,2200,2200,57
2026-08-21T07:37:28,2200,2200,41
2026-08-21T07:38:29,2200,2200,7
2026-08-21T07:39:30,2200,2200,22
2026-08-21T07:40:32,2200,2200,0
2026-08-21T07:41:34,2200,2200,7
2026-08-21T07:42:35,2200,2200,15
2026-08-21T07:43:37,2200,2200,18
2026-08-21T07:44:38,2200,2200,12
2026-08-21T07:45:42,2200,2200,6
2026-08-21T07:46:43,2200,2200,2
2026-08-21T07:47:44,2200,2200,6
2026-08-21T07:48:46,2200,2200,7
2026-08-21T07:49:47,2200,2200,11
2026-08-21T07:50:49,2200,2200,22
2026-08-21T07:51:50,2200,2200,11
2026-08-21T07:52:51,2200,2200,4
2026-08-21T07:53:53,2200,2200,9
2026-08-21T07:54:54,2200,2200,4
2026-08-21T07:55:55,2200,2200,0
2026-08-21T07:56:57,2200,2200,9
2026-08-21T07:57:58,2200,2200,6
2026-08-21T07:59:00,2200,2200,6
2026-08-21T08:00:01,2200,2200,1
2026-08-21T08:01:02,2200,2200,3
2026-08-21T08:02:06,2200,2200,17
2026-08-21T08:03:07,2200,2200,12
2026-08-21T08:04:09,2200,2200,14
2026-08-21T08:05:10,2200,2200,52
2026-08-21T08:06:12,2200,2200,68
2026-08-21T08:07:13,2200,2200,38
2026-08-21T08:08:14,2200,2200,6
2026-08-21T08:09:16,2200,2200,55
2026-08-21T08:10:17,2200,2200,56
2026-08-21T08:11:19,2200,2200,52
2026-08-21T08:12:20,2200,2200,54
2026-08-21T08:13:22,2200,2200,58
2026-08-21T08:14:24,2200,2200,51
2026-08-21T08:15:25,2200,2200,55
2026-08-21T08:16:27,2200,2200,39
2026-08-21T08:17:28,2200,2200,65
2026-08-21T08:18:33,2200,2200,50
2026-08-21T08:19:35,2200,2200,53
2026-08-21T08:20:36,2200,2200,52
2026-08-21T08:21:37,2200,2200,6
2026-08-21T08:22:39,2200,2200,11
2026-08-21T08:23:40,2200,2200,17
2026-08-21T08:24:42,2200,2200,13
2026-08-21T08:25:43,2200,2200,49
2026-08-21T08:26:44,2200,2200,41
2026-08-21T08:27:46,2200,2200,65
2026-08-21T08:28:47,2200,2200,62
2026-08-21T08:29:49,2200,2200,55
2026-08-21T08:30:50,2200,2200,51
2026-08-21T08:31:52,2200,2200,18
2026-08-21T08:32:53,2200,2200,61
2026-08-21T08:33:55,2200,2200,38
2026-08-21T08:35:00,2200,2200,60
2026-08-21T08:36:02,2200,2200,61
2026-08-21T08:37:03,2200,2200,49
2026-08-21T08:38:04,2200,2200,61
2026-08-21T08:39:06,2200,2200,47
2026-08-21T08:40:07,2200,2200,57
2026-08-21T08:41:09,2200,2200,64
2026-08-21T08:42:10,2200,2200,37
2026-08-21T08:43:12,2200,2200,55
2026-08-21T08:44:13,2200,2200,54
2026-08-21T08:45:15,2200,2200,61
2026-08-21T08:46:16,2200,2200,77
2026-08-21T08:47:18,2200,2200,79
2026-08-21T08:48:19,2200,2200,71
2026-08-21T08:49:20,2200,2200,60
2026-08-21T08:50:22,2200,2200,39
2026-08-21T08:51:27,2200,2200,19
2026-08-21T08:52:29,2200,2200,19
2026-08-21T08:53:30,2200,2200,25
2026-08-21T08:54:31,2200,2200,29
2026-08-21T08:55:33,2200,2200,24
2026-08-21T08:56:34,2200,2200,100
2026-08-21T08:57:36,2200,2200,100
2026-08-21T08:58:37,2200,2200,100
2026-08-21T08:59:38,2200,2200,100
2026-08-21T09:00:40,2200,2200,100
2026-08-21T09:01:41,2200,2200,100
2026-08-21T09:02:43,2200,2200,100
2026-08-21T09:03:44,2200,2200,100
2026-08-21T09:04:46,2200,2200,100
2026-08-21T09:05:47,2200,2200,19
2026-08-21T09:06:48,2200,2200,33
2026-08-21T09:07:53,2200,2200,36
2026-08-21T09:08:55,2200,2200,16
2026-08-21T09:09:56,2200,2200,35
2026-08-21T09:10:58,2200,2200,62
2026-08-21T09:11:59,2200,2200,41
2026-08-21T09:13:01,2200,2200,65
2026-08-21T09:14:02,2200,2200,55
2026-08-21T09:15:03,2200,2200,61
2026-08-21T09:16:05,2200,2200,7
2026-08-21T09:17:06,2200,2200,3
2026-08-21T09:18:08,2200,2200,14
2026-08-21T09:19:09,2200,2200,4
2026-08-21T09:20:10,2200,2200,16
2026-08-21T09:21:12,2200,2200,14
2026-08-21T09:22:13,2200,2200,14
2026-08-21T09:23:15,2200,2200,21
2026-08-21T09:24:19,2200,2200,20
2026-08-21T09:25:21,2200,2200,24
2026-08-21T09:26:22,2200,2200,10
2026-08-21T09:27:23,2200,2200,13
2026-08-21T09:28:25,2200,2200,26
2026-08-21T09:29:26,2200,2200,37
2026-08-21T09:30:28,2200,2200,54
2026-08-21T09:31:29,2200,2200,34
2026-08-21T09:32:30,2200,2200,57
2026-08-21T09:33:32,2200,2200,61
2026-08-21T09:34:33,2200,2200,59
2026-08-21T09:35:35,2200,2200,59
2026-08-21T09:36:36,2200,2200,7
2026-08-21T09:37:38,2200,2200,52
2026-08-21T09:38:39,2200,2200,55
2026-08-21T09:39:40,2200,2200,63
2026-08-21T09:40:46,2200,2200,63
2026-08-21T09:41:48,2200,2200,58
2026-08-21T09:42:49,2200,2200,66
2026-08-21T09:43:51,2200,2200,53
2026-08-21T09:44:52,2200,2200,62
2026-08-21T09:45:54,2200,2200,74
2026-08-21T09:46:55,2200,2200,87
2026-08-21T09:47:56,2200,2200,57
2026-08-21T09:48:58,2200,2200,53
2026-08-21T09:49:59,2200,2200,52
2026-08-21T09:51:01,2200,2200,15
2026-08-21T09:52:02,2200,2200,11
2026-08-21T09:53:04,2200,2200,25
2026-08-21T09:54:05,2200,2200,14
2026-08-21T09:55:06,2200,2200,21
2026-08-21T09:56:08,2200,2200,8
2026-08-21T09:57:12,2200,2200,17
2026-08-21T09:58:14,2200,2200,28
2026-08-21T09:59:15,2200,2200,21
2026-08-21T10:00:16,2200,2200,63
2026-08-21T10:01:18,2200,2200,57
2026-08-21T10:02:19,2200,2200,58
2026-08-21T10:03:21,2200,2200,74
2026-08-21T10:04:22,2200,2200,60
2026-08-21T10:05:24,2200,2200,56
2026-08-21T10:06:25,2200,2200,68
2026-08-21T10:07:27,2200,2200,56
2026-08-21T10:08:28,2200,2200,56
2026-08-21T10:09:30,2200,2200,67
2026-08-21T10:10:31,2200,2200,60
2026-08-21T10:11:33,2200,2200,22
2026-08-21T10:12:34,2200,2200,67
2026-08-21T10:13:41,2200,2200,72
2026-08-21T10:14:42,2200,2200,63
2026-08-21T10:15:44,2200,2200,79
2026-08-21T10:16:46,2200,2200,83
2026-08-21T10:17:48,2200,2200,59
2026-08-21T10:18:49,2200,2200,59
2026-08-21T10:19:50,2200,2200,53
2026-08-21T10:20:52,2200,2200,33
2026-08-21T10:21:53,2200,2200,22
2026-08-21T10:22:55,2200,2200,50
2026-08-21T10:23:56,2200,2200,53
2026-08-21T10:24:58,2200,2200,45
2026-08-21T10:26:00,2200,2200,63
2026-08-21T10:27:01,2200,2200,65
2026-08-21T10:28:03,2200,2200,5
2026-08-21T10:29:04,2200,2200,72
2026-08-21T10:30:09,2200,2200,64
2026-08-21T10:31:10,2200,2200,62
2026-08-21T10:32:12,2200,2200,93
2026-08-21T10:33:13,2200,2200,62
2026-08-21T10:34:15,2200,2200,53
2026-08-21T10:35:16,2200,2200,54
2026-08-21T10:36:18,2200,2200,60
2026-08-21T10:37:19,2200,2200,21
2026-08-21T10:38:20,2200,2200,81
2026-08-21T10:39:22,2200,2200,74
2026-08-21T10:40:23,2200,2200,63
2026-08-21T10:41:26,2200,2200,63
2026-08-21T10:42:27,2200,2200,75
2026-08-21T10:43:28,2200,2200,68
2026-08-21T10:44:30,2200,2200,65
2026-08-21T10:45:31,2200,2200,32
2026-08-21T10:46:36,2200,2200,19
2026-08-21T10:47:37,2200,2200,63
2026-08-21T10:48:39,2200,2200,56
2026-08-21T10:49:40,2200,2200,71
2026-08-21T10:50:42,2200,2200,73
2026-08-21T10:51:43,2200,2200,33
2026-08-21T10:52:45,2200,2200,29
2026-08-21T10:53:46,2200,2200,22
2026-08-21T10:54:47,2200,2200,57
2026-08-21T10:55:49,2200,2200,67
2026-08-21T10:56:50,2200,2200,57
2026-08-21T10:57:52,2200,2200,66
2026-08-21T10:58:53,2200,2200,70
2026-08-21T10:59:55,2200,2200,82
2026-08-21T11:00:56,2200,2200,66
2026-08-21T11:01:57,2200,2200,66
2026-08-21T11:03:02,2200,2200,61
2026-08-21T11:04:04,2200,2200,56
2026-08-21T11:05:05,2200,2200,60
2026-08-21T11:06:07,2200,2200,61
2026-08-21T11:07:08,2200,2200,63
2026-08-21T11:08:10,2200,2200,69
2026-08-21T11:09:11,2200,2200,65
2026-08-21T11:10:12,2200,2200,45
2026-08-21T11:11:14,2200,2200,54
2026-08-21T11:12:15,2200,2200,71
2026-08-21T11:13:17,2200,2200,63
2026-08-21T11:14:18,2200,2200,57
2026-08-21T11:15:20,2200,2200,75
2026-08-21T11:16:21,2200,2200,60
2026-08-21T11:17:23,2200,2200,68
2026-08-21T11:18:24,2200,2200,62
2026-08-21T11:19:29,2200,2200,25
2026-08-21T11:20:30,2200,2200,2
2026-08-21T11:21:32,2200,2200,19
2026-08-21T11:22:33,2200,2200,19
2026-08-21T11:23:35,2200,2200,35
2026-08-21T11:24:36,2200,2200,25
2026-08-21T11:25:38,2200,2200,22
2026-08-21T11:26:39,2200,2200,15
2026-08-21T11:27:40,2200,2200,65
2026-08-21T11:28:42,2200,2200,52
2026-08-21T11:29:43,2200,2200,30
2026-08-21T11:30:45,2200,2200,20
2026-08-21T11:31:46,2200,2200,71
2026-08-21T11:32:48,2200,2200,71
2026-08-21T11:33:49,2200,2200,69
2026-08-21T11:34:50,2200,2200,37
2026-08-21T11:35:55,2200,2200,14
2026-08-21T11:36:57,2200,2200,36
2026-08-21T11:37:58,2200,2200,65
2026-08-21T11:39:01,2200,2200,14
2026-08-21T11:40:02,2200,2200,12
2026-08-21T11:41:03,2200,2200,17
2026-08-21T11:42:05,2200,2200,22
2026-08-21T11:43:06,2200,2200,29
2026-08-21T11:44:08,2200,2200,30
2026-08-21T11:45:09,2200,2200,33
2026-08-21T11:46:11,2200,2200,24
2026-08-21T11:47:12,2200,2200,28
2026-08-21T11:48:13,2200,2200,57
2026-08-21T11:49:15,2200,2200,16
2026-08-21T11:50:16,2200,2200,71
2026-08-21T11:51:18,2200,2200,25
2026-08-21T11:52:23,2200,2200,24
2026-08-21T11:53:24,2200,2200,21
2026-08-21T11:54:26,2200,2200,33
2026-08-21T11:55:27,2200,2200,24
2026-08-21T11:56:29,2200,2200,30
2026-08-21T11:57:30,2200,2200,21
2026-08-21T11:58:31,2200,2200,14
2026-08-21T11:59:33,2200,2200,10
2026-08-21T12:00:34,2200,2200,40
2026-08-21T12:01:36,2200,2200,78
2026-08-21T12:02:37,2200,2200,37
2026-08-21T12:03:38,2200,2200,61
2026-08-21T12:04:40,2200,2200,65
2026-08-21T12:05:41,2200,2200,66
2026-08-21T12:06:43,2200,2200,35
2026-08-21T12:07:44,2200,2200,72
2026-08-21T12:08:49,2200,2200,47
2026-08-21T12:09:51,2200,2200,77
2026-08-21T12:10:52,2200,2200,88
2026-08-21T12:11:55,2200,2200,75
2026-08-21T12:12:56,2200,2200,67
2026-08-21T12:13:58,2200,2200,68
2026-08-21T12:14:59,2200,2200,53
2026-08-21T12:16:00,2200,2200,39
2026-08-21T12:17:02,2200,2200,22
2026-08-21T12:18:03,2200,2200,56
2026-08-21T12:19:05,2200,2200,65
2026-08-21T12:20:06,2200,2200,55
2026-08-21T12:21:08,2200,2200,55
2026-08-21T12:22:09,2200,2200,30
2026-08-21T12:23:10,2200,2200,27
2026-08-21T12:24:12,2200,2200,22
2026-08-21T12:25:17,2200,2200,20
2026-08-21T12:26:18,2200,2200,19
2026-08-21T12:27:20,2200,2200,28
2026-08-21T12:28:21,2200,2200,100
2026-08-21T12:29:22,2200,2200,62
2026-08-21T12:30:24,2200,2200,35
2026-08-21T12:31:25,2200,2200,78
2026-08-21T12:32:27,2200,2200,61
2026-08-21T12:33:28,2200,2200,73
2026-08-21T12:34:30,2200,2200,54
2026-08-21T12:35:31,2200,2200,62
2026-08-21T12:36:33,2200,2200,65
2026-08-21T12:37:34,2200,2200,95
2026-08-21T12:38:36,2200,2200,100
2026-08-21T12:39:37,2200,2200,100
2026-08-21T12:40:39,2200,2200,100
2026-08-21T12:41:43,2200,2200,100
2026-08-21T12:42:44,2200,2200,100
2026-08-21T12:43:46,2200,2200,100
2026-08-21T12:44:47,2200,2200,90
2026-08-21T12:45:48,2200,2200,100
2026-08-21T12:46:51,2200,2200,100
2026-08-21T12:47:52,2200,2200,98
2026-08-21T12:48:53,2200,2200,100
2026-08-21T12:49:55,2200,2200,100
2026-08-21T12:50:56,2200,2200,100
2026-08-21T12:51:58,2200,2200,100
2026-08-21T12:52:59,2200,2200,100
2026-08-21T12:54:01,2200,2200,100
2026-08-21T12:55:02,2200,2200,100
2026-08-21T12:56:04,2200,2200,100
2026-08-21T12:57:05,2200,2200,99
2026-08-21T12:58:12,2200,2200,100
2026-08-21T12:59:14,2200,2200,100
2026-08-21T13:00:15,2200,2200,31
2026-08-21T13:01:17,2200,2200,71
2026-08-21T13:02:18,2200,2200,95
2026-08-21T13:03:20,2200,2200,100
2026-08-21T13:04:21,2200,2200,62
2026-08-21T13:05:23,2200,2200,66
2026-08-21T13:06:24,2200,2200,68
2026-08-21T13:07:25,2200,2200,100
2026-08-21T13:08:27,2200,2200,100
2026-08-21T13:09:28,2200,2200,43
2026-08-21T13:10:30,2200,2200,72
2026-08-21T13:11:31,2200,2200,89
2026-08-21T13:12:33,2200,2200,69
2026-08-21T13:13:34,2200,2200,77
2026-08-21T13:14:40,2200,2200,64
2026-08-21T13:15:42,2200,2200,68
2026-08-21T13:16:43,2200,2200,73
2026-08-21T13:17:46,2200,2200,90
2026-08-21T13:18:47,2200,2200,75
2026-08-21T13:19:49,2200,2200,79
2026-08-21T13:20:50,2200,2200,86
2026-08-21T13:21:52,2200,2200,44
2026-08-21T13:22:53,2200,2200,81
2026-08-21T13:23:55,2200,2200,29
2026-08-21T13:24:56,2200,2200,51
2026-08-21T13:25:57,2200,2200,55
2026-08-21T13:26:59,2200,2200,65
2026-08-21T13:28:00,2200,2200,67
2026-08-21T13:29:02,2200,2200,49
2026-08-21T13:30:03,2200,2200,68
2026-08-21T13:31:08,2200,2200,22
2026-08-21T13:32:09,2200,2200,71
2026-08-21T13:33:10,2200,2200,32
2026-08-21T13:34:12,2200,2200,64
2026-08-21T13:35:13,2200,2200,68
2026-08-21T13:36:15,2200,2200,68
2026-08-21T13:37:16,2200,2200,79
2026-08-21T13:38:19,2200,2200,61
2026-08-21T13:39:20,2200,2200,67
2026-08-21T13:40:21,2200,2200,62
2026-08-21T13:41:23,2200,2200,66
2026-08-21T13:42:24,2200,2200,23
2026-08-21T13:43:26,2200,2200,18
2026-08-21T13:44:27,2200,2200,15
2026-08-21T13:45:28,2200,2200,14
2026-08-21T13:46:30,2200,2200,20
2026-08-21T13:47:34,2200,2200,11
2026-08-21T13:48:36,2200,2200,31
2026-08-21T13:49:37,2200,2200,55
2026-08-21T13:50:39,2200,2200,38
2026-08-21T13:51:40,2200,2200,12
2026-08-21T13:52:41,2200,2200,14
2026-08-21T13:53:43,2200,2200,31
2026-08-21T13:54:44,2200,2200,16
2026-08-21T13:55:46,2200,2200,22
2026-08-21T13:56:47,2200,2200,54
2026-08-21T13:57:48,2200,2200,26
2026-08-21T13:58:50,2200,2200,29
2026-08-21T13:59:51,2200,2200,33
2026-08-21T14:00:53,2200,2200,49
2026-08-21T14:01:54,2200,2200,56
2026-08-21T14:02:56,2200,2200,46
2026-08-21T14:04:00,2200,2200,22
2026-08-21T14:05:01,2200,2200,50
2026-08-21T14:06:03,2200,2200,32
2026-08-21T14:07:04,2200,2200,36
2026-08-21T14:08:06,2200,2200,53
2026-08-21T14:09:07,2200,2200,60
2026-08-21T14:10:08,2200,2200,5
2026-08-21T14:11:10,2200,2200,12
2026-08-21T14:12:11,2200,2200,24
2026-08-21T14:13:13,2200,2200,15
2026-08-21T14:14:14,2200,2200,16
2026-08-21T14:15:15,2200,2200,100
2026-08-21T14:16:17,2200,2200,100
2026-08-21T14:17:18,2200,2200,100
2026-08-21T14:18:20,2200,2200,100
2026-08-21T14:19:21,2200,2200,100
2026-08-21T14:20:25,2200,2200,98
2026-08-21T14:21:27,2200,2200,100
2026-08-21T14:22:28,2200,2200,100
2026-08-21T14:23:29,2200,2200,100
2026-08-21T14:24:31,2200,2200,100
2026-08-21T14:25:32,2200,2200,100
2026-08-21T14:26:33,2200,2200,100
2026-08-21T14:27:35,2200,2200,100
2026-08-21T14:28:36,2200,2200,100
2026-08-21T14:29:38,2200,2200,100
2026-08-21T14:30:40,2200,2200,100
2026-08-21T14:31:41,2200,2200,100
2026-08-21T14:32:43,2200,2200,100
2026-08-21T14:33:44,2200,2200,100
2026-08-21T14:34:45,2200,2200,100
2026-08-21T14:35:47,2200,2200,42
2026-08-21T14:36:52,2200,2200,60
2026-08-21T14:37:53,2200,2200,21
2026-08-21T14:38:55,2200,2200,60
2026-08-21T14:39:56,2200,2200,53
2026-08-21T14:40:58,2200,2200,78
2026-08-21T14:41:59,2200,2200,73
2026-08-21T14:43:01,2200,2200,71
2026-08-21T14:44:02,2200,2200,56
2026-08-21T14:45:03,2200,2200,62
2026-08-21T14:46:05,2200,2200,50
2026-08-21T14:47:06,2200,2200,47
2026-08-21T14:48:08,2200,2200,100
2026-08-21T14:49:09,2200,2200,71
2026-08-21T14:50:11,2200,2200,61
2026-08-21T14:51:12,2200,2200,96
2026-08-21T14:52:14,2200,2200,26
2026-08-21T14:53:18,2200,2200,18
2026-08-21T14:54:20,2200,2200,74
2026-08-21T14:55:21,2200,2200,19
2026-08-21T14:56:22,2200,2200,72
2026-08-21T14:57:24,2200,2200,100
2026-08-21T14:58:25,2200,2200,100
2026-08-21T14:59:27,2200,2200,100
2026-08-21T15:00:28,2200,2200,100
2026-08-21T15:01:29,2200,2200,96
2026-08-21T15:02:31,2200,2200,70
2026-08-21T15:03:32,2200,2200,74
2026-08-21T15:04:34,2200,2200,49
2026-08-21T15:05:35,2200,2200,83
2026-08-21T15:06:37,2200,2200,100
2026-08-21T15:07:38,2200,2200,61
2026-08-21T15:08:40,2200,2200,58
2026-08-21T15:09:45,2200,2200,55
2026-08-21T15:10:46,2200,2200,32
2026-08-21T15:11:48,2200,2200,2
2026-08-21T15:12:49,2200,2200,78
2026-08-21T15:13:50,2200,2200,100
2026-08-21T15:14:52,2200,2200,55
2026-08-21T15:15:53,2200,2200,42
2026-08-21T15:16:55,2200,2200,66
2026-08-21T15:17:56,2200,2200,53
2026-08-21T15:18:58,2200,2200,63
2026-08-21T15:19:59,2200,2200,78
2026-08-21T15:21:01,2200,2200,54
2026-08-21T15:22:02,2200,2200,56
2026-08-21T15:23:03,2200,2200,60
2026-08-21T15:24:05,2200,2200,52
2026-08-21T15:25:06,2200,2200,55
2026-08-21T15:26:11,2200,2200,55
2026-08-21T15:27:13,2200,2200,49
2026-08-21T15:28:14,2200,2200,59
2026-08-21T15:29:16,2200,2200,59
2026-08-21T15:30:17,2200,2200,32
2026-08-21T15:31:19,2200,2200,38
2026-08-21T15:32:20,2200,2200,39
2026-08-21T15:33:21,2200,2200,20
2026-08-21T15:34:23,2200,2200,22
2026-08-21T15:35:24,2200,2200,9
2026-08-21T15:36:26,2200,2200,33
2026-08-21T15:37:27,2200,2200,16
2026-08-21T15:38:28,2200,2200,8
2026-08-21T15:39:30,2200,2200,46
2026-08-21T15:40:32,2200,2200,98
2026-08-21T15:41:33,2200,2200,55
2026-08-21T15:42:38,2200,2200,60
2026-08-21T15:43:39,2200,2200,100
2026-08-21T15:44:41,2200,2200,68
2026-08-21T15:45:42,2200,2200,27
2026-08-21T15:46:44,2200,2200,86
2026-08-21T15:47:45,2200,2200,100
2026-08-21T15:48:46,2200,2200,100
2026-08-21T15:49:48,2200,2200,60
2026-08-21T15:50:49,2200,2200,100
2026-08-21T15:51:51,2200,2200,53
2026-08-21T15:52:52,2200,2200,59
2026-08-21T15:53:54,2200,2200,65
2026-08-21T15:54:55,2200,2200,58
2026-08-21T15:55:56,2200,2200,32
2026-08-21T15:56:58,2200,2200,61
2026-08-21T15:57:59,2200,2200,62
2026-08-21T15:59:04,2200,2200,67
2026-08-21T16:00:05,2200,2200,31
2026-08-21T16:01:07,2200,2200,29
2026-08-21T16:02:08,2200,2200,16
2026-08-21T16:03:10,2200,2200,29
2026-08-21T16:04:11,2200,2200,26
2026-08-21T16:05:12,2200,2200,34
2026-08-21T16:06:14,2200,2200,37
2026-08-21T16:07:15,2200,2200,24
2026-08-21T16:08:17,2200,2200,72
2026-08-21T16:09:18,2200,2200,14
2026-08-21T16:10:19,2200,2200,29
2026-08-21T16:11:21,2200,2200,32
2026-08-21T16:12:22,2200,2200,87
2026-08-21T16:13:24,2200,2200,26
2026-08-21T16:14:25,2200,2200,23
2026-08-21T16:15:31,2200,2200,98
2026-08-21T16:16:32,2200,2200,47
2026-08-21T16:17:34,2200,2200,59
2026-08-21T16:18:35,2200,2200,66
2026-08-21T16:19:37,2200,2200,66
2026-08-21T16:20:39,2200,2200,55
2026-08-21T16:21:40,2200,2200,76
2026-08-21T16:22:42,2200,2200,100
2026-08-21T16:23:43,2200,2200,65
2026-08-21T16:24:45,2200,2200,35
2026-08-21T16:25:46,2200,2200,93
2026-08-21T16:26:48,2200,2200,100
2026-08-21T16:27:49,2200,2200,100
2026-08-21T16:28:51,2200,2200,65
2026-08-21T16:29:52,2200,2200,57
2026-08-21T16:30:54,2200,2200,20
2026-08-21T16:31:58,2200,2200,65
2026-08-21T16:32:59,2200,2200,9
2026-08-21T16:34:01,2200,2200,72
2026-08-21T16:35:02,2200,2200,37
2026-08-21T16:36:04,2200,2200,25
2026-08-21T16:37:05,2200,2200,46
2026-08-21T16:38:06,2200,2200,32
2026-08-21T16:39:08,2200,2200,26
2026-08-21T16:40:09,2200,2200,28
2026-08-21T16:41:11,2200,2200,30
2026-08-21T16:42:12,2200,2200,36
2026-08-21T16:43:14,2200,2200,13
2026-08-21T16:44:15,2200,2200,25
2026-08-21T16:45:16,2200,2200,52
2026-08-21T16:46:18,2200,2200,54
2026-08-21T16:47:19,2200,2200,65
2026-08-21T16:48:24,2200,2200,48
2026-08-21T16:49:26,2200,2200,80
2026-08-21T16:50:27,2200,2200,26
2026-08-21T16:51:29,2200,2200,70
2026-08-21T16:52:30,2200,2200,74
2026-08-21T16:53:32,2200,2200,38
2026-08-21T16:54:33,2200,2200,70
2026-08-21T16:55:35,2200,2200,67
2026-08-21T16:56:36,2200,2200,19
2026-08-21T16:57:38,2200,2200,65
2026-08-21T16:58:39,2200,2200,71
2026-08-21T16:59:40,2200,2200,70
2026-08-21T17:00:42,2200,2200,69
2026-08-21T17:01:43,2200,2200,46
2026-08-21T17:02:45,2200,2200,51
2026-08-21T17:03:46,2200,2200,44
2026-08-21T17:04:50,2200,2200,30
2026-08-21T17:05:52,2200,2200,22
2026-08-21T17:06:53,2200,2200,33
2026-08-21T17:07:55,2200,2200,30
2026-08-21T17:08:56,2200,2200,20
2026-08-21T17:09:57,2200,2200,20
2026-08-21T17:10:59,2200,2200,43
2026-08-21T17:12:00,2200,2200,29
2026-08-21T17:13:02,2200,2200,70
2026-08-21T17:14:03,2200,2200,32
2026-08-21T17:15:05,2200,2200,69
2026-08-21T17:16:06,2200,2200,100
2026-08-21T17:17:07,2200,2200,51
2026-08-21T17:18:09,2200,2200,100
2026-08-21T17:19:10,2200,2200,68
2026-08-21T17:20:12,2200,2200,100
2026-08-21T17:21:16,2200,2200,71
2026-08-21T17:22:18,2200,2200,100
2026-08-21T17:23:19,2200,2200,67
2026-08-21T17:24:20,2200,2200,100
2026-08-21T17:25:22,2200,2200,100
2026-08-21T17:26:23,2200,2200,67
2026-08-21T17:27:25,2200,2200,60
2026-08-21T17:28:26,2200,2200,80
2026-08-21T17:29:28,2200,2200,55
2026-08-21T17:30:29,2200,2200,58
2026-08-21T17:31:30,2200,2200,59
2026-08-21T17:32:32,2200,2200,73
2026-08-21T17:33:33,2200,2200,33
2026-08-21T17:34:35,2200,2200,99
2026-08-21T17:35:36,2200,2200,75
2026-08-21T17:36:38,2200,2200,62
2026-08-21T17:37:43,2200,2200,54
2026-08-21T17:38:44,2200,2200,79
2026-08-21T17:39:46,2200,2200,77
2026-08-21T17:40:47,2200,2200,39
2026-08-21T17:41:48,2200,2200,66
2026-08-21T17:42:50,2200,2200,43
2026-08-21T17:43:51,2200,2200,70
2026-08-21T17:44:53,2200,2200,73
2026-08-21T17:45:54,2200,2200,73
2026-08-21T17:46:56,2200,2200,75
2026-08-21T17:47:57,2200,2200,100
2026-08-21T17:48:58,2200,2200,76
2026-08-21T17:50:00,2200,2200,18
2026-08-21T17:51:01,2200,2200,65
2026-08-21T17:52:03,2200,2200,53
2026-08-21T17:53:04,2200,2200,61
2026-08-21T17:54:09,2200,2200,58
2026-08-21T17:55:11,2200,2200,47
2026-08-21T17:56:12,2200,2200,98
2026-08-21T17:57:14,2200,2200,55
2026-08-21T17:58:15,2200,2200,100
2026-08-21T17:59:16,2200,2200,69
2026-08-21T18:00:18,2200,2200,25
2026-08-21T18:01:19,2200,2200,100
2026-08-21T18:02:21,2200,2200,23
2026-08-21T18:03:22,2200,2200,66
2026-08-21T18:04:24,2200,2200,56
2026-08-21T18:05:25,2200,2200,21
2026-08-21T18:06:26,2200,2200,26
2026-08-21T18:07:28,2200,2200,34
2026-08-21T18:08:29,2200,2200,86
2026-08-21T18:09:31,2200,2200,11
2026-08-21T18:10:36,2200,2200,20
2026-08-21T18:11:38,2200,2200,19
2026-08-21T18:12:39,2200,2200,14
2026-08-21T18:13:41,2200,2200,32
2026-08-21T18:14:42,2200,2200,19
2026-08-21T18:15:43,2200,2200,45
2026-08-21T18:16:45,2200,2200,70
2026-08-21T18:17:46,2200,2200,41
2026-08-21T18:18:48,2200,2200,62
2026-08-21T18:19:49,2200,2200,100
2026-08-21T18:20:51,2200,2200,72
2026-08-21T18:21:52,2200,2200,40
2026-08-21T18:22:53,2200,2200,72
2026-08-21T18:23:55,2200,2200,64
2026-08-21T18:24:56,2200,2200,59
2026-08-21T18:25:58,2200,2200,50
2026-08-21T18:27:02,2200,2200,23
2026-08-21T18:28:04,2200,2200,43
2026-08-21T18:29:05,2200,2200,9
2026-08-21T18:30:06,2200,2200,99
2026-08-21T18:31:08,2200,2200,57
2026-08-21T18:32:09,2200,2200,67
2026-08-21T18:33:11,2200,2200,47
2026-08-21T18:34:12,2200,2200,72
2026-08-21T18:35:14,2200,2200,26
2026-08-21T18:36:15,2200,2200,74
2026-08-21T18:37:16,2200,2200,60
2026-08-21T18:38:18,2200,2200,90
2026-08-21T18:39:19,2200,2200,68
2026-08-21T18:40:21,2200,2200,42
2026-08-21T18:41:22,2200,2200,42
2026-08-21T18:42:24,2200,2200,33
2026-08-21T18:43:28,2200,2200,62
2026-08-21T18:44:30,2200,2200,31
2026-08-21T18:45:31,2200,2200,26
2026-08-21T18:46:32,2200,2200,28
2026-08-21T18:47:34,2200,2200,13
2026-08-21T18:48:35,2200,2200,17
2026-08-21T18:49:37,2200,2200,25
2026-08-21T18:50:38,2200,2200,29
2026-08-21T18:51:40,2200,2200,25
2026-08-21T18:52:41,2200,2200,18
2026-08-21T18:53:42,2200,2200,26
2026-08-21T18:54:44,2200,2200,53
2026-08-21T18:55:45,2200,2200,63
2026-08-21T18:56:47,2200,2200,67
2026-08-21T18:57:48,2200,2200,22
2026-08-21T18:58:49,2200,2200,3
2026-08-21T18:59:53,2200,2200,15
2026-08-21T19:00:55,2200,2200,35
2026-08-21T19:01:56,2200,2200,50
2026-08-21T19:02:58,2200,2200,99
2026-08-21T19:03:59,2200,2200,24
2026-08-21T19:05:00,2200,2200,54
2026-08-21T19:06:02,2200,2200,53
2026-08-21T19:07:03,2200,2200,68
2026-08-21T19:08:05,2200,2200,65
2026-08-21T19:09:06,2200,2200,67
2026-08-21T19:10:08,2200,2200,64
2026-08-21T19:11:09,2200,2200,8
2026-08-21T19:12:11,2200,2200,74
2026-08-21T19:13:12,2200,2200,46
2026-08-21T19:14:13,2200,2200,66
2026-08-21T19:15:15,2200,2200,68
2026-08-21T19:16:20,2200,2200,66
2026-08-21T19:17:21,2200,2200,69
2026-08-21T19:18:23,2200,2200,70
2026-08-21T19:19:24,2200,2200,64
2026-08-21T19:20:26,2200,2200,26
2026-08-21T19:21:27,2200,2200,28
2026-08-21T19:22:29,2200,2200,27
2026-08-21T19:23:30,2200,2200,31
2026-08-21T19:24:31,2200,2200,33
2026-08-21T19:25:33,2200,2200,32
2026-08-21T19:26:34,2200,2200,28
2026-08-21T19:27:36,2200,2200,24
2026-08-21T19:28:37,2200,2200,62
2026-08-21T19:29:39,2200,2200,49
2026-08-21T19:30:40,2200,2200,84
2026-08-21T19:31:41,2200,2200,45
2026-08-21T19:32:46,2200,2200,62
2026-08-21T19:33:48,2200,2200,46
2026-08-21T19:34:49,2200,2200,64
2026-08-21T19:35:51,2200,2200,88
2026-08-21T19:36:52,2200,2200,57
2026-08-21T19:37:53,2200,2200,62
2026-08-21T19:38:55,2200,2200,96
2026-08-21T19:39:56,2200,2200,64
2026-08-21T19:40:58,2200,2200,52
2026-08-21T19:41:59,2200,2200,100
2026-08-21T19:43:01,2200,2200,65
2026-08-21T19:44:02,2200,2200,100
2026-08-21T19:45:03,2200,2200,52
2026-08-21T19:46:05,2200,2200,68
2026-08-21T19:47:06,2200,2200,63
2026-08-21T19:48:08,2200,2200,60
2026-08-21T19:49:12,2200,2200,29
2026-08-21T19:50:13,2200,2200,19
2026-08-21T19:51:15,2200,2200,18
2026-08-21T19:52:16,2200,2200,72
2026-08-21T19:53:18,2200,2200,68
2026-08-21T19:54:19,2200,2200,45
2026-08-21T19:55:21,2200,2200,38
2026-08-21T19:56:22,2200,2200,45
2026-08-21T19:57:23,2200,2200,48
2026-08-21T19:58:25,2200,2200,42
2026-08-21T19:59:26,2200,2200,39
2026-08-21T20:00:28,2200,2200,48
2026-08-21T20:01:29,2200,2200,97
2026-08-21T20:02:31,2200,2200,64
2026-08-21T20:03:32,2200,2200,69
2026-08-21T20:04:34,2200,2200,54
2026-08-21T20:05:38,2200,2200,18
2026-08-21T20:06:40,2200,2200,63
2026-08-21T20:07:41,2200,2200,64
2026-08-21T20:08:44,2200,2200,91
2026-08-21T20:09:45,2200,2200,88
2026-08-21T20:10:47,2200,2200,100
2026-08-21T20:11:48,2200,2200,100
2026-08-21T20:12:50,2200,2200,88
2026-08-21T20:13:51,2200,2200,95
2026-08-21T20:14:53,2200,2200,73
2026-08-21T20:15:54,2200,2200,100
2026-08-21T20:16:55,2200,2200,68
2026-08-21T20:17:57,2200,2200,95
2026-08-21T20:18:58,2200,2200,54
2026-08-21T20:20:00,2200,2200,59
2026-08-21T20:21:01,2200,2200,19
2026-08-21T20:22:05,2200,2200,7
2026-08-21T20:23:07,2200,2200,27
2026-08-21T20:24:08,2200,2200,6
2026-08-21T20:25:09,2200,2200,21
2026-08-21T20:26:11,2200,2200,15
2026-08-21T20:27:12,2200,2200,15
2026-08-21T20:28:14,2200,2200,13
2026-08-21T20:29:15,2200,2200,25
2026-08-21T20:30:16,2200,2200,13
2026-08-21T20:31:18,2200,2200,41
2026-08-21T20:32:20,2200,2200,63
2026-08-21T20:33:22,2200,2200,61
2026-08-21T20:34:23,2200,2200,54
2026-08-21T20:35:25,2200,2200,45
2026-08-21T20:36:26,2200,2200,78
2026-08-21T20:37:28,2200,2200,100
2026-08-21T20:38:33,2200,2200,82
2026-08-21T20:39:34,2200,2200,100
2026-08-21T20:40:36,2200,2200,72
2026-08-21T20:41:38,2200,2200,65
2026-08-21T20:42:40,2200,2200,55
2026-08-21T20:43:41,2200,2200,96
2026-08-21T20:44:43,2200,2200,57
2026-08-21T20:45:44,2200,2200,59
2026-08-21T20:46:45,2200,2200,74
2026-08-21T20:47:47,2200,2200,100
2026-08-21T20:48:48,2200,2200,100
2026-08-21T20:49:50,2200,2200,66
2026-08-21T20:50:51,2200,2200,40
2026-08-21T20:51:53,2200,2200,13
2026-08-21T20:52:54,2200,2200,20
2026-08-21T20:53:55,2200,2200,20
2026-08-21T20:55:00,2200,2200,16
2026-08-21T20:56:01,2200,2200,26
2026-08-21T20:57:02,2200,2200,17
2026-08-21T20:58:04,2200,2200,18
2026-08-21T20:59:05,2200,2200,19
2026-08-21T21:00:07,2200,2200,48
2026-08-21T21:01:08,2200,2200,25
2026-08-21T21:02:09,2200,2200,8
2026-08-21T21:03:11,2200,2200,20
2026-08-21T21:04:12,2200,2200,6
2026-08-21T21:05:14,2200,2200,17
2026-08-21T21:06:15,2200,2200,36
2026-08-21T21:07:16,2200,2200,18
2026-08-21T21:08:18,2200,2200,19
2026-08-21T21:09:19,2200,2200,38
2026-08-21T21:10:21,2200,2200,18
2026-08-21T21:11:24,2200,2200,30
2026-08-21T21:12:26,2200,2200,19
2026-08-21T21:13:27,2200,2200,17
2026-08-21T21:14:29,2200,2200,26
2026-08-21T21:15:30,2200,2200,13
2026-08-21T21:16:31,2200,2200,40
2026-08-21T21:17:33,2200,2200,6
2026-08-21T21:18:34,2200,2200,18
2026-08-21T21:19:36,2200,2200,20
2026-08-21T21:20:37,2200,2200,28
2026-08-21T21:21:38,2200,2200,100
2026-08-21T21:22:40,2200,2200,20
2026-08-21T21:23:41,2200,2200,13
2026-08-21T21:24:43,2200,2200,4
2026-08-21T21:25:44,2200,2200,18
2026-08-21T21:26:45,2200,2200,18
2026-08-21T21:27:49,2200,2200,14
2026-08-21T21:28:51,2200,2200,16
2026-08-21T21:29:52,2200,2200,8
2026-08-21T21:30:54,2200,2200,5
2026-08-21T21:31:55,2200,2200,17
2026-08-21T21:32:56,2200,2200,20
2026-08-21T21:33:58,2200,2200,19
2026-08-21T21:34:59,2200,2200,15
2026-08-21T21:36:01,2200,2200,15
2026-08-21T21:37:03,2200,2200,5
2026-08-21T21:38:04,2200,2200,42
2026-08-21T21:39:06,2200,2200,12
2026-08-21T21:40:07,2200,2200,18
2026-08-21T21:41:08,2200,2200,14
2026-08-21T21:42:10,2200,2200,9
2026-08-21T21:43:11,2200,2200,58
2026-08-21T21:44:17,2200,2200,8
2026-08-21T21:45:18,2200,2200,20
2026-08-21T21:46:19,2200,2200,54
2026-08-21T21:47:21,2200,2200,52
2026-08-21T21:48:22,2200,2200,55
2026-08-21T21:49:24,2200,2200,17
2026-08-21T21:50:25,2200,2200,16
2026-08-21T21:51:26,2200,2200,57
2026-08-21T21:52:28,2200,2200,56
2026-08-21T21:53:29,2200,2200,100
2026-08-21T21:54:31,2200,2200,28
2026-08-21T21:55:32,2200,2200,14
2026-08-21T21:56:33,2200,2200,9
2026-08-21T21:57:35,2200,2200,52
2026-08-21T21:58:36,2200,2200,7
2026-08-21T21:59:38,2200,2200,22
2026-08-21T22:00:42,2200,2200,60
2026-08-21T22:01:43,2200,2200,19
2026-08-21T22:02:45,2200,2200,22
2026-08-21T22:03:46,2200,2200,18
2026-08-21T22:04:47,2200,2200,19
2026-08-21T22:05:49,2200,2200,29
2026-08-21T22:06:50,2200,2200,16
2026-08-21T22:07:52,2200,2200,15
2026-08-21T22:08:53,2200,2200,20
2026-08-21T22:09:54,2200,2200,12
2026-08-21T22:10:56,2200,2200,22
2026-08-21T22:11:57,2200,2200,13
2026-08-21T22:12:59,2200,2200,19
2026-08-21T22:14:00,2200,2200,59
2026-08-21T22:15:02,2200,2200,30
2026-08-21T22:16:03,2200,2200,52
2026-08-21T22:17:07,2200,2200,52
2026-08-21T22:18:08,2200,2200,27
2026-08-21T22:19:10,2200,2200,48
2026-08-21T22:20:11,2200,2200,54
2026-08-21T22:21:12,2200,2200,54
2026-08-21T22:22:14,2200,2200,50
2026-08-21T22:23:15,2200,2200,26
2026-08-21T22:24:16,2200,2200,52
2026-08-21T22:25:18,2200,2200,50
2026-08-21T22:26:19,2200,2200,16
2026-08-21T22:27:21,2200,2200,9
2026-08-21T22:28:22,2200,2200,11
2026-08-21T22:29:23,2200,2200,12
2026-08-21T22:30:25,2200,2200,8
2026-08-21T22:31:26,2200,2200,21
2026-08-21T22:32:28,2200,2200,44
2026-08-21T22:33:32,2200,2200,11
2026-08-21T22:34:34,2200,2200,7
2026-08-21T22:35:35,2200,2200,60
2026-08-21T22:36:37,2200,2200,20
2026-08-21T22:37:38,2200,2200,54
2026-08-21T22:38:40,2200,2200,58
2026-08-21T22:39:41,2200,2200,60
2026-08-21T22:40:43,2200,2200,54
2026-08-21T22:41:44,2200,2200,63
2026-08-21T22:42:46,2200,2200,47
2026-08-21T22:43:47,2200,2200,56
2026-08-21T22:44:49,2200,2200,59
2026-08-21T22:45:51,2200,2200,55
2026-08-21T22:46:53,2200,2200,60
2026-08-21T22:47:54,2200,2200,60
2026-08-21T22:48:56,2200,2200,26
2026-08-21T22:50:02,2200,2200,54
2026-08-21T22:51:03,2200,2200,33
2026-08-21T22:52:05,2200,2200,68
2026-08-21T22:53:07,2200,2200,70
2026-08-21T22:54:09,2200,2200,57
2026-08-21T22:55:10,2200,2200,57
2026-08-21T22:56:12,2200,2200,55
2026-08-21T22:57:13,2200,2200,57
2026-08-21T22:58:15,2200,2200,100
2026-08-21T22:59:16,2200,2200,66
2026-08-21T23:00:18,2200,2200,53
2026-08-21T23:01:19,2200,2200,52
2026-08-21T23:02:21,2200,2200,61
2026-08-21T23:03:22,2200,2200,79
2026-08-21T23:04:23,2200,2200,15
2026-08-21T23:05:25,2200,2200,18
2026-08-21T23:06:29,2200,2200,21
2026-08-21T23:07:30,2200,2200,6
2026-08-21T23:08:32,2200,2200,16
2026-08-21T23:09:33,2200,2200,18
2026-08-21T23:10:35,2200,2200,8
2026-08-21T23:11:36,2200,2200,14
2026-08-21T23:12:37,2200,2200,11
2026-08-21T23:13:39,2200,2200,10
2026-08-21T23:14:40,2200,2200,20
2026-08-21T23:15:42,2200,2200,18
2026-08-21T23:16:43,2200,2200,51
2026-08-21T23:17:44,2200,2200,39
2026-08-21T23:18:46,2200,2200,46
2026-08-21T23:19:47,2200,2200,47
2026-08-21T23:20:49,2200,2200,57
2026-08-21T23:21:50,2200,2200,44
2026-08-21T23:22:55,2200,2200,18
2026-08-21T23:23:56,2200,2200,9
2026-08-21T23:24:58,2200,2200,58
2026-08-21T23:25:59,2200,2200,57
2026-08-21T23:27:01,2200,2200,56
2026-08-21T23:28:02,2200,2200,58
2026-08-21T23:29:03,2200,2200,62
2026-08-21T23:30:05,2200,2200,57
2026-08-21T23:31:06,2200,2200,52
2026-08-21T23:32:08,2200,2200,59
2026-08-21T23:33:09,2200,2200,56
2026-08-21T23:34:11,2200,2200,8
2026-08-21T23:35:12,2200,2200,10
2026-08-21T23:36:14,2200,2200,41
2026-08-21T23:37:15,2200,2200,9
2026-08-21T23:38:16,2200,2200,23
2026-08-21T23:39:20,2200,2200,56
2026-08-21T23:40:22,2200,2200,21
2026-08-21T23:41:23,2200,2200,28
2026-08-21T23:42:24,2200,2200,62
2026-08-21T23:43:26,2200,2200,29
2026-08-21T23:44:27,2200,2200,56
2026-08-21T23:45:29,2200,2200,20
2026-08-21T23:46:30,2200,2200,41
2026-08-21T23:47:31,2200,2200,17
2026-08-21T23:48:33,2200,2200,40
2026-08-21T23:49:34,2200,2200,21
2026-08-21T23:50:36,2200,2200,8
2026-08-21T23:51:37,2200,2200,31
2026-08-21T23:52:38,2200,2200,51
2026-08-21T23:53:40,2200,2200,64
2026-08-21T23:54:41,2200,2200,20
2026-08-21T23:55:45,2200,2200,20
2026-08-21T23:56:47,2200,2200,48
2026-08-21T23:57:48,2200,2200,16
2026-08-21T23:58:50,2200,2200,100
2026-08-21T23:59:51,2200,2200,16
2026-08-22T00:00:52,2200,2200,9
2026-08-22T00:01:54,2200,2200,16
2026-08-22T00:02:55,2200,2200,14
2026-08-22T00:03:56,2200,2200,29
2026-08-22T00:04:58,2200,2200,12
2026-08-22T00:05:59,2200,2200,27
2026-08-22T00:07:01,2200,2200,53
2026-08-22T00:08:02,2200,2200,17
2026-08-22T00:09:03,2200,2200,52
2026-08-22T00:10:05,2200,2200,19
2026-08-22T00:11:06,2200,2200,10
2026-08-22T00:12:10,2200,2200,19
2026-08-22T00:13:11,2200,2200,15
2026-08-22T00:14:13,2200,2200,54
2026-08-22T00:15:14,2200,2200,52
2026-08-22T00:16:16,2200,2200,65
2026-08-22T00:17:17,2200,2200,60
2026-08-22T00:18:18,2200,2200,21
2026-08-22T00:19:20,2200,2200,52
2026-08-22T00:20:21,2200,2200,53
2026-08-22T00:21:23,2200,2200,17
2026-08-22T00:22:24,2200,2200,57
2026-08-22T00:23:25,2200,2200,56
2026-08-22T00:24:27,2200,2200,55
2026-08-22T00:25:28,2200,2200,56
2026-08-22T00:26:30,2200,2200,50
2026-08-22T00:27:31,2200,2200,20
2026-08-22T00:28:35,2200,2200,60
2026-08-22T00:29:36,2200,2200,14
2026-08-22T00:30:37,2200,2200,28
2026-08-22T00:31:39,2200,2200,16
2026-08-22T00:32:40,2200,2200,16
2026-08-22T00:33:42,2200,2200,16
2026-08-22T00:34:43,2200,2200,16
2026-08-22T00:35:45,2200,2200,13
2026-08-22T00:36:46,2200,2200,12
2026-08-22T00:37:47,2200,2200,19
2026-08-22T00:38:49,2200,2200,12
2026-08-22T00:39:50,2200,2200,5
2026-08-22T00:40:51,2200,2200,2
2026-08-22T00:41:53,2200,2200,9
2026-08-22T00:42:54,2200,2200,10
2026-08-22T00:43:56,2200,2200,7
2026-08-22T00:45:00,2200,2200,15
2026-08-22T00:46:01,2200,2200,9
2026-08-22T00:47:02,2200,2200,5
2026-08-22T00:48:04,2200,2200,9
2026-08-22T00:49:05,2200,2200,9
2026-08-22T00:50:08,2200,2200,13
2026-08-22T00:51:09,2200,2200,11
2026-08-22T00:52:10,2200,2200,3
2026-08-22T00:53:12,2200,2200,11
2026-08-22T00:54:13,2200,2200,13
2026-08-22T00:55:15,2200,2200,11
2026-08-22T00:56:16,2200,2200,9
2026-08-22T00:57:17,2200,2200,8
2026-08-22T00:58:19,2200,2200,12
2026-08-22T00:59:20,2200,2200,7
2026-08-22T01:00:22,2200,2200,11
2026-08-22T01:01:26,2200,2200,46
2026-08-22T01:02:27,2200,2200,9
2026-08-22T01:03:28,2200,2200,22
2026-08-22T01:04:30,2200,2200,28
2026-08-22T01:05:31,2200,2200,22
2026-08-22T01:06:33,2200,2200,10
2026-08-22T01:07:34,2200,2200,8
2026-08-22T01:08:35,2200,2200,15
2026-08-22T01:09:37,2200,2200,23
2026-08-22T01:10:38,2200,2200,15
2026-08-22T01:11:40,2200,2200,21
2026-08-22T01:12:41,2200,2200,11
2026-08-22T01:13:42,2200,2200,19
2026-08-22T01:14:44,2200,2200,9
2026-08-22T01:15:45,2200,2200,9
2026-08-22T01:16:47,2200,2200,26
2026-08-22T01:17:51,2200,2200,10
2026-08-22T01:18:52,2200,2200,53
2026-08-22T01:19:53,2200,2200,16
2026-08-22T01:20:55,2200,2200,57
2026-08-22T01:21:56,2200,2200,58
2026-08-22T01:22:58,2200,2200,50
2026-08-22T01:23:59,2200,2200,63
2026-08-22T01:25:01,2200,2200,53
2026-08-22T01:26:02,2200,2200,56
2026-08-22T01:27:04,2200,2200,42
2026-08-22T01:28:05,2200,2200,59
2026-08-22T01:29:07,2200,2200,45
2026-08-22T01:30:08,2200,2200,17
2026-08-22T01:31:09,2200,2200,34
2026-08-22T01:32:11,2200,2200,44
2026-08-22T01:33:12,2200,2200,47
2026-08-22T01:34:17,2200,2200,37
2026-08-22T01:35:19,2200,2200,54
2026-08-22T01:36:20,2200,2200,99
2026-08-22T01:37:23,2200,2200,70
2026-08-22T01:38:24,2200,2200,52
2026-08-22T01:39:25,2200,2200,52
2026-08-22T01:40:27,2200,2200,70
2026-08-22T01:41:28,2200,2200,66
2026-08-22T01:42:30,2200,2200,78
2026-08-22T01:43:31,2200,2200,69
2026-08-22T01:44:33,2200,2200,66
2026-08-22T01:45:34,2200,2200,68
2026-08-22T01:46:36,2200,2200,75
2026-08-22T01:47:37,2200,2200,67
2026-08-22T01:48:39,2200,2200,56
2026-08-22T01:49:40,2200,2200,23
2026-08-22T01:50:44,2200,2200,11
2026-08-22T01:51:45,2200,2200,16
2026-08-22T01:52:47,2200,2200,18
2026-08-22T01:53:48,2200,2200,52
2026-08-22T01:54:49,2200,2200,6
2026-08-22T01:55:51,2200,2200,20
2026-08-22T01:56:52,2200,2200,71
2026-08-22T01:57:54,2200,2200,53
2026-08-22T01:58:55,2200,2200,12
2026-08-22T01:59:56,2200,2200,16
2026-08-22T02:00:58,2200,2200,65
2026-08-22T02:01:59,2200,2200,35
2026-08-22T02:03:01,2200,2200,79
2026-08-22T02:04:02,2200,2200,30
2026-08-22T02:05:04,2200,2200,48
2026-08-22T02:06:05,2200,2200,20
2026-08-22T02:07:12,2200,2200,72
2026-08-22T02:08:13,2200,2200,66
2026-08-22T02:09:15,2200,2200,89
2026-08-22T02:10:16,2200,2200,54
2026-08-22T02:11:18,2200,2200,58
2026-08-22T02:12:19,2200,2200,88
2026-08-22T02:13:20,2200,2200,53
2026-08-22T02:14:22,2200,2200,53
2026-08-22T02:15:23,2200,2200,54
2026-08-22T02:16:25,2200,2200,100
2026-08-22T02:17:26,2200,2200,66
2026-08-22T02:18:28,2200,2200,100
2026-08-22T02:19:29,2200,2200,55
2026-08-22T02:20:30,2200,2200,59
2026-08-22T02:21:32,2200,2200,55
2026-08-22T02:22:33,2200,2200,15
2026-08-22T02:23:37,2200,2200,60
2026-08-22T02:24:38,2200,2200,57
2026-08-22T02:25:40,2200,2200,18
2026-08-22T02:26:41,2200,2200,55
2026-08-22T02:27:43,2200,2200,12
2026-08-22T02:28:44,2200,2200,17
2026-08-22T02:29:45,2200,2200,54
2026-08-22T02:30:47,2200,2200,53
2026-08-22T02:31:48,2200,2200,51
2026-08-22T02:32:49,2200,2200,7
2026-08-22T02:33:51,2200,2200,23
2026-08-22T02:34:52,2200,2200,18
2026-08-22T02:35:54,2200,2200,61
2026-08-22T02:36:55,2200,2200,15
2026-08-22T02:37:57,2200,2200,19
2026-08-22T02:38:58,2200,2200,8
2026-08-22T02:40:02,2200,2200,48
2026-08-22T02:41:03,2200,2200,9
2026-08-22T02:42:04,2200,2200,14
2026-08-22T02:43:06,2200,2200,11
2026-08-22T02:44:07,2200,2200,13
2026-08-22T02:45:09,2200,2200,11
2026-08-22T02:46:10,2200,2200,19
2026-08-22T02:47:11,2200,2200,12
2026-08-22T02:48:13,2200,2200,6
2026-08-22T02:49:14,2200,2200,14
2026-08-22T02:50:16,2200,2200,15
2026-08-22T02:51:17,2200,2200,21
2026-08-22T02:52:19,2200,2200,17
2026-08-22T02:53:20,2200,2200,11
2026-08-22T02:54:21,2200,2200,7
2026-08-22T02:55:23,2200,2200,7
2026-08-22T02:56:27,2200,2200,6
2026-08-22T02:57:28,2200,2200,14
2026-08-22T02:58:30,2200,2200,11
2026-08-22T02:59:31,2200,2200,14
2026-08-22T03:00:32,2200,2200,18
2026-08-22T03:01:34,2200,2200,14
2026-08-22T03:02:35,2200,2200,11
2026-08-22T03:03:37,2200,2200,8
2026-08-22T03:04:38,2200,2200,10
2026-08-22T03:05:39,2200,2200,15
2026-08-22T03:06:41,2200,2200,22
2026-08-22T03:07:42,2200,2200,30
2026-08-22T03:08:44,2200,2200,20
2026-08-22T03:09:45,2200,2200,13
2026-08-22T03:10:46,2200,2200,14
2026-08-22T03:11:48,2200,2200,29
2026-08-22T03:12:52,2200,2200,15
2026-08-22T03:13:54,2200,2200,19
2026-08-22T03:14:55,2200,2200,9
2026-08-22T03:15:56,2200,2200,10
2026-08-22T03:16:58,2200,2200,18
2026-08-22T03:17:59,2200,2200,13
2026-08-22T03:19:00,2200,2200,8
2026-08-22T03:20:02,2200,2200,48
2026-08-22T03:21:03,2200,2200,8
2026-08-22T03:22:05,2200,2200,18
2026-08-22T03:23:06,2200,2200,16
2026-08-22T03:24:07,2200,2200,8
2026-08-22T03:25:09,2200,2200,12
2026-08-22T03:26:10,2200,2200,19
2026-08-22T03:27:11,2200,2200,7
2026-08-22T03:28:13,2200,2200,6
2026-08-22T03:29:17,2200,2200,9
2026-08-22T03:30:18,2200,2200,8
2026-08-22T03:31:19,2200,2200,6
2026-08-22T03:32:21,2200,2200,17
2026-08-22T03:33:22,2200,2200,9
2026-08-22T03:34:24,2200,2200,19
2026-08-22T03:35:25,2200,2200,7
2026-08-22T03:36:26,2200,2200,3
2026-08-22T03:37:28,2200,2200,4
2026-08-22T03:38:29,2200,2200,13
2026-08-22T03:39:31,2200,2200,4
2026-08-22T03:40:32,2200,2200,2
2026-08-22T03:41:34,2200,2200,10
2026-08-22T03:42:36,2200,2200,11
2026-08-22T03:43:37,2200,2200,45
2026-08-22T03:44:39,2200,2200,11
2026-08-22T03:45:43,2200,2200,11
2026-08-22T03:46:44,2200,2200,14
2026-08-22T03:47:46,2200,2200,7
2026-08-22T03:48:47,2200,2200,16
2026-08-22T03:49:48,2200,2200,24
2026-08-22T03:50:50,2200,2200,12
2026-08-22T03:51:51,2200,2200,16
2026-08-22T03:52:53,2200,2200,52
2026-08-22T03:53:54,2200,2200,26
2026-08-22T03:54:55,2200,2200,13
2026-08-22T03:55:57,2200,2200,55
2026-08-22T03:56:58,2200,2200,59
2026-08-22T03:58:00,2200,2200,17
2026-08-22T03:59:01,2200,2200,5
2026-08-22T04:00:02,2200,2200,24
2026-08-22T04:01:04,2200,2200,10
2026-08-22T04:02:08,2200,2200,25
2026-08-22T04:03:09,2200,2200,17
2026-08-22T04:04:11,2200,2200,65
2026-08-22T04:05:13,2200,2200,63
2026-08-22T04:06:15,2200,2200,67
2026-08-22T04:07:16,2200,2200,64
2026-08-22T04:08:18,2200,2200,47
2026-08-22T04:09:19,2200,2200,60
2026-08-22T04:10:21,2200,2200,54
2026-08-22T04:11:22,2200,2200,64
2026-08-22T04:12:24,2200,2200,54
2026-08-22T04:13:25,2200,2200,61
2026-08-22T04:14:27,2200,2200,50
2026-08-22T04:15:28,2200,2200,57
2026-08-22T04:16:30,2200,2200,53
2026-08-22T04:17:31,2200,2200,96
2026-08-22T04:18:37,2200,2200,96
2026-08-22T04:19:38,2200,2200,21
2026-08-22T04:20:40,2200,2200,56
2026-08-22T04:21:42,2200,2200,58
2026-08-22T04:22:44,2200,2200,57
2026-08-22T04:23:45,2200,2200,73
2026-08-22T04:24:47,2200,2200,73
2026-08-22T04:25:48,2200,2200,55
2026-08-22T04:26:51,2200,2200,57
2026-08-22T04:27:52,2200,2200,99
2026-08-22T04:28:54,2200,2200,55
2026-08-22T04:29:55,2200,2200,64
2026-08-22T04:30:56,2200,2200,99
2026-08-22T04:31:58,2200,2200,66
2026-08-22T04:32:59,2200,2200,12
2026-08-22T04:34:01,2200,2200,6
2026-08-22T04:35:04,2200,2200,4
2026-08-22T04:36:06,2200,2200,52
2026-08-22T04:37:07,2200,2200,53
2026-08-22T04:38:09,2200,2200,11
2026-08-22T04:39:10,2200,2200,23
2026-08-22T04:40:11,2200,2200,11
2026-08-22T04:41:13,2200,2200,67
2026-08-22T04:42:14,2200,2200,22
2026-08-22T04:43:16,2200,2200,46
2026-08-22T04:44:17,2200,2200,62
2026-08-22T04:45:19,2200,2200,49
2026-08-22T04:46:20,2200,2200,97
2026-08-22T04:47:22,2200,2200,63
2026-08-22T04:48:23,2200,2200,57
2026-08-22T04:49:25,2200,2200,21
2026-08-22T04:50:26,2200,2200,60
2026-08-22T04:51:31,2200,2200,60
2026-08-22T04:52:33,2200,2200,59
2026-08-22T04:53:34,2200,2200,40
2026-08-22T04:54:36,2200,2200,59
2026-08-22T04:55:37,2200,2200,60
2026-08-22T04:56:39,2200,2200,68
2026-08-22T04:57:40,2200,2200,60
2026-08-22T04:58:41,2200,2200,23
2026-08-22T04:59:43,2200,2200,58
2026-08-22T05:00:44,2200,2200,63
2026-08-22T05:01:46,2200,2200,59
2026-08-22T05:02:47,2200,2200,11
2026-08-22T05:03:49,2200,2200,15
2026-08-22T05:04:50,2200,2200,14
2026-08-22T05:05:51,2200,2200,11
2026-08-22T05:06:53,2200,2200,7
2026-08-22T05:07:57,2200,2200,16
2026-08-22T05:08:58,2200,2200,16
2026-08-22T05:10:00,2200,2200,13
2026-08-22T05:11:01,2200,2200,13
2026-08-22T05:12:03,2200,2200,17
2026-08-22T05:13:04,2200,2200,16
2026-08-22T05:14:05,2200,2200,7
2026-08-22T05:15:07,2200,2200,14
2026-08-22T05:16:08,2200,2200,57
2026-08-22T05:17:10,2200,2200,18
2026-08-22T05:18:11,2200,2200,52
2026-08-22T05:19:12,2200,2200,26
2026-08-22T05:20:14,2200,2200,17
2026-08-22T05:21:15,2200,2200,15
2026-08-22T05:22:17,2200,2200,54
2026-08-22T05:23:18,2200,2200,12
2026-08-22T05:24:22,2200,2200,13
2026-08-22T05:25:24,2200,2200,20
2026-08-22T05:26:25,2200,2200,54
2026-08-22T05:27:26,2200,2200,15
2026-08-22T05:28:28,2200,2200,11
2026-08-22T05:29:29,2200,2200,18
2026-08-22T05:30:31,2200,2200,46
2026-08-22T05:31:32,2200,2200,51
2026-08-22T05:32:33,2200,2200,15
2026-08-22T05:33:35,2200,2200,4
2026-08-22T05:34:36,2200,2200,14
2026-08-22T05:35:38,2200,2200,9
2026-08-22T05:36:39,2200,2200,8
2026-08-22T05:37:40,2200,2200,9
2026-08-22T05:38:42,2200,2200,10
2026-08-22T05:39:43,2200,2200,9
2026-08-22T05:40:47,2200,2200,8
2026-08-22T05:41:49,2200,2200,52
2026-08-22T05:42:50,2200,2200,55
2026-08-22T05:43:51,2200,2200,8
2026-08-22T05:44:53,2200,2200,45
2026-08-22T05:45:54,2200,2200,15
2026-08-22T05:46:55,2200,2200,5
2026-08-22T05:47:57,2200,2200,8
2026-08-22T05:48:58,2200,2200,58
2026-08-22T05:50:00,2200,2200,12
2026-08-22T05:51:01,2200,2200,10
2026-08-22T05:52:02,2200,2200,15
2026-08-22T05:53:04,2200,2200,11
2026-08-22T05:54:05,2200,2200,12
2026-08-22T05:55:07,2200,2200,19
2026-08-22T05:56:08,2200,2200,19
2026-08-22T05:57:12,2200,2200,22
2026-08-22T05:58:13,2200,2200,53
2026-08-22T05:59:15,2200,2200,55
2026-08-22T06:00:16,2200,2200,19
2026-08-22T06:01:17,2200,2200,20
2026-08-22T06:02:19,2200,2200,26
2026-08-22T06:03:20,2200,2200,14
2026-08-22T06:04:22,2200,2200,53
2026-08-22T06:05:23,2200,2200,22
2026-08-22T06:06:24,2200,2200,23
2026-08-22T06:07:26,2200,2200,15
2026-08-22T06:08:27,2200,2200,61
2026-08-22T06:09:29,2200,2200,55
2026-08-22T06:10:30,2200,2200,32
2026-08-22T06:11:31,2200,2200,59
2026-08-22T06:12:33,2200,2200,16
2026-08-22T06:13:37,2200,2200,14
2026-08-22T06:14:38,2200,2200,14
2026-08-22T06:15:40,2200,2200,48
2026-08-22T06:16:41,2200,2200,22
2026-08-22T06:17:42,2200,2200,14
2026-08-22T06:18:44,2200,2200,19
2026-08-22T06:19:45,2200,2200,14
2026-08-22T06:20:47,2200,2200,56
2026-08-22T06:21:48,2200,2200,7
2026-08-22T06:22:49,2200,2200,13
2026-08-22T06:23:51,2200,2200,10
2026-08-22T06:24:52,2200,2200,14
2026-08-22T06:25:54,2200,2200,58
2026-08-22T06:26:55,2200,2200,59
2026-08-22T06:27:56,2200,2200,59
2026-08-22T06:28:58,2200,2200,56
2026-08-22T06:30:02,2200,2200,26
2026-08-22T06:31:04,2200,2200,56
2026-08-22T06:32:05,2200,2200,29
2026-08-22T06:33:07,2200,2200,27
2026-08-22T06:34:08,2200,2200,9
2026-08-22T06:35:09,2200,2200,53
2026-08-22T06:36:11,2200,2200,52
2026-08-22T06:37:12,2200,2200,19
2026-08-22T06:38:13,2200,2200,9
2026-08-22T06:39:15,2200,2200,23
2026-08-22T06:40:16,2200,2200,18
2026-08-22T06:41:18,2200,2200,53
2026-08-22T06:42:19,2200,2200,18
2026-08-22T06:43:21,2200,2200,55
2026-08-22T06:44:22,2200,2200,4
2026-08-22T06:45:23,2200,2200,67
2026-08-22T06:46:28,2200,2200,24
2026-08-22T06:47:30,2200,2200,75
2026-08-22T06:48:31,2200,2200,100
2026-08-22T06:49:33,2200,2200,57
2026-08-22T06:50:34,2200,2200,72
2026-08-22T06:51:36,2200,2200,37
2026-08-22T06:52:37,2200,2200,26
2026-08-22T06:53:39,2200,2200,61
2026-08-22T06:54:40,2200,2200,68
2026-08-22T06:55:42,2200,2200,71
2026-08-22T06:56:43,2200,2200,53
2026-08-22T06:57:46,2200,2200,62
2026-08-22T06:58:47,2200,2200,61
2026-08-22T06:59:49,2200,2200,62
2026-08-22T07:00:50,2200,2200,53
2026-08-22T07:01:51,2200,2200,58
2026-08-22T07:02:56,2200,2200,26
2026-08-22T07:03:57,2200,2200,55
2026-08-22T07:04:59,2200,2200,59
2026-08-22T07:06:01,2200,2200,55
2026-08-22T07:07:03,2200,2200,93
2026-08-22T07:08:04,2200,2200,65
2026-08-22T07:09:06,2200,2200,5
2026-08-22T07:10:07,2200,2200,20
2026-08-22T07:11:08,2200,2200,58
2026-08-22T07:12:10,2200,2200,27
2026-08-22T07:13:11,2200,2200,36
2026-08-22T07:14:13,2200,2200,40
2026-08-22T07:15:14,2200,2200,36
2026-08-22T07:16:16,2200,2200,17
2026-08-22T07:17:17,2200,2200,12
2026-08-22T07:18:18,2200,2200,8
2026-08-22T07:19:23,2200,2200,12
2026-08-22T07:20:24,2200,2200,18
2026-08-22T07:21:25,2200,2200,46
2026-08-22T07:22:27,2200,2200,16
2026-08-22T07:23:28,2200,2200,13
2026-08-22T07:24:30,2200,2200,14
2026-08-22T07:25:31,2200,2200,10
2026-08-22T07:26:32,2200,2200,37
2026-08-22T07:27:34,2200,2200,33
2026-08-22T07:28:35,2200,2200,57
2026-08-22T07:29:37,2200,2200,55
2026-08-22T07:30:38,2200,2200,54
2026-08-22T07:31:40,2200,2200,59
2026-08-22T07:32:41,2200,2200,52
2026-08-22T07:33:43,2200,2200,21
2026-08-22T07:34:44,2200,2200,61
2026-08-22T07:35:49,2200,2200,65
2026-08-22T07:36:51,2200,2200,55
2026-08-22T07:37:52,2200,2200,63
2026-08-22T07:38:55,2200,2200,57
2026-08-22T07:39:56,2200,2200,55
2026-08-22T07:40:58,2200,2200,57
2026-08-22T07:41:59,2200,2200,68
2026-08-22T07:43:01,2200,2200,56
2026-08-22T07:44:02,2200,2200,53
2026-08-22T07:45:04,2200,2200,55
2026-08-22T07:46:05,2200,2200,6
2026-08-22T07:47:07,2200,2200,9
2026-08-22T07:48:08,2200,2200,10
2026-08-22T07:49:09,2200,2200,16
2026-08-22T07:50:11,2200,2200,14
2026-08-22T07:51:12,2200,2200,24
2026-08-22T07:52:17,2200,2200,19
2026-08-22T07:53:18,2200,2200,60
2026-08-22T07:54:19,2200,2200,16
2026-08-22T07:55:21,2200,2200,6
2026-08-22T07:56:22,2200,2200,53
2026-08-22T07:57:24,2200,2200,9
2026-08-22T07:58:25,2200,2200,7
2026-08-22T07:59:26,2200,2200,30
2026-08-22T08:00:28,2200,2200,9
2026-08-22T08:01:29,2200,2200,25
2026-08-22T08:02:31,2200,2200,7
2026-08-22T08:03:32,2200,2200,11
2026-08-22T08:04:33,2200,2200,5
2026-08-22T08:05:35,2200,2200,14
2026-08-22T08:06:36,2200,2200,10
2026-08-22T08:07:38,2200,2200,18
2026-08-22T08:08:41,2200,2200,12
2026-08-22T08:09:43,2200,2200,46
2026-08-22T08:10:44,2200,2200,9
2026-08-22T08:11:46,2200,2200,45
2026-08-22T08:12:47,2200,2200,17
2026-08-22T08:13:48,2200,2200,14
2026-08-22T08:14:50,2200,2200,7
2026-08-22T08:15:51,2200,2200,13
2026-08-22T08:16:53,2200,2200,6
2026-08-22T08:17:54,2200,2200,11
2026-08-22T08:18:55,2200,2200,60
2026-08-22T08:19:57,2200,2200,11
2026-08-22T08:20:58,2200,2200,15
2026-08-22T08:22:00,2200,2200,20
2026-08-22T08:23:01,2200,2200,8
2026-08-22T08:24:02,2200,2200,13
2026-08-22T08:25:06,2200,2200,6
2026-08-22T08:26:08,2200,2200,9
2026-08-22T08:27:09,2200,2200,59
2026-08-22T08:28:12,2200,2200,16
2026-08-22T08:29:13,2200,2200,54
2026-08-22T08:30:14,2200,2200,53
2026-08-22T08:31:16,2200,2200,28
2026-08-22T08:32:17,2200,2200,54
2026-08-22T08:33:19,2200,2200,61
2026-08-22T08:34:20,2200,2200,17
2026-08-22T08:35:21,2200,2200,19
2026-08-22T08:36:23,2200,2200,4
2026-08-22T08:37:24,2200,2200,20
2026-08-22T08:38:25,2200,2200,28
2026-08-22T08:39:27,2200,2200,22
2026-08-22T08:40:29,2200,2200,62
2026-08-22T08:41:33,2200,2200,15
2026-08-22T08:42:34,2200,2200,52
2026-08-22T08:43:36,2200,2200,18
2026-08-22T08:44:37,2200,2200,18
2026-08-22T08:45:38,2200,2200,53
2026-08-22T08:46:40,2200,2200,21
2026-08-22T08:47:41,2200,2200,58
2026-08-22T08:48:43,2200,2200,15
2026-08-22T08:49:44,2200,2200,55
2026-08-22T08:50:45,2200,2200,56
2026-08-22T08:51:47,2200,2200,53
2026-08-22T08:52:48,2200,2200,45
2026-08-22T08:53:50,2200,2200,14
2026-08-22T08:54:51,2200,2200,20
2026-08-22T08:55:52,2200,2200,32
2026-08-22T08:56:54,2200,2200,14
2026-08-22T08:57:58,2200,2200,8
2026-08-22T08:58:59,2200,2200,13
2026-08-22T09:00:00,2200,2200,4
2026-08-22T09:01:02,2200,2200,2
2026-08-22T09:02:03,2200,2200,23
2026-08-22T09:03:05,2200,2200,12
2026-08-22T09:04:06,2200,2200,53
2026-08-22T09:05:07,2200,2200,17
2026-08-22T09:06:09,2200,2200,16
2026-08-22T09:07:10,2200,2200,11
2026-08-22T09:08:12,2200,2200,7
2026-08-22T09:09:13,2200,2200,16
2026-08-22T09:10:14,2200,2200,20
2026-08-22T09:11:16,2200,2200,58
2026-08-22T09:12:17,2200,2200,30
2026-08-22T09:13:19,2200,2200,9
2026-08-22T09:14:22,2200,2200,60
2026-08-22T09:15:24,2200,2200,27
2026-08-22T09:16:25,2200,2200,8
2026-08-22T09:17:27,2200,2200,12
2026-08-22T09:18:28,2200,2200,90
2026-08-22T09:19:29,2200,2200,44
2026-08-22T09:20:31,2200,2200,11
2026-08-22T09:21:32,2200,2200,11
2026-08-22T09:22:34,2200,2200,8
2026-08-22T09:23:36,2200,2200,12
2026-08-22T09:24:37,2200,2200,4
2026-08-22T09:25:39,2200,2200,54
2026-08-22T09:26:40,2200,2200,9
2026-08-22T09:27:42,2200,2200,22
2026-08-22T09:28:43,2200,2200,13
2026-08-22T09:29:44,2200,2200,14
2026-08-22T09:30:48,2200,2200,17
2026-08-22T09:31:50,2200,2200,14
2026-08-22T09:32:51,2200,2200,10
2026-08-22T09:33:53,2200,2200,11
2026-08-22T09:34:54,2200,2200,58
2026-08-22T09:35:55,2200,2200,8
2026-08-22T09:36:57,2200,2200,18
2026-08-22T09:37:58,2200,2200,22
2026-08-22T09:38:59,2200,2200,3
2026-08-22T09:40:01,2200,2200,24
2026-08-22T09:41:02,2200,2200,40
2026-08-22T09:42:05,2200,2200,38
2026-08-22T09:43:06,2200,2200,32
2026-08-22T09:44:08,2200,2200,28
2026-08-22T09:45:09,2200,2200,9
2026-08-22T09:46:11,2200,2200,58
2026-08-22T09:47:19,2200,2200,100
2026-08-22T09:48:21,2200,2200,63
2026-08-22T09:49:22,2200,2200,72
2026-08-22T09:50:24,2200,2200,59
2026-08-22T09:51:26,2200,2200,67
2026-08-22T09:52:28,2200,2200,56
2026-08-22T09:53:29,2200,2200,55
2026-08-22T09:54:31,2200,2200,47
2026-08-22T09:55:32,2200,2200,68
2026-08-22T09:56:34,2200,2200,10
2026-08-22T09:57:35,2200,2200,9
2026-08-22T09:58:36,2200,2200,11
2026-08-22T09:59:38,2200,2200,12
2026-08-22T10:00:39,2200,2200,5
2026-08-22T10:01:41,2200,2200,12
2026-08-22T10:02:42,2200,2200,14
2026-08-22T10:03:46,2200,2200,19
2026-08-22T10:04:47,2200,2200,1
2026-08-22T10:05:49,2200,2200,7
2026-08-22T10:06:50,2200,2200,5
2026-08-22T10:07:52,2200,2200,5
2026-08-22T10:08:53,2200,2200,2
2026-08-22T10:09:54,2200,2200,8
2026-08-22T10:10:56,2200,2200,15
2026-08-22T10:11:57,2200,2200,14
2026-08-22T10:12:59,2200,2200,12
2026-08-22T10:14:00,2200,2200,13
2026-08-22T10:15:01,2200,2200,5
2026-08-22T10:16:03,2200,2200,22
2026-08-22T10:17:04,2200,2200,17
2026-08-22T10:18:06,2200,2200,15
2026-08-22T10:19:07,2200,2200,15
2026-08-22T10:20:11,2200,2200,12
2026-08-22T10:21:13,2200,2200,12
2026-08-22T10:22:14,2200,2200,20
2026-08-22T10:23:16,2200,2200,16
2026-08-22T10:24:17,2200,2200,16
2026-08-22T10:25:19,2200,2200,11
2026-08-22T10:26:20,2200,2200,20
2026-08-22T10:27:22,2200,2200,6
2026-08-22T10:28:24,2200,2200,28
2026-08-22T10:29:26,2200,2200,7
2026-08-22T10:30:27,2200,2200,55
2026-08-22T10:31:29,2200,2200,19
2026-08-22T10:32:30,2200,2200,14
2026-08-22T10:33:31,2200,2200,56
2026-08-22T10:34:33,2200,2200,11
2026-08-22T10:35:34,2200,2200,8
2026-08-22T10:36:38,2200,2200,16
2026-08-22T10:37:40,2200,2200,33
2026-08-22T10:38:41,2200,2200,9
2026-08-22T10:39:42,2200,2200,15
2026-08-22T10:40:44,2200,2200,12
2026-08-22T10:41:45,2200,2200,34
2026-08-22T10:42:47,2200,2200,8
2026-08-22T10:43:48,2200,2200,22
2026-08-22T10:44:49,2200,2200,12
2026-08-22T10:45:51,2200,2200,20
2026-08-22T10:46:52,2200,2200,13
2026-08-22T10:47:53,2200,2200,11
2026-08-22T10:48:55,2200,2200,20
2026-08-22T10:49:56,2200,2200,4
2026-08-22T10:50:58,2200,2200,14
2026-08-22T10:51:59,2200,2200,16
2026-08-22T10:53:03,2200,2200,8
2026-08-22T10:54:05,2200,2200,10
2026-08-22T10:55:06,2200,2200,31
2026-08-22T10:56:07,2200,2200,5
2026-08-22T10:57:09,2200,2200,18
2026-08-22T10:58:10,2200,2200,38
2026-08-22T10:59:12,2200,2200,55
2026-08-22T11:00:13,2200,2200,16
2026-08-22T11:01:14,2200,2200,17
2026-08-22T11:02:16,2200,2200,59
2026-08-22T11:03:17,2200,2200,36
2026-08-22T11:04:19,2200,2200,16
2026-08-22T11:05:20,2200,2200,52
2026-08-22T11:06:21,2200,2200,49
2026-08-22T11:07:23,2200,2200,19
2026-08-22T11:08:24,2200,2200,17
2026-08-22T11:09:28,2200,2200,12
2026-08-22T11:10:29,2200,2200,36
2026-08-22T11:11:31,2200,2200,8
2026-08-22T11:12:32,2200,2200,51
2026-08-22T11:13:34,2200,2200,14
2026-08-22T11:14:35,2200,2200,14
2026-08-22T11:15:36,2200,2200,32
2026-08-22T11:16:38,2200,2200,26
2026-08-22T11:17:39,2200,2200,17
2026-08-22T11:18:40,2200,2200,12
2026-08-22T11:19:42,2200,2200,10
2026-08-22T11:20:43,2200,2200,14
2026-08-22T11:21:45,2200,2200,21
2026-08-22T11:22:46,2200,2200,10
2026-08-22T11:23:47,2200,2200,27
2026-08-22T11:24:49,2200,2200,56
2026-08-22T11:25:52,2200,2200,67
2026-08-22T11:26:54,2200,2200,57
2026-08-22T11:27:55,2200,2200,40
2026-08-22T11:28:56,2200,2200,20
2026-08-22T11:29:58,2200,2200,57
2026-08-22T11:30:59,2200,2200,15
2026-08-22T11:32:01,2200,2200,58
2026-08-22T11:33:02,2200,2200,16
2026-08-22T11:34:03,2200,2200,54
2026-08-22T11:35:05,2200,2200,58
2026-08-22T11:36:06,2200,2200,2
2026-08-22T11:37:08,2200,2200,61
2026-08-22T11:38:09,2200,2200,53
2026-08-22T11:39:10,2200,2200,53
2026-08-22T11:40:12,2200,2200,11
2026-08-22T11:41:13,2200,2200,54
2026-08-22T11:42:17,2200,2200,24
2026-08-22T11:43:19,2200,2200,13
2026-08-22T11:44:20,2200,2200,34
2026-08-22T11:45:21,2200,2200,51
2026-08-22T11:46:23,2200,2200,56
2026-08-22T11:47:24,2200,2200,18
2026-08-22T11:48:26,2200,2200,23
2026-08-22T11:49:27,2200,2200,16
2026-08-22T11:50:28,2200,2200,44
2026-08-22T11:51:30,2200,2200,8
2026-08-22T11:52:31,2200,2200,10
2026-08-22T11:53:33,2200,2200,10
2026-08-22T11:54:34,2200,2200,12
2026-08-22T11:55:35,2200,2200,21
2026-08-22T11:56:37,2200,2200,16
2026-08-22T11:57:38,2200,2200,8
2026-08-22T11:58:42,2200,2200,16
2026-08-22T11:59:44,2200,2200,10
2026-08-22T12:00:45,2200,2200,21
2026-08-22T12:01:47,2200,2200,5
2026-08-22T12:02:48,2200,2200,13
2026-08-22T12:03:49,2200,2200,9
2026-08-22T12:04:51,2200,2200,10
2026-08-22T12:05:52,2200,2200,55
2026-08-22T12:06:54,2200,2200,15
2026-08-22T12:07:55,2200,2200,18
2026-08-22T12:08:56,2200,2200,37
2026-08-22T12:09:58,2200,2200,22
2026-08-22T12:10:59,2200,2200,17
2026-08-22T12:12:01,2200,2200,41
2026-08-22T12:13:02,2200,2200,30
2026-08-22T12:14:04,2200,2200,18
2026-08-22T12:15:11,2200,2200,63
2026-08-22T12:16:12,2200,2200,57
2026-08-22T12:17:14,2200,2200,67
2026-08-22T12:18:16,2200,2200,63
2026-08-22T12:19:18,2200,2200,61
2026-08-22T12:20:20,2200,2200,58
2026-08-22T12:21:21,2200,2200,56
2026-08-22T12:22:23,2200,2200,59
2026-08-22T12:23:24,2200,2200,66
2026-08-22T12:24:26,2200,2200,22
2026-08-22T12:25:27,2200,2200,76
2026-08-22T12:26:28,2200,2200,14
2026-08-22T12:27:30,2200,2200,56
2026-08-22T12:28:31,2200,2200,18
2026-08-22T12:29:33,2200,2200,11
2026-08-22T12:30:34,2200,2200,22
2026-08-22T12:31:38,2200,2200,49
2026-08-22T12:32:40,2200,2200,26
2026-08-22T12:33:41,2200,2200,35
2026-08-22T12:34:42,2200,2200,31
2026-08-22T12:35:44,2200,2200,9
2026-08-22T12:36:45,2200,2200,20
2026-08-22T12:37:47,2200,2200,23
2026-08-22T12:38:48,2200,2200,10
2026-08-22T12:39:49,2200,2200,20
2026-08-22T12:40:52,2200,2200,10
2026-08-22T12:41:53,2200,2200,19
2026-08-22T12:42:55,2200,2200,14
2026-08-22T12:43:56,2200,2200,17
2026-08-22T12:44:57,2200,2200,23
2026-08-22T12:45:59,2200,2200,11
2026-08-22T12:47:00,2200,2200,7
2026-08-22T12:48:04,2200,2200,50
2026-08-22T12:49:05,2200,2200,18
2026-08-22T12:50:07,2200,2200,7
2026-08-22T12:51:08,2200,2200,18
2026-08-22T12:52:10,2200,2200,16
2026-08-22T12:53:11,2200,2200,63
2026-08-22T12:54:12,2200,2200,15
2026-08-22T12:55:14,2200,2200,18
2026-08-22T12:56:15,2200,2200,55
2026-08-22T12:57:17,2200,2200,12
2026-08-22T12:58:18,2200,2200,7
2026-08-22T12:59:19,2200,2200,5
2026-08-22T13:00:21,2200,2200,10
2026-08-22T13:01:22,2200,2200,5
2026-08-22T13:02:24,2200,2200,4
2026-08-22T13:03:25,2200,2200,18
2026-08-22T13:04:29,2200,2200,55
2026-08-22T13:05:30,2200,2200,24
2026-08-22T13:06:32,2200,2200,52
2026-08-22T13:07:33,2200,2200,16
2026-08-22T13:08:34,2200,2200,9
2026-08-22T13:09:36,2200,2200,16
2026-08-22T13:10:37,2200,2200,15
2026-08-22T13:11:39,2200,2200,14
2026-08-22T13:12:40,2200,2200,16
2026-08-22T13:13:41,2200,2200,15
2026-08-22T13:14:43,2200,2200,18
2026-08-22T13:15:44,2200,2200,23
2026-08-22T13:16:46,2200,2200,60
2026-08-22T13:17:47,2200,2200,16
2026-08-22T13:18:48,2200,2200,51
2026-08-22T13:19:50,2200,2200,8
2026-08-22T13:20:54,2200,2200,13
2026-08-22T13:21:55,2200,2200,52
2026-08-22T13:22:57,2200,2200,22
2026-08-22T13:23:58,2200,2200,39
2026-08-22T13:25:00,2200,2200,17
2026-08-22T13:26:01,2200,2200,100
2026-08-22T13:27:02,2200,2200,19
2026-08-22T13:28:04,2200,2200,22
2026-08-22T13:29:05,2200,2200,13
2026-08-22T13:30:07,2200,2200,16
2026-08-22T13:31:08,2200,2200,53
2026-08-22T13:32:09,2200,2200,23
2026-08-22T13:33:11,2200,2200,54
2026-08-22T13:34:12,2200,2200,50
2026-08-22T13:35:14,2200,2200,54
2026-08-22T13:36:15,2200,2200,52
2026-08-22T13:37:19,2200,2200,18
2026-08-22T13:38:20,2200,2200,31
2026-08-22T13:39:22,2200,2200,14
2026-08-22T13:40:23,2200,2200,53
2026-08-22T13:41:24,2200,2200,8
2026-08-22T13:42:26,2200,2200,12
2026-08-22T13:43:27,2200,2200,8
2026-08-22T13:44:29,2200,2200,53
2026-08-22T13:45:30,2200,2200,54
2026-08-22T13:46:32,2200,2200,54
2026-08-22T13:47:33,2200,2200,59
2026-08-22T13:48:34,2200,2200,5
2026-08-22T13:49:36,2200,2200,50
2026-08-22T13:50:37,2200,2200,14
2026-08-22T13:51:39,2200,2200,20
2026-08-22T13:52:40,2200,2200,18
2026-08-22T13:53:43,2200,2200,100
2026-08-22T13:54:44,2200,2200,47
2026-08-22T13:55:46,2200,2200,24
2026-08-22T13:56:47,2200,2200,12
2026-08-22T13:57:49,2200,2200,11
2026-08-22T13:58:50,2200,2200,8
2026-08-22T13:59:52,2200,2200,13
2026-08-22T14:00:53,2200,2200,14
2026-08-22T14:01:54,2200,2200,14
2026-08-22T14:02:56,2200,2200,16
2026-08-22T14:03:57,2200,2200,15
2026-08-22T14:04:59,2200,2200,7
2026-08-22T14:06:00,2200,2200,11
2026-08-22T14:07:01,2200,2200,16
2026-08-22T14:08:03,2200,2200,14
2026-08-22T14:09:04,2200,2200,3
2026-08-22T14:10:08,2200,2200,6
2026-08-22T14:11:10,2200,2200,23
2026-08-22T14:12:11,2200,2200,8
2026-08-22T14:13:12,2200,2200,7
2026-08-22T14:14:14,2200,2200,7
2026-08-22T14:15:15,2200,2200,20
2026-08-22T14:16:17,2200,2200,14
2026-08-22T14:17:18,2200,2200,10
2026-08-22T14:18:19,2200,2200,6
2026-08-22T14:19:21,2200,2200,7
2026-08-22T14:20:22,2200,2200,12
2026-08-22T14:21:24,2200,2200,12
2026-08-22T14:22:25,2200,2200,20
2026-08-22T14:23:26,2200,2200,3
2026-08-22T14:24:28,2200,2200,9
2026-08-22T14:25:29,2200,2200,3
2026-08-22T14:26:33,2200,2200,9
2026-08-22T14:27:35,2200,2200,15
2026-08-22T14:28:36,2200,2200,18
2026-08-22T14:29:38,2200,2200,20
2026-08-22T14:30:39,2200,2200,55
2026-08-22T14:31:40,2200,2200,26
2026-08-22T14:32:42,2200,2200,14
2026-08-22T14:33:43,2200,2200,25
2026-08-22T14:34:45,2200,2200,14
2026-08-22T14:35:46,2200,2200,15
2026-08-22T14:36:47,2200,2200,39
2026-08-22T14:37:49,2200,2200,45
2026-08-22T14:38:50,2200,2200,48
2026-08-22T14:39:52,2200,2200,41
2026-08-22T14:40:53,2200,2200,41
2026-08-22T14:41:55,2200,2200,45
2026-08-22T14:42:59,2200,2200,53
2026-08-22T14:44:01,2200,2200,14
2026-08-22T14:45:02,2200,2200,60
2026-08-22T14:46:05,2200,2200,72
2026-08-22T14:47:06,2200,2200,61
2026-08-22T14:48:08,2200,2200,54
2026-08-22T14:49:09,2200,2200,52
2026-08-22T14:50:11,2200,2200,48
2026-08-22T14:51:12,2200,2200,55
2026-08-22T14:52:14,2200,2200,60
2026-08-22T14:53:15,2200,2200,58
2026-08-22T14:54:17,2200,2200,15
2026-08-22T14:55:18,2200,2200,63
2026-08-22T14:56:20,2200,2200,59
2026-08-22T14:57:21,2200,2200,11
2026-08-22T14:58:22,2200,2200,11
2026-08-22T14:59:26,2200,2200,15
2026-08-22T15:00:28,2200,2200,13
2026-08-22T15:01:29,2200,2200,6
2026-08-22T15:02:31,2200,2200,7
2026-08-22T15:03:32,2200,2200,62
2026-08-22T15:04:33,2200,2200,12
2026-08-22T15:05:35,2200,2200,16
2026-08-22T15:06:36,2200,2200,13
2026-08-22T15:07:38,2200,2200,16
2026-08-22T15:08:39,2200,2200,21
2026-08-22T15:09:40,2200,2200,57
2026-08-22T15:10:43,2200,2200,18
2026-08-22T15:11:44,2200,2200,19
2026-08-22T15:12:45,2200,2200,48
2026-08-22T15:13:47,2200,2200,14
2026-08-22T15:14:48,2200,2200,13
2026-08-22T15:15:52,2200,2200,34
2026-08-22T15:16:54,2200,2200,10
2026-08-22T15:17:55,2200,2200,15
2026-08-22T15:18:57,2200,2200,51
2026-08-22T15:19:58,2200,2200,21
2026-08-22T15:20:59,2200,2200,15
2026-08-22T15:22:01,2200,2200,54
2026-08-22T15:23:02,2200,2200,10
2026-08-22T15:24:04,2200,2200,17
2026-08-22T15:25:05,2200,2200,12
2026-08-22T15:26:06,2200,2200,41
2026-08-22T15:27:08,2200,2200,52
2026-08-22T15:28:09,2200,2200,51
2026-08-22T15:29:11,2200,2200,14
2026-08-22T15:30:12,2200,2200,55
2026-08-22T15:31:13,2200,2200,53
2026-08-22T15:32:17,2200,2200,15
2026-08-22T15:33:19,2200,2200,78
2026-08-22T15:34:20,2200,2200,21
2026-08-22T15:35:21,2200,2200,7
2026-08-22T15:36:23,2200,2200,16
2026-08-22T15:37:24,2200,2200,7
2026-08-22T15:38:26,2200,2200,17
2026-08-22T15:39:27,2200,2200,8
2026-08-22T15:40:28,2200,2200,61
2026-08-22T15:41:30,2200,2200,53
2026-08-22T15:42:31,2200,2200,19
2026-08-22T15:43:33,2200,2200,15
2026-08-22T15:44:34,2200,2200,100
2026-08-22T15:45:35,2200,2200,54
2026-08-22T15:46:37,2200,2200,16
2026-08-22T15:47:38,2200,2200,16
2026-08-22T15:48:42,2200,2200,56
2026-08-22T15:49:44,2200,2200,3
2026-08-22T15:50:45,2200,2200,57
2026-08-22T15:51:47,2200,2200,19
2026-08-22T15:52:48,2200,2200,54
2026-08-22T15:53:49,2200,2200,56
2026-08-22T15:54:51,2200,2200,16
2026-08-22T15:55:52,2200,2200,27
2026-08-22T15:56:54,2200,2200,15
2026-08-22T15:57:55,2200,2200,9
2026-08-22T15:58:56,2200,2200,12
2026-08-22T15:59:58,2200,2200,10
2026-08-22T16:00:59,2200,2200,15
2026-08-22T16:02:01,2200,2200,6
2026-08-22T16:03:02,2200,2200,10
2026-08-22T16:04:03,2200,2200,16
2026-08-22T16:05:07,2200,2200,10
2026-08-22T16:06:09,2200,2200,10
2026-08-22T16:07:10,2200,2200,16
2026-08-22T16:08:12,2200,2200,10
2026-08-22T16:09:13,2200,2200,26
2026-08-22T16:10:14,2200,2200,13
2026-08-22T16:11:16,2200,2200,9
2026-08-22T16:12:17,2200,2200,10
2026-08-22T16:13:19,2200,2200,8
2026-08-22T16:14:20,2200,2200,15
2026-08-22T16:15:21,2200,2200,8
2026-08-22T16:16:23,2200,2200,39
2026-08-22T16:17:24,2200,2200,44
2026-08-22T16:18:26,2200,2200,54
2026-08-22T16:19:27,2200,2200,41
2026-08-22T16:20:29,2200,2200,21
2026-08-22T16:21:33,2200,2200,13
2026-08-22T16:22:34,2200,2200,7
2026-08-22T16:23:35,2200,2200,11
2026-08-22T16:24:37,2200,2200,8
2026-08-22T16:25:38,2200,2200,10
2026-08-22T16:26:40,2200,2200,9
2026-08-22T16:27:41,2200,2200,24
2026-08-22T16:28:42,2200,2200,20
2026-08-22T16:29:44,2200,2200,16
2026-08-22T16:30:45,2200,2200,21
2026-08-22T16:31:47,2200,2200,54
2026-08-22T16:32:48,2200,2200,23
2026-08-22T16:33:50,2200,2200,22
2026-08-22T16:34:51,2200,2200,14
2026-08-22T16:35:52,2200,2200,17
2026-08-22T16:36:54,2200,2200,12
2026-08-22T16:37:58,2200,2200,9
2026-08-22T16:38:59,2200,2200,8
2026-08-22T16:40:01,2200,2200,15
2026-08-22T16:41:02,2200,2200,6
2026-08-22T16:42:03,2200,2200,14
2026-08-22T16:43:05,2200,2200,9
2026-08-22T16:44:06,2200,2200,11
2026-08-22T16:45:08,2200,2200,14
2026-08-22T16:46:09,2200,2200,7
2026-08-22T16:47:10,2200,2200,14
2026-08-22T16:48:13,2200,2200,22
2026-08-22T16:49:14,2200,2200,12
2026-08-22T16:50:16,2200,2200,30
2026-08-22T16:51:17,2200,2200,42
2026-08-22T16:52:19,2200,2200,7
2026-08-22T16:53:20,2200,2200,11
2026-08-22T16:54:24,2200,2200,17
2026-08-22T16:55:25,2200,2200,7
2026-08-22T16:56:27,2200,2200,58
2026-08-22T16:57:28,2200,2200,20
2026-08-22T16:58:30,2200,2200,14
2026-08-22T16:59:31,2200,2200,15
2026-08-22T17:00:32,2200,2200,10
2026-08-22T17:01:34,2200,2200,12
2026-08-22T17:02:35,2200,2200,14
2026-08-22T17:03:37,2200,2200,26
2026-08-22T17:04:38,2200,2200,30
2026-08-22T17:05:39,2200,2200,36
2026-08-22T17:06:41,2200,2200,39
2026-08-22T17:07:42,2200,2200,12
2026-08-22T17:08:44,2200,2200,57
2026-08-22T17:09:45,2200,2200,54
2026-08-22T17:10:53,2200,2200,70
2026-08-22T17:11:55,2200,2200,64
2026-08-22T17:12:56,2200,2200,68
2026-08-22T17:13:58,2200,2200,74
2026-08-22T17:15:00,2200,2200,57
2026-08-22T17:16:02,2200,2200,58
2026-08-22T17:17:03,2200,2200,26
2026-08-22T17:18:04,2200,2200,27
2026-08-22T17:19:06,2200,2200,58
2026-08-22T17:20:07,2200,2200,61
2026-08-22T17:21:09,2200,2200,61
2026-08-22T17:22:10,2200,2200,72
2026-08-22T17:23:12,2200,2200,85
2026-08-22T17:24:13,2200,2200,65
2026-08-22T17:25:15,2200,2200,64
2026-08-22T17:26:16,2200,2200,12
2026-08-22T17:27:20,2200,2200,22
2026-08-22T17:28:22,2200,2200,9
2026-08-22T17:29:23,2200,2200,21
2026-08-22T17:30:24,2200,2200,8
2026-08-22T17:31:26,2200,2200,49
2026-08-22T17:32:27,2200,2200,18
2026-08-22T17:33:29,2200,2200,9
2026-08-22T17:34:30,2200,2200,3
2026-08-22T17:35:31,2200,2200,10
2026-08-22T17:36:33,2200,2200,52
2026-08-22T17:37:35,2200,2200,24
2026-08-22T17:38:36,2200,2200,54
2026-08-22T17:39:38,2200,2200,56
2026-08-22T17:40:39,2200,2200,58
2026-08-22T17:41:41,2200,2200,54
2026-08-22T17:42:42,2200,2200,31
2026-08-22T17:43:46,2200,2200,100
2026-08-22T17:44:47,2200,2200,12
2026-08-22T17:45:48,2200,2200,56
2026-08-22T17:46:50,2200,2200,55
2026-08-22T17:47:51,2200,2200,17
2026-08-22T17:48:53,2200,2200,12
2026-08-22T17:49:54,2200,2200,63
2026-08-22T17:50:55,2200,2200,54
2026-08-22T17:51:57,2200,2200,55
2026-08-22T17:52:58,2200,2200,54
2026-08-22T17:54:00,2200,2200,7
2026-08-22T17:55:01,2200,2200,56
2026-08-22T17:56:02,2200,2200,53
2026-08-22T17:57:04,2200,2200,56
2026-08-22T17:58:05,2200,2200,57
2026-08-22T17:59:07,2200,2200,52
2026-08-22T18:00:10,2200,2200,18
2026-08-22T18:01:12,2200,2200,55
2026-08-22T18:02:13,2200,2200,54
2026-08-22T18:03:15,2200,2200,24
2026-08-22T18:04:16,2200,2200,6
2026-08-22T18:05:17,2200,2200,19
2026-08-22T18:06:19,2200,2200,13
2026-08-22T18:07:20,2200,2200,7
2026-08-22T18:08:22,2200,2200,17
2026-08-22T18:09:23,2200,2200,25
2026-08-22T18:10:24,2200,2200,15
2026-08-22T18:11:26,2200,2200,15
2026-08-22T18:12:27,2200,2200,21
2026-08-22T18:13:29,2200,2200,18
2026-08-22T18:14:30,2200,2200,10
2026-08-22T18:15:31,2200,2200,10
2026-08-22T18:16:36,2200,2200,6
2026-08-22T18:17:37,2200,2200,17
2026-08-22T18:18:39,2200,2200,13
2026-08-22T18:19:40,2200,2200,19
2026-08-22T18:20:41,2200,2200,14
2026-08-22T18:21:43,2200,2200,7
2026-08-22T18:22:44,2200,2200,18
2026-08-22T18:23:46,2200,2200,11
2026-08-22T18:24:47,2200,2200,10
2026-08-22T18:25:48,2200,2200,14
2026-08-22T18:26:50,2200,2200,27
2026-08-22T18:27:51,2200,2200,8
2026-08-22T18:28:53,2200,2200,8
2026-08-22T18:29:54,2200,2200,9
2026-08-22T18:30:55,2200,2200,12
2026-08-22T18:31:57,2200,2200,15
2026-08-22T18:33:02,2200,2200,18
2026-08-22T18:34:03,2200,2200,62
2026-08-22T18:35:04,2200,2200,15
2026-08-22T18:36:06,2200,2200,16
2026-08-22T18:37:07,2200,2200,22
2026-08-22T18:38:09,2200,2200,5
2026-08-22T18:39:10,2200,2200,23
2026-08-22T18:40:11,2200,2200,24
2026-08-22T18:41:13,2200,2200,19
2026-08-22T18:42:14,2200,2200,4
2026-08-22T18:43:16,2200,2200,11
2026-08-22T18:44:17,2200,2200,10
2026-08-22T18:45:18,2200,2200,12
2026-08-22T18:46:20,2200,2200,31
2026-08-22T18:47:21,2200,2200,10
2026-08-22T18:48:23,2200,2200,19
2026-08-22T18:49:27,2200,2200,14
2026-08-22T18:50:28,2200,2200,8
2026-08-22T18:51:29,2200,2200,14
2026-08-22T18:52:31,2200,2200,14
2026-08-22T18:53:32,2200,2200,6
2026-08-22T18:54:33,2200,2200,1
2026-08-22T18:55:35,2200,2200,15
2026-08-22T18:56:36,2200,2200,51
2026-08-22T18:57:38,2200,2200,10
2026-08-22T18:58:39,2200,2200,12
2026-08-22T18:59:40,2200,2200,15
2026-08-22T19:00:42,2200,2200,13
2026-08-22T19:01:43,2200,2200,3
2026-08-22T19:02:45,2200,2200,6
2026-08-22T19:03:46,2200,2200,12
2026-08-22T19:04:47,2200,2200,53
2026-08-22T19:05:51,2200,2200,4
2026-08-22T19:06:53,2200,2200,13
2026-08-22T19:07:54,2200,2200,10
2026-08-22T19:08:55,2200,2200,55
2026-08-22T19:09:57,2200,2200,8
2026-08-22T19:10:58,2200,2200,16
2026-08-22T19:12:00,2200,2200,5
2026-08-22T19:13:01,2200,2200,10
2026-08-22T19:14:02,2200,2200,10
2026-08-22T19:15:05,2200,2200,22
2026-08-22T19:16:06,2200,2200,53
2026-08-22T19:17:07,2200,2200,17
2026-08-22T19:18:09,2200,2200,18
2026-08-22T19:19:10,2200,2200,27
2026-08-22T19:20:12,2200,2200,7
2026-08-22T19:21:13,2200,2200,61
2026-08-22T19:22:17,2200,2200,56
2026-08-22T19:23:18,2200,2200,18
2026-08-22T19:24:20,2200,2200,60
2026-08-22T19:25:21,2200,2200,18
2026-08-22T19:26:22,2200,2200,8
2026-08-22T19:27:24,2200,2200,14
2026-08-22T19:28:25,2200,2200,22
2026-08-22T19:29:27,2200,2200,21
2026-08-22T19:30:28,2200,2200,8
2026-08-22T19:31:29,2200,2200,15
2026-08-22T19:32:31,2200,2200,7
2026-08-22T19:33:32,2200,2200,5
2026-08-22T19:34:34,2200,2200,3
2026-08-22T19:35:36,2200,2200,13
2026-08-22T19:36:37,2200,2200,11
2026-08-22T19:37:39,2200,2200,59
2026-08-22T19:38:42,2200,2200,52
2026-08-22T19:39:44,2200,2200,57
2026-08-22T19:40:45,2200,2200,21
2026-08-22T19:41:46,2200,2200,52
2026-08-22T19:42:48,2200,2200,68
2026-08-22T19:43:49,2200,2200,100
2026-08-22T19:44:51,2200,2200,100
2026-08-22T19:45:52,2200,2200,70
2026-08-22T19:46:54,2200,2200,86
2026-08-22T19:47:55,2200,2200,80
2026-08-22T19:48:57,2200,2200,84
2026-08-22T19:49:58,2200,2200,35
2026-08-22T19:51:00,2200,2200,87
2026-08-22T19:52:01,2200,2200,50
2026-08-22T19:53:02,2200,2200,10
2026-08-22T19:54:04,2200,2200,14
2026-08-22T19:55:09,2200,2200,38
2026-08-22T19:56:10,2200,2200,58
2026-08-22T19:57:11,2200,2200,6
2026-08-22T19:58:13,2200,2200,16
2026-08-22T19:59:14,2200,2200,10
2026-08-22T20:00:16,2200,2200,12
2026-08-22T20:01:17,2200,2200,34
2026-08-22T20:02:18,2200,2200,29
2026-08-22T20:03:20,2200,2200,18
2026-08-22T20:04:21,2200,2200,13
2026-08-22T20:05:23,2200,2200,47
2026-08-22T20:06:24,2200,2200,51
2026-08-22T20:07:28,2200,2200,19
2026-08-22T20:08:29,2200,2200,12
2026-08-22T20:09:31,2200,2200,13
2026-08-22T20:10:32,2200,2200,15
2026-08-22T20:11:36,2200,2200,9
2026-08-22T20:12:38,2200,2200,16
2026-08-22T20:13:39,2200,2200,15
2026-08-22T20:14:40,2200,2200,12
2026-08-22T20:15:42,2200,2200,8
2026-08-22T20:16:43,2200,2200,16
2026-08-22T20:17:45,2200,2200,10
2026-08-22T20:18:46,2200,2200,17
2026-08-22T20:19:47,2200,2200,15
2026-08-22T20:20:49,2200,2200,9
2026-08-22T20:21:50,2200,2200,15
2026-08-22T20:22:52,2200,2200,12
2026-08-22T20:23:53,2200,2200,16
2026-08-22T20:24:54,2200,2200,7
2026-08-22T20:25:56,2200,2200,16
2026-08-22T20:26:57,2200,2200,8
2026-08-22T20:28:01,2200,2200,18
2026-08-22T20:29:03,2200,2200,3
2026-08-22T20:30:04,2200,2200,26
2026-08-22T20:31:06,2200,2200,4
2026-08-22T20:32:07,2200,2200,12
2026-08-22T20:33:08,2200,2200,10
2026-08-22T20:34:10,2200,2200,15
2026-08-22T20:35:11,2200,2200,6
2026-08-22T20:36:13,2200,2200,10
2026-08-22T20:37:14,2200,2200,9
2026-08-22T20:38:15,2200,2200,14
2026-08-22T20:39:17,2200,2200,13
2026-08-22T20:40:18,2200,2200,23
2026-08-22T20:41:20,2200,2200,17
2026-08-22T20:42:21,2200,2200,17
2026-08-22T20:43:22,2200,2200,11
2026-08-22T20:44:27,2200,2200,13
2026-08-22T20:45:28,2200,2200,12
2026-08-22T20:46:30,2200,2200,10
2026-08-22T20:47:31,2200,2200,9
2026-08-22T20:48:32,2200,2200,32
2026-08-22T20:49:34,2200,2200,7
2026-08-22T20:50:35,2200,2200,11
2026-08-22T20:51:37,2200,2200,11
2026-08-22T20:52:38,2200,2200,16
2026-08-22T20:53:39,2200,2200,12
2026-08-22T20:54:41,2200,2200,8
2026-08-22T20:55:42,2200,2200,9
2026-08-22T20:56:44,2200,2200,15
2026-08-22T20:57:45,2200,2200,12
2026-08-22T20:58:47,2200,2200,16
2026-08-22T20:59:48,2200,2200,14
2026-08-22T21:00:52,2200,2200,15
2026-08-22T21:01:54,2200,2200,12
2026-08-22T21:02:55,2200,2200,12
2026-08-22T21:03:57,2200,2200,8
2026-08-22T21:04:58,2200,2200,22
2026-08-22T21:05:59,2200,2200,23
2026-08-22T21:07:01,2200,2200,15
2026-08-22T21:08:02,2200,2200,15
2026-08-22T21:09:04,2200,2200,17
2026-08-22T21:10:05,2200,2200,57
2026-08-22T21:11:06,2200,2200,62
2026-08-22T21:12:08,2200,2200,18
2026-08-22T21:13:09,2200,2200,11
2026-08-22T21:14:11,2200,2200,8
2026-08-22T21:15:12,2200,2200,10
2026-08-22T21:16:13,2200,2200,5
2026-08-22T21:17:18,2200,2200,46
2026-08-22T21:18:19,2200,2200,22
2026-08-22T21:19:20,2200,2200,20
2026-08-22T21:20:22,2200,2200,18
2026-08-22T21:21:23,2200,2200,7
2026-08-22T21:22:24,2200,2200,17
2026-08-22T21:23:26,2200,2200,15
2026-08-22T21:24:27,2200,2200,11
2026-08-22T21:25:29,2200,2200,5
2026-08-22T21:26:30,2200,2200,10
2026-08-22T21:27:31,2200,2200,5
2026-08-22T21:28:33,2200,2200,9
2026-08-22T21:29:34,2200,2200,10
2026-08-22T21:30:36,2200,2200,15
2026-08-22T21:31:37,2200,2200,13
2026-08-22T21:32:38,2200,2200,10
2026-08-22T21:33:42,2200,2200,26
2026-08-22T21:34:44,2200,2200,12
2026-08-22T21:35:45,2200,2200,15
2026-08-22T21:36:47,2200,2200,58
2026-08-22T21:37:48,2200,2200,10
2026-08-22T21:38:49,2200,2200,6
2026-08-22T21:39:51,2200,2200,7
2026-08-22T21:40:52,2200,2200,11
2026-08-22T21:41:54,2200,2200,15
2026-08-22T21:42:55,2200,2200,5
2026-08-22T21:43:56,2200,2200,9
2026-08-22T21:44:58,2200,2200,13
2026-08-22T21:45:59,2200,2200,18
2026-08-22T21:47:00,2200,2200,13
2026-08-22T21:48:02,2200,2200,18
2026-08-22T21:49:03,2200,2200,56
2026-08-22T21:50:07,2200,2200,55
2026-08-22T21:51:09,2200,2200,23
2026-08-22T21:52:10,2200,2200,58
2026-08-22T21:53:12,2200,2200,18
2026-08-22T21:54:13,2200,2200,13
2026-08-22T21:55:14,2200,2200,12
2026-08-22T21:56:16,2200,2200,43
2026-08-22T21:57:17,2200,2200,19
2026-08-22T21:58:19,2200,2200,15
2026-08-22T21:59:20,2200,2200,58
2026-08-22T22:00:22,2200,2200,30
2026-08-22T22:01:23,2200,2200,19
2026-08-22T22:02:24,2200,2200,26
2026-08-22T22:03:26,2200,2200,26
2026-08-22T22:04:27,2200,2200,31
2026-08-22T22:05:29,2200,2200,62
2026-08-22T22:06:33,2200,2200,64
2026-08-22T22:07:34,2200,2200,65
2026-08-22T22:08:36,2200,2200,74
2026-08-22T22:09:37,2200,2200,65
2026-08-22T22:10:39,2200,2200,61
2026-08-22T22:11:40,2200,2200,74
2026-08-22T22:12:42,2200,2200,56
2026-08-22T22:13:43,2200,2200,56
2026-08-22T22:14:44,2200,2200,55
2026-08-22T22:15:46,2200,2200,61
2026-08-22T22:16:47,2200,2200,57
2026-08-22T22:17:49,2200,2200,58
2026-08-22T22:18:50,2200,2200,55
2026-08-22T22:19:52,2200,2200,63
2026-08-22T22:20:53,2200,2200,60
2026-08-22T22:21:54,2200,2200,57
2026-08-22T22:22:59,2200,2200,55
2026-08-22T22:24:01,2200,2200,59
2026-08-22T22:25:02,2200,2200,60
2026-08-22T22:26:03,2200,2200,58
2026-08-22T22:27:05,2200,2200,97
2026-08-22T22:28:06,2200,2200,15
2026-08-22T22:29:08,2200,2200,60
2026-08-22T22:30:09,2200,2200,53
2026-08-22T22:31:10,2200,2200,12
2026-08-22T22:32:12,2200,2200,22
2026-08-22T22:33:13,2200,2200,68
2026-08-22T22:34:15,2200,2200,99
2026-08-22T22:35:16,2200,2200,14
2026-08-22T22:36:17,2200,2200,53
2026-08-22T22:37:19,2200,2200,66
2026-08-22T22:38:20,2200,2200,55
2026-08-22T22:39:25,2200,2200,71
2026-08-22T22:40:26,2200,2200,67
2026-08-22T22:41:28,2200,2200,82
2026-08-22T22:42:29,2200,2200,62
2026-08-22T22:43:31,2200,2200,69
2026-08-22T22:44:32,2200,2200,100
2026-08-22T22:45:34,2200,2200,61
2026-08-22T22:46:35,2200,2200,59
2026-08-22T22:47:36,2200,2200,59
2026-08-22T22:48:38,2200,2200,63
2026-08-22T22:49:39,2200,2200,65
2026-08-22T22:50:41,2200,2200,64
2026-08-22T22:51:42,2200,2200,66
2026-08-22T22:52:44,2200,2200,60
2026-08-22T22:53:45,2200,2200,64
2026-08-22T22:54:47,2200,2200,65
2026-08-22T22:55:52,2200,2200,69
2026-08-22T22:56:53,2200,2200,13
2026-08-22T22:57:55,2200,2200,12
2026-08-22T22:58:56,2200,2200,8
2026-08-22T22:59:58,2200,2200,6
2026-08-22T23:00:59,2200,2200,15
2026-08-22T23:02:00,2200,2200,55
2026-08-22T23:03:02,2200,2200,55
2026-08-22T23:04:03,2200,2200,68
2026-08-22T23:05:05,2200,2200,59
2026-08-22T23:06:06,2200,2200,58
2026-08-22T23:07:07,2200,2200,58
2026-08-22T23:08:09,2200,2200,59
2026-08-22T23:09:10,2200,2200,56
2026-08-22T23:10:12,2200,2200,62
2026-08-22T23:11:13,2200,2200,61
2026-08-22T23:12:18,2200,2200,56
2026-08-22T23:13:20,2200,2200,65
2026-08-22T23:14:21,2200,2200,65
2026-08-22T23:15:23,2200,2200,62
2026-08-22T23:16:24,2200,2200,100
2026-08-22T23:17:26,2200,2200,58
2026-08-22T23:18:27,2200,2200,63
2026-08-22T23:19:28,2200,2200,64
2026-08-22T23:20:30,2200,2200,62
2026-08-22T23:21:31,2200,2200,67
2026-08-22T23:22:33,2200,2200,62
2026-08-22T23:23:34,2200,2200,60
2026-08-22T23:24:36,2200,2200,66
2026-08-22T23:25:37,2200,2200,61
2026-08-22T23:26:39,2200,2200,64
2026-08-22T23:27:40,2200,2200,7
2026-08-22T23:28:44,2200,2200,12
2026-08-22T23:29:46,2200,2200,12
2026-08-22T23:30:47,2200,2200,10
2026-08-22T23:31:48,2200,2200,12
2026-08-22T23:32:50,2200,2200,58
2026-08-22T23:33:51,2200,2200,11
2026-08-22T23:34:53,2200,2200,11
2026-08-22T23:35:54,2200,2200,20
2026-08-22T23:36:55,2200,2200,20
2026-08-22T23:37:57,2200,2200,9
2026-08-22T23:38:58,2200,2200,9
2026-08-22T23:40:00,2200,2200,56
2026-08-22T23:41:01,2200,2200,62
2026-08-22T23:42:02,2200,2200,10
2026-08-22T23:43:05,2200,2200,15
2026-08-22T23:44:06,2200,2200,21
2026-08-22T23:45:10,2200,2200,20
2026-08-22T23:46:12,2200,2200,14
2026-08-22T23:47:13,2200,2200,52
2026-08-22T23:48:15,2200,2200,37
2026-08-22T23:49:16,2200,2200,44
2026-08-22T23:50:17,2200,2200,61
2026-08-22T23:51:19,2200,2200,11
2026-08-22T23:52:20,2200,2200,58
2026-08-22T23:53:22,2200,2200,14
2026-08-22T23:54:23,2200,2200,50
2026-08-22T23:55:24,2200,2200,6
2026-08-22T23:56:26,2200,2200,99
2026-08-22T23:57:27,2200,2200,79
2026-08-22T23:58:29,2200,2200,16
2026-08-22T23:59:30,2200,2200,31
2026-08-23T00:00:31,2200,2200,13
2026-08-23T00:01:36,2200,2200,54
2026-08-23T00:02:37,2200,2200,10
2026-08-23T00:03:38,2200,2200,13
2026-08-23T00:04:40,2200,2200,59
2026-08-23T00:05:41,2200,2200,3
2026-08-23T00:06:42,2200,2200,15
2026-08-23T00:07:44,2200,2200,11
2026-08-23T00:08:45,2200,2200,13
2026-08-23T00:09:47,2200,2200,53
2026-08-23T00:10:48,2200,2200,6
2026-08-23T00:11:49,2200,2200,12
2026-08-23T00:12:51,2200,2200,13
2026-08-23T00:13:52,2200,2200,50
2026-08-23T00:14:53,2200,2200,20
2026-08-23T00:15:55,2200,2200,63
2026-08-23T00:16:56,2200,2200,4
2026-08-23T00:18:01,2200,2200,11
2026-08-23T00:19:02,2200,2200,11
2026-08-23T00:20:04,2200,2200,14
2026-08-23T00:21:05,2200,2200,10
2026-08-23T00:22:06,2200,2200,48
2026-08-23T00:23:08,2200,2200,6
2026-08-23T00:24:09,2200,2200,14
2026-08-23T00:25:11,2200,2200,18
2026-08-23T00:26:12,2200,2200,55
2026-08-23T00:27:13,2200,2200,15
2026-08-23T00:28:15,2200,2200,24
2026-08-23T00:29:16,2200,2200,16
2026-08-23T00:30:18,2200,2200,19
2026-08-23T00:31:19,2200,2200,19
2026-08-23T00:32:20,2200,2200,18
2026-08-23T00:33:22,2200,2200,16
2026-08-23T00:34:26,2200,2200,51
2026-08-23T00:35:27,2200,2200,13
2026-08-23T00:36:28,2200,2200,18
2026-08-23T00:37:30,2200,2200,12
2026-08-23T00:38:31,2200,2200,16
2026-08-23T00:39:33,2200,2200,14
2026-08-23T00:40:34,2200,2200,16
2026-08-23T00:41:35,2200,2200,11
2026-08-23T00:42:37,2200,2200,14
2026-08-23T00:43:38,2200,2200,6
2026-08-23T00:44:40,2200,2200,19
2026-08-23T00:45:41,2200,2200,17
2026-08-23T00:46:42,2200,2200,12
2026-08-23T00:47:44,2200,2200,71
2026-08-23T00:48:45,2200,2200,17
2026-08-23T00:49:47,2200,2200,37
2026-08-23T00:50:51,2200,2200,16
2026-08-23T00:51:52,2200,2200,66
2026-08-23T00:52:54,2200,2200,10
2026-08-23T00:53:55,2200,2200,11
2026-08-23T00:54:56,2200,2200,7
2026-08-23T00:55:58,2200,2200,8
2026-08-23T00:56:59,2200,2200,10
2026-08-23T00:58:00,2200,2200,12
2026-08-23T00:59:02,2200,2200,12
2026-08-23T01:00:03,2200,2200,13
2026-08-23T01:01:05,2200,2200,9
2026-08-23T01:02:06,2200,2200,53
2026-08-23T01:03:07,2200,2200,14
2026-08-23T01:04:09,2200,2200,52
2026-08-23T01:05:10,2200,2200,8
2026-08-23T01:06:12,2200,2200,18
2026-08-23T01:07:15,2200,2200,6
2026-08-23T01:08:17,2200,2200,14
2026-08-23T01:09:18,2200,2200,58
2026-08-23T01:10:19,2200,2200,16
2026-08-23T01:11:21,2200,2200,20
2026-08-23T01:12:22,2200,2200,100
2026-08-23T01:13:24,2200,2200,10
2026-08-23T01:14:25,2200,2200,33
2026-08-23T01:15:27,2200,2200,28
2026-08-23T01:16:28,2200,2200,37
2026-08-23T01:17:29,2200,2200,7
2026-08-23T01:18:31,2200,2200,20
2026-08-23T01:19:32,2200,2200,33
2026-08-23T01:20:33,2200,2200,13
2026-08-23T01:21:35,2200,2200,54
2026-08-23T01:22:36,2200,2200,6
2026-08-23T01:23:40,2200,2200,11
2026-08-23T01:24:42,2200,2200,53
2026-08-23T01:25:43,2200,2200,9
2026-08-23T01:26:45,2200,2200,14
2026-08-23T01:27:46,2200,2200,12
2026-08-23T01:28:47,2200,2200,5
2026-08-23T01:29:49,2200,2200,13
2026-08-23T01:30:50,2200,2200,11
2026-08-23T01:31:52,2200,2200,12
2026-08-23T01:32:53,2200,2200,14
2026-08-23T01:33:54,2200,2200,14
2026-08-23T01:34:56,2200,2200,11
2026-08-23T01:35:57,2200,2200,13
2026-08-23T01:36:59,2200,2200,12
2026-08-23T01:38:00,2200,2200,13
2026-08-23T01:39:01,2200,2200,6
2026-08-23T01:40:05,2200,2200,12
2026-08-23T01:41:07,2200,2200,18
2026-08-23T01:42:08,2200,2200,13
2026-08-23T01:43:10,2200,2200,16
2026-08-23T01:44:11,2200,2200,7
2026-08-23T01:45:12,2200,2200,14
2026-08-23T01:46:14,2200,2200,25
2026-08-23T01:47:15,2200,2200,13
2026-08-23T01:48:17,2200,2200,12
2026-08-23T01:49:18,2200,2200,12
2026-08-23T01:50:19,2200,2200,15
2026-08-23T01:51:21,2200,2200,10
2026-08-23T01:52:22,2200,2200,16
2026-08-23T01:53:24,2200,2200,11
2026-08-23T01:54:25,2200,2200,44
2026-08-23T01:55:26,2200,2200,64
2026-08-23T01:56:31,2200,2200,23
2026-08-23T01:57:32,2200,2200,12
2026-08-23T01:58:34,2200,2200,12
2026-08-23T01:59:35,2200,2200,11
2026-08-23T02:00:36,2200,2200,11
2026-08-23T02:01:38,2200,2200,12
2026-08-23T02:02:39,2200,2200,10
2026-08-23T02:03:42,2200,2200,17
2026-08-23T02:04:43,2200,2200,12
2026-08-23T02:05:44,2200,2200,16
2026-08-23T02:06:46,2200,2200,9
2026-08-23T02:07:47,2200,2200,19
2026-08-23T02:08:49,2200,2200,40
2026-08-23T02:09:50,2200,2200,15
2026-08-23T02:10:51,2200,2200,15
2026-08-23T02:11:53,2200,2200,19
2026-08-23T02:12:57,2200,2200,17
2026-08-23T02:13:58,2200,2200,20
2026-08-23T02:15:00,2200,2200,21
2026-08-23T02:16:01,2200,2200,15
2026-08-23T02:17:02,2200,2200,8
2026-08-23T02:18:04,2200,2200,53
2026-08-23T02:19:05,2200,2200,28
2026-08-23T02:20:07,2200,2200,9
2026-08-23T02:21:08,2200,2200,8
2026-08-23T02:22:09,2200,2200,54
2026-08-23T02:23:11,2200,2200,19
2026-08-23T02:24:12,2200,2200,37
2026-08-23T02:25:13,2200,2200,9
2026-08-23T02:26:15,2200,2200,11
2026-08-23T02:27:16,2200,2200,50
2026-08-23T02:28:18,2200,2200,17
2026-08-23T02:29:21,2200,2200,7
2026-08-23T02:30:22,2200,2200,20
2026-08-23T02:31:24,2200,2200,16
2026-08-23T02:32:25,2200,2200,14
2026-08-23T02:33:27,2200,2200,53
2026-08-23T02:34:28,2200,2200,56
2026-08-23T02:35:29,2200,2200,14
2026-08-23T02:36:31,2200,2200,24
2026-08-23T02:37:32,2200,2200,19
2026-08-23T02:38:33,2200,2200,64
2026-08-23T02:39:35,2200,2200,16
2026-08-23T02:40:37,2200,2200,22
2026-08-23T02:41:39,2200,2200,7
2026-08-23T02:42:40,2200,2200,13
2026-08-23T02:43:41,2200,2200,6
2026-08-23T02:44:43,2200,2200,9
2026-08-23T02:45:47,2200,2200,16
2026-08-23T02:46:48,2200,2200,5
2026-08-23T02:47:49,2200,2200,10
2026-08-23T02:48:51,2200,2200,54
2026-08-23T02:49:52,2200,2200,52
2026-08-23T02:50:53,2200,2200,12
2026-08-23T02:51:55,2200,2200,14
2026-08-23T02:52:56,2200,2200,23
2026-08-23T02:53:58,2200,2200,52
2026-08-23T02:54:59,2200,2200,5
2026-08-23T02:56:00,2200,2200,16
2026-08-23T02:57:03,2200,2200,17
2026-08-23T02:58:04,2200,2200,18
2026-08-23T02:59:06,2200,2200,14
2026-08-23T03:00:07,2200,2200,20
2026-08-23T03:01:09,2200,2200,9
2026-08-23T03:02:13,2200,2200,17
2026-08-23T03:03:14,2200,2200,14
2026-08-23T03:04:16,2200,2200,19
2026-08-23T03:05:17,2200,2200,17
2026-08-23T03:06:18,2200,2200,40
2026-08-23T03:07:20,2200,2200,52
2026-08-23T03:08:21,2200,2200,55
2026-08-23T03:09:23,2200,2200,19
2026-08-23T03:10:24,2200,2200,13
2026-08-23T03:11:25,2200,2200,20
2026-08-23T03:12:27,2200,2200,62
2026-08-23T03:13:28,2200,2200,10
2026-08-23T03:14:30,2200,2200,11
2026-08-23T03:15:31,2200,2200,11
2026-08-23T03:16:32,2200,2200,9
2026-08-23T03:17:34,2200,2200,52
2026-08-23T03:18:38,2200,2200,39
2026-08-23T03:19:39,2200,2200,7
2026-08-23T03:20:40,2200,2200,11
2026-08-23T03:21:42,2200,2200,42
2026-08-23T03:22:43,2200,2200,60
2026-08-23T03:23:45,2200,2200,8
2026-08-23T03:24:46,2200,2200,12
2026-08-23T03:25:47,2200,2200,57
2026-08-23T03:26:49,2200,2200,12
2026-08-23T03:27:50,2200,2200,16
2026-08-23T03:28:52,2200,2200,53
2026-08-23T03:29:53,2200,2200,78
2026-08-23T03:30:54,2200,2200,10
2026-08-23T03:31:56,2200,2200,52
2026-08-23T03:32:57,2200,2200,6
2026-08-23T03:33:58,2200,2200,25
2026-08-23T03:35:02,2200,2200,65
2026-08-23T03:36:04,2200,2200,28
2026-08-23T03:37:05,2200,2200,55
2026-08-23T03:38:06,2200,2200,55
2026-08-23T03:39:08,2200,2200,21
2026-08-23T03:40:09,2200,2200,8
2026-08-23T03:41:10,2200,2200,12
2026-08-23T03:42:12,2200,2200,16
2026-08-23T03:43:13,2200,2200,52
2026-08-23T03:44:15,2200,2200,15
2026-08-23T03:45:16,2200,2200,66
2026-08-23T03:46:17,2200,2200,8
2026-08-23T03:47:19,2200,2200,18
2026-08-23T03:48:20,2200,2200,7
2026-08-23T03:49:22,2200,2200,10
2026-08-23T03:50:23,2200,2200,20
2026-08-23T03:51:27,2200,2200,13
2026-08-23T03:52:29,2200,2200,72
2026-08-23T03:53:30,2200,2200,11
2026-08-23T03:54:32,2200,2200,61
2026-08-23T03:55:33,2200,2200,19
2026-08-23T03:56:34,2200,2200,27
2026-08-23T03:57:36,2200,2200,14
2026-08-23T03:58:37,2200,2200,13
2026-08-23T03:59:39,2200,2200,12
2026-08-23T04:00:40,2200,2200,17
2026-08-23T04:01:41,2200,2200,23
2026-08-23T04:02:43,2200,2200,8
2026-08-23T04:03:44,2200,2200,14
2026-08-23T04:04:46,2200,2200,52
2026-08-23T04:05:47,2200,2200,19
2026-08-23T04:06:49,2200,2200,13
2026-08-23T04:07:53,2200,2200,24
2026-08-23T04:08:54,2200,2200,8
2026-08-23T04:09:56,2200,2200,11
2026-08-23T04:10:57,2200,2200,8
2026-08-23T04:11:58,2200,2200,54
2026-08-23T04:13:00,2200,2200,14
2026-08-23T04:14:01,2200,2200,9
2026-08-23T04:15:02,2200,2200,10
2026-08-23T04:16:04,2200,2200,12
2026-08-23T04:17:05,2200,2200,35
2026-08-23T04:18:07,2200,2200,17
2026-08-23T04:19:08,2200,2200,16
2026-08-23T04:20:09,2200,2200,15
2026-08-23T04:21:11,2200,2200,13
2026-08-23T04:22:12,2200,2200,12
2026-08-23T04:23:14,2200,2200,51
2026-08-23T04:24:18,2200,2200,10
2026-08-23T04:25:19,2200,2200,11
2026-08-23T04:26:21,2200,2200,60
2026-08-23T04:27:22,2200,2200,9
2026-08-23T04:28:24,2200,2200,20
2026-08-23T04:29:25,2200,2200,57
2026-08-23T04:30:27,2200,2200,26
2026-08-23T04:31:28,2200,2200,18
2026-08-23T04:32:29,2200,2200,11
2026-08-23T04:33:31,2200,2200,12
2026-08-23T04:34:32,2200,2200,13
2026-08-23T04:35:34,2200,2200,14
2026-08-23T04:36:35,2200,2200,13
2026-08-23T04:37:37,2200,2200,68
2026-08-23T04:38:39,2200,2200,11
2026-08-23T04:39:40,2200,2200,58
2026-08-23T04:40:44,2200,2200,14
2026-08-23T04:41:46,2200,2200,18
2026-08-23T04:42:47,2200,2200,9
2026-08-23T04:43:48,2200,2200,15
2026-08-23T04:44:50,2200,2200,16
2026-08-23T04:45:51,2200,2200,16
2026-08-23T04:46:53,2200,2200,11
2026-08-23T04:47:54,2200,2200,23
2026-08-23T04:48:56,2200,2200,10
2026-08-23T04:49:57,2200,2200,63
2026-08-23T04:50:58,2200,2200,21
2026-08-23T04:52:00,2200,2200,20
2026-08-23T04:53:01,2200,2200,15
2026-08-23T04:54:03,2200,2200,53
2026-08-23T04:55:04,2200,2200,11
2026-08-23T04:56:05,2200,2200,13
2026-08-23T04:57:09,2200,2200,15
2026-08-23T04:58:10,2200,2200,41
2026-08-23T04:59:12,2200,2200,8
2026-08-23T05:00:13,2200,2200,4
2026-08-23T05:01:15,2200,2200,14
2026-08-23T05:02:16,2200,2200,5
2026-08-23T05:03:17,2200,2200,11
2026-08-23T05:04:19,2200,2200,54
2026-08-23T05:05:20,2200,2200,11
2026-08-23T05:06:22,2200,2200,22
2026-08-23T05:07:23,2200,2200,99
2026-08-23T05:08:24,2200,2200,10
2026-08-23T05:09:26,2200,2200,63
2026-08-23T05:10:27,2200,2200,42
2026-08-23T05:11:29,2200,2200,64
2026-08-23T05:12:30,2200,2200,21
2026-08-23T05:13:34,2200,2200,53
2026-08-23T05:14:35,2200,2200,7
2026-08-23T05:15:36,2200,2200,20
2026-08-23T05:16:38,2200,2200,72
2026-08-23T05:17:39,2200,2200,17
2026-08-23T05:18:41,2200,2200,14
2026-08-23T05:19:42,2200,2200,32
2026-08-23T05:20:43,2200,2200,61
2026-08-23T05:21:45,2200,2200,14
2026-08-23T05:22:46,2200,2200,12
2026-08-23T05:23:48,2200,2200,58
2026-08-23T05:24:49,2200,2200,55
2026-08-23T05:25:50,2200,2200,33
2026-08-23T05:26:52,2200,2200,18
2026-08-23T05:27:53,2200,2200,94
2026-08-23T05:28:55,2200,2200,42
2026-08-23T05:29:59,2200,2200,17
2026-08-23T05:31:00,2200,2200,50
2026-08-23T05:32:01,2200,2200,88
2026-08-23T05:33:03,2200,2200,14
2026-08-23T05:34:04,2200,2200,49
2026-08-23T05:35:07,2200,2200,39
2026-08-23T05:36:08,2200,2200,16
2026-08-23T05:37:10,2200,2200,65
2026-08-23T05:38:11,2200,2200,46
2026-08-23T05:39:12,2200,2200,76
2026-08-23T05:40:14,2200,2200,93
2026-08-23T05:41:15,2200,2200,62
2026-08-23T05:42:16,2200,2200,63
2026-08-23T05:43:18,2200,2200,69
2026-08-23T05:44:19,2200,2200,62
2026-08-23T05:45:21,2200,2200,66
2026-08-23T05:46:25,2200,2200,69
2026-08-23T05:47:26,2200,2200,64
2026-08-23T05:48:28,2200,2200,75
2026-08-23T05:49:29,2200,2200,64
2026-08-23T05:50:30,2200,2200,66
2026-08-23T05:51:32,2200,2200,60
2026-08-23T05:52:33,2200,2200,66
2026-08-23T05:53:35,2200,2200,49
2026-08-23T05:54:36,2200,2200,62
2026-08-23T05:55:38,2200,2200,98
2026-08-23T05:56:39,2200,2200,54
2026-08-23T05:57:40,2200,2200,56
2026-08-23T05:58:42,2200,2200,67
2026-08-23T05:59:43,2200,2200,55
2026-08-23T06:00:45,2200,2200,8
2026-08-23T06:01:46,2200,2200,13
2026-08-23T06:02:49,2200,2200,14
2026-08-23T06:03:51,2200,2200,48
2026-08-23T06:04:52,2200,2200,57
2026-08-23T06:05:54,2200,2200,3
2026-08-23T06:06:56,2200,2200,22
2026-08-23T06:07:57,2200,2200,61
2026-08-23T06:08:58,2200,2200,28
2026-08-23T06:10:00,2200,2200,57
2026-08-23T06:11:01,2200,2200,57
2026-08-23T06:12:03,2200,2200,65
2026-08-23T06:13:04,2200,2200,47
2026-08-23T06:14:05,2200,2200,19
2026-08-23T06:15:07,2200,2200,23
2026-08-23T06:16:08,2200,2200,26
2026-08-23T06:17:10,2200,2200,39
2026-08-23T06:18:11,2200,2200,42
2026-08-23T06:19:15,2200,2200,45
2026-08-23T06:20:16,2200,2200,62
2026-08-23T06:21:18,2200,2200,42
2026-08-23T06:22:20,2200,2200,50
2026-08-23T06:23:21,2200,2200,45
2026-08-23T06:24:23,2200,2200,40
2026-08-23T06:25:24,2200,2200,30
2026-08-23T06:26:25,2200,2200,50
2026-08-23T06:27:27,2200,2200,57
2026-08-23T06:28:28,2200,2200,50
2026-08-23T06:29:30,2200,2200,53
2026-08-23T06:30:31,2200,2200,44
2026-08-23T06:31:32,2200,2200,12
2026-08-23T06:32:34,2200,2200,18
2026-08-23T06:33:35,2200,2200,36
2026-08-23T06:34:38,2200,2200,18
2026-08-23T06:35:42,2200,2200,33
2026-08-23T06:36:43,2200,2200,15
2026-08-23T06:37:45,2200,2200,18
2026-08-23T06:38:46,2200,2200,17
2026-08-23T06:39:47,2200,2200,67
2026-08-23T06:40:49,2200,2200,60
2026-08-23T06:41:50,2200,2200,56
2026-08-23T06:42:52,2200,2200,12
2026-08-23T06:43:54,2200,2200,66
2026-08-23T06:44:55,2200,2200,32
2026-08-23T06:45:57,2200,2200,59
2026-08-23T06:46:58,2200,2200,56
2026-08-23T06:48:00,2200,2200,61
2026-08-23T06:49:01,2200,2200,60
2026-08-23T06:50:02,2200,2200,59
2026-08-23T06:51:04,2200,2200,33
2026-08-23T06:52:08,2200,2200,56
2026-08-23T06:53:10,2200,2200,56
2026-08-23T06:54:11,2200,2200,48
2026-08-23T06:55:12,2200,2200,42
2026-08-23T06:56:14,2200,2200,54
2026-08-23T06:57:15,2200,2200,59
2026-08-23T06:58:17,2200,2200,57
2026-08-23T06:59:18,2200,2200,66
2026-08-23T07:00:20,2200,2200,57
2026-08-23T07:01:21,2200,2200,7
2026-08-23T07:02:22,2200,2200,14
2026-08-23T07:03:24,2200,2200,16
2026-08-23T07:04:25,2200,2200,16
2026-08-23T07:05:27,2200,2200,17
2026-08-23T07:06:28,2200,2200,15
2026-08-23T07:07:29,2200,2200,11
2026-08-23T07:08:33,2200,2200,8
2026-08-23T07:09:35,2200,2200,61
2026-08-23T07:10:36,2200,2200,16
2026-08-23T07:11:38,2200,2200,18
2026-08-23T07:12:39,2200,2200,16
2026-08-23T07:13:40,2200,2200,48
2026-08-23T07:14:42,2200,2200,8
2026-08-23T07:15:43,2200,2200,18
2026-08-23T07:16:45,2200,2200,23
2026-08-23T07:17:46,2200,2200,11
2026-08-23T07:18:47,2200,2200,13
2026-08-23T07:19:49,2200,2200,15
2026-08-23T07:20:50,2200,2200,15
2026-08-23T07:21:52,2200,2200,13
2026-08-23T07:22:53,2200,2200,11
2026-08-23T07:23:54,2200,2200,20
2026-08-23T07:24:59,2200,2200,12
2026-08-23T07:26:00,2200,2200,56
2026-08-23T07:27:02,2200,2200,27
2026-08-23T07:28:03,2200,2200,9
2026-08-23T07:29:04,2200,2200,15
2026-08-23T07:30:06,2200,2200,12
2026-08-23T07:31:07,2200,2200,9
2026-08-23T07:32:09,2200,2200,17
2026-08-23T07:33:10,2200,2200,5
2026-08-23T07:34:11,2200,2200,55
2026-08-23T07:35:13,2200,2200,6
2026-08-23T07:36:14,2200,2200,20
2026-08-23T07:37:15,2200,2200,18
2026-08-23T07:38:17,2200,2200,5
2026-08-23T07:39:18,2200,2200,19
2026-08-23T07:40:20,2200,2200,12
2026-08-23T07:41:23,2200,2200,51
2026-08-23T07:42:25,2200,2200,9
2026-08-23T07:43:26,2200,2200,58
2026-08-23T07:44:28,2200,2200,12
2026-08-23T07:45:29,2200,2200,29
2026-08-23T07:46:30,2200,2200,12
2026-08-23T07:47:32,2200,2200,18
2026-08-23T07:48:33,2200,2200,14
2026-08-23T07:49:35,2200,2200,18
2026-08-23T07:50:36,2200,2200,5
2026-08-23T07:51:37,2200,2200,17
2026-08-23T07:52:39,2200,2200,13
2026-08-23T07:53:40,2200,2200,5
2026-08-23T07:54:42,2200,2200,12
2026-08-23T07:55:43,2200,2200,15
2026-08-23T07:56:44,2200,2200,11
2026-08-23T07:57:48,2200,2200,14
2026-08-23T07:58:49,2200,2200,7
2026-08-23T07:59:51,2200,2200,24
2026-08-23T08:00:52,2200,2200,9
2026-08-23T08:01:53,2200,2200,9
2026-08-23T08:02:55,2200,2200,8
2026-08-23T08:03:56,2200,2200,9
2026-08-23T08:04:58,2200,2200,14
2026-08-23T08:05:59,2200,2200,6
2026-08-23T08:07:00,2200,2200,16
2026-08-23T08:08:02,2200,2200,5
2026-08-23T08:09:03,2200,2200,54
2026-08-23T08:10:05,2200,2200,19
2026-08-23T08:11:06,2200,2200,13
2026-08-23T08:12:07,2200,2200,23
2026-08-23T08:13:09,2200,2200,19
2026-08-23T08:14:13,2200,2200,85
2026-08-23T08:15:14,2200,2200,28
2026-08-23T08:16:16,2200,2200,53
2026-08-23T08:17:17,2200,2200,10
2026-08-23T08:18:18,2200,2200,19
2026-08-23T08:19:20,2200,2200,12
2026-08-23T08:20:21,2200,2200,98
2026-08-23T08:21:23,2200,2200,61
2026-08-23T08:22:24,2200,2200,47
2026-08-23T08:23:25,2200,2200,24
2026-08-23T08:24:27,2200,2200,16
2026-08-23T08:25:28,2200,2200,46
2026-08-23T08:26:30,2200,2200,13
2026-08-23T08:27:31,2200,2200,39
2026-08-23T08:28:32,2200,2200,8
2026-08-23T08:29:34,2200,2200,11
2026-08-23T08:30:38,2200,2200,54
2026-08-23T08:31:39,2200,2200,56
2026-08-23T08:32:41,2200,2200,52
2026-08-23T08:33:42,2200,2200,5
2026-08-23T08:34:43,2200,2200,54
2026-08-23T08:35:45,2200,2200,23
2026-08-23T08:36:46,2200,2200,52
2026-08-23T08:37:48,2200,2200,10
2026-08-23T08:38:49,2200,2200,5
2026-08-23T08:39:50,2200,2200,45
2026-08-23T08:40:52,2200,2200,76
2026-08-23T08:41:53,2200,2200,15
2026-08-23T08:42:54,2200,2200,17
2026-08-23T08:43:56,2200,2200,53
2026-08-23T08:44:57,2200,2200,53
2026-08-23T08:45:59,2200,2200,46
2026-08-23T08:47:02,2200,2200,53
2026-08-23T08:48:04,2200,2200,18
2026-08-23T08:49:05,2200,2200,57
2026-08-23T08:50:06,2200,2200,56
2026-08-23T08:51:08,2200,2200,58
2026-08-23T08:52:09,2200,2200,32
2026-08-23T08:53:11,2200,2200,60
2026-08-23T08:54:12,2200,2200,56
2026-08-23T08:55:13,2200,2200,38
2026-08-23T08:56:15,2200,2200,55
2026-08-23T08:57:16,2200,2200,9
2026-08-23T08:58:18,2200,2200,6
2026-08-23T08:59:19,2200,2200,55
2026-08-23T09:00:20,2200,2200,60
2026-08-23T09:01:22,2200,2200,17
2026-08-23T09:02:23,2200,2200,55
2026-08-23T09:03:27,2200,2200,5
2026-08-23T09:04:28,2200,2200,20
2026-08-23T09:05:30,2200,2200,9
2026-08-23T09:06:31,2200,2200,17
2026-08-23T09:07:33,2200,2200,17
2026-08-23T09:08:34,2200,2200,10
2026-08-23T09:09:35,2200,2200,13
2026-08-23T09:10:37,2200,2200,18
2026-08-23T09:11:38,2200,2200,8
2026-08-23T09:12:40,2200,2200,8
2026-08-23T09:13:41,2200,2200,7
2026-08-23T09:14:42,2200,2200,7
2026-08-23T09:15:44,2200,2200,11
2026-08-23T09:16:45,2200,2200,18
2026-08-23T09:17:46,2200,2200,7
2026-08-23T09:18:48,2200,2200,15
2026-08-23T09:19:52,2200,2200,14
2026-08-23T09:20:54,2200,2200,12
2026-08-23T09:21:55,2200,2200,19
2026-08-23T09:22:56,2200,2200,15
2026-08-23T09:23:58,2200,2200,8
2026-08-23T09:24:59,2200,2200,9
2026-08-23T09:26:01,2200,2200,61
2026-08-23T09:27:02,2200,2200,20
2026-08-23T09:28:03,2200,2200,8
2026-08-23T09:29:05,2200,2200,11
2026-08-23T09:30:06,2200,2200,29
2026-08-23T09:31:08,2200,2200,14
2026-08-23T09:32:09,2200,2200,16
2026-08-23T09:33:10,2200,2200,14
2026-08-23T09:34:12,2200,2200,8
2026-08-23T09:35:13,2200,2200,19
2026-08-23T09:36:18,2200,2200,21
2026-08-23T09:37:19,2200,2200,17
2026-08-23T09:38:20,2200,2200,9
2026-08-23T09:39:22,2200,2200,58
2026-08-23T09:40:23,2200,2200,12
2026-08-23T09:41:25,2200,2200,12
2026-08-23T09:42:26,2200,2200,10
2026-08-23T09:43:27,2200,2200,57
2026-08-23T09:44:29,2200,2200,14
2026-08-23T09:45:30,2200,2200,52
2026-08-23T09:46:32,2200,2200,13
2026-08-23T09:47:33,2200,2200,13
2026-08-23T09:48:34,2200,2200,4
2026-08-23T09:49:36,2200,2200,14
2026-08-23T09:50:37,2200,2200,6
2026-08-23T09:51:39,2200,2200,3
2026-08-23T09:52:42,2200,2200,8
2026-08-23T09:53:43,2200,2200,56
2026-08-23T09:54:45,2200,2200,13
2026-08-23T09:55:46,2200,2200,5
2026-08-23T09:56:48,2200,2200,15
2026-08-23T09:57:49,2200,2200,14
2026-08-23T09:58:50,2200,2200,25
2026-08-23T09:59:52,2200,2200,57
2026-08-23T10:00:53,2200,2200,57
2026-08-23T10:01:55,2200,2200,8
2026-08-23T10:02:56,2200,2200,3
2026-08-23T10:03:57,2200,2200,8
2026-08-23T10:04:59,2200,2200,7
2026-08-23T10:06:00,2200,2200,9
2026-08-23T10:07:02,2200,2200,16
2026-08-23T10:08:03,2200,2200,4
2026-08-23T10:09:06,2200,2200,11
2026-08-23T10:10:08,2200,2200,8
2026-08-23T10:11:09,2200,2200,10
2026-08-23T10:12:10,2200,2200,7
2026-08-23T10:13:12,2200,2200,12
2026-08-23T10:14:13,2200,2200,9
2026-08-23T10:15:15,2200,2200,7
2026-08-23T10:16:16,2200,2200,14
2026-08-23T10:17:17,2200,2200,20
2026-08-23T10:18:19,2200,2200,19
2026-08-23T10:19:20,2200,2200,54
2026-08-23T10:20:22,2200,2200,11
2026-08-23T10:21:23,2200,2200,58
2026-08-23T10:22:24,2200,2200,23
2026-08-23T10:23:26,2200,2200,53
2026-08-23T10:24:27,2200,2200,17
2026-08-23T10:25:32,2200,2200,68
2026-08-23T10:26:34,2200,2200,64
2026-08-23T10:27:35,2200,2200,69
2026-08-23T10:28:37,2200,2200,24
2026-08-23T10:29:38,2200,2200,28
2026-08-23T10:30:40,2200,2200,77
2026-08-23T10:31:41,2200,2200,36
2026-08-23T10:32:43,2200,2200,56
2026-08-23T10:33:44,2200,2200,50
2026-08-23T10:34:46,2200,2200,8
2026-08-23T10:35:47,2200,2200,8
2026-08-23T10:36:48,2200,2200,3
2026-08-23T10:37:50,2200,2200,48
2026-08-23T10:38:51,2200,2200,66
2026-08-23T10:39:52,2200,2200,22
2026-08-23T10:40:54,2200,2200,31
2026-08-23T10:41:58,2200,2200,19
2026-08-23T10:42:59,2200,2200,19
2026-08-23T10:44:01,2200,2200,20
2026-08-23T10:45:02,2200,2200,60
2026-08-23T10:46:04,2200,2200,16
2026-08-23T10:47:05,2200,2200,2
2026-08-23T10:48:06,2200,2200,28
2026-08-23T10:49:08,2200,2200,21
2026-08-23T10:50:09,2200,2200,57
2026-08-23T10:51:10,2200,2200,57
2026-08-23T10:52:12,2200,2200,16
2026-08-23T10:53:13,2200,2200,61
2026-08-23T10:54:15,2200,2200,22
2026-08-23T10:55:16,2200,2200,41
2026-08-23T10:56:18,2200,2200,22
2026-08-23T10:57:20,2200,2200,68
2026-08-23T10:58:24,2200,2200,18
2026-08-23T10:59:25,2200,2200,59
2026-08-23T11:00:27,2200,2200,58
2026-08-23T11:01:28,2200,2200,55
2026-08-23T11:02:29,2200,2200,41
2026-08-23T11:03:31,2200,2200,46
2026-08-23T11:04:32,2200,2200,14
2026-08-23T11:05:34,2200,2200,17
2026-08-23T11:06:35,2200,2200,31
2026-08-23T11:07:36,2200,2200,26
2026-08-23T11:08:38,2200,2200,21
2026-08-23T11:09:39,2200,2200,53
2026-08-23T11:10:41,2200,2200,57
2026-08-23T11:11:42,2200,2200,54
2026-08-23T11:12:43,2200,2200,19
2026-08-23T11:13:45,2200,2200,53
2026-08-23T11:14:49,2200,2200,8
2026-08-23T11:15:50,2200,2200,74
2026-08-23T11:16:51,2200,2200,41
2026-08-23T11:17:53,2200,2200,56
2026-08-23T11:18:54,2200,2200,24
2026-08-23T11:19:56,2200,2200,20
2026-08-23T11:20:57,2200,2200,21
2026-08-23T11:21:58,2200,2200,7
2026-08-23T11:23:00,2200,2200,39
2026-08-23T11:24:01,2200,2200,59
2026-08-23T11:25:03,2200,2200,50
2026-08-23T11:26:04,2200,2200,57
2026-08-23T11:27:06,2200,2200,57
2026-08-23T11:28:07,2200,2200,16
2026-08-23T11:29:08,2200,2200,17
2026-08-23T11:30:10,2200,2200,47
2026-08-23T11:31:13,2200,2200,14
2026-08-23T11:32:15,2200,2200,64
2026-08-23T11:33:16,2200,2200,99
2026-08-23T11:34:18,2200,2200,26
2026-08-23T11:35:19,2200,2200,55
2026-08-23T11:36:21,2200,2200,52
2026-08-23T11:37:22,2200,2200,57
2026-08-23T11:38:23,2200,2200,55
2026-08-23T11:39:25,2200,2200,38
2026-08-23T11:40:26,2200,2200,19
2026-08-23T11:41:28,2200,2200,54
2026-08-23T11:42:29,2200,2200,59
2026-08-23T11:43:30,2200,2200,45
2026-08-23T11:44:32,2200,2200,56
2026-08-23T11:45:33,2200,2200,13
2026-08-23T11:46:35,2200,2200,94
2026-08-23T11:47:38,2200,2200,49
2026-08-23T11:48:40,2200,2200,26
2026-08-23T11:49:41,2200,2200,61
2026-08-23T11:50:42,2200,2200,100
2026-08-23T11:51:44,2200,2200,27
2026-08-23T11:52:45,2200,2200,31
2026-08-23T11:53:47,2200,2200,24
2026-08-23T11:54:48,2200,2200,9
2026-08-23T11:55:49,2200,2200,28
2026-08-23T11:56:51,2200,2200,23
2026-08-23T11:57:52,2200,2200,19
2026-08-23T11:58:54,2200,2200,8
2026-08-23T11:59:55,2200,2200,49
2026-08-23T12:00:56,2200,2200,72
2026-08-23T12:01:58,2200,2200,13
2026-08-23T12:02:59,2200,2200,44
2026-08-23T12:04:03,2200,2200,24
2026-08-23T12:05:05,2200,2200,51
2026-08-23T12:06:06,2200,2200,29
2026-08-23T12:07:07,2200,2200,9
2026-08-23T12:08:09,2200,2200,21
2026-08-23T12:09:10,2200,2200,51
2026-08-23T12:10:12,2200,2200,23
2026-08-23T12:11:13,2200,2200,15
2026-08-23T12:12:14,2200,2200,22
2026-08-23T12:13:16,2200,2200,54
2026-08-23T12:14:17,2200,2200,100
2026-08-23T12:15:19,2200,2200,35
2026-08-23T12:16:20,2200,2200,100
2026-08-23T12:17:21,2200,2200,100
2026-08-23T12:18:23,2200,2200,99
2026-08-23T12:19:24,2200,2200,53
2026-08-23T12:20:28,2200,2200,100
2026-08-23T12:21:29,2200,2200,22
2026-08-23T12:22:31,2200,2200,25
2026-08-23T12:23:32,2200,2200,14
2026-08-23T12:24:34,2200,2200,54
2026-08-23T12:25:35,2200,2200,22
2026-08-23T12:26:36,2200,2200,19
2026-08-23T12:27:38,2200,2200,49
2026-08-23T12:28:39,2200,2200,13
2026-08-23T12:29:41,2200,2200,23
2026-08-23T12:30:42,2200,2200,51
2026-08-23T12:31:43,2200,2200,18
2026-08-23T12:32:45,2200,2200,65
2026-08-23T12:33:46,2200,2200,37
2026-08-23T12:34:48,2200,2200,100
2026-08-23T12:35:49,2200,2200,55
2026-08-23T12:36:53,2200,2200,28
2026-08-23T12:37:54,2200,2200,21
2026-08-23T12:38:56,2200,2200,43
2026-08-23T12:39:57,2200,2200,12
2026-08-23T12:40:59,2200,2200,14
2026-08-23T12:42:00,2200,2200,57
2026-08-23T12:43:01,2200,2200,57
2026-08-23T12:44:03,2200,2200,12
2026-08-23T12:45:04,2200,2200,21
2026-08-23T12:46:06,2200,2200,20
2026-08-23T12:47:07,2200,2200,18
2026-08-23T12:48:08,2200,2200,43
2026-08-23T12:49:10,2200,2200,20
2026-08-23T12:50:12,2200,2200,66
2026-08-23T12:51:13,2200,2200,39
2026-08-23T12:52:15,2200,2200,54
2026-08-23T12:53:19,2200,2200,16
2026-08-23T12:54:20,2200,2200,51
2026-08-23T12:55:22,2200,2200,55
2026-08-23T12:56:23,2200,2200,56
2026-08-23T12:57:25,2200,2200,69
2026-08-23T12:58:26,2200,2200,54
2026-08-23T12:59:28,2200,2200,100
2026-08-23T13:00:29,2200,2200,73
2026-08-23T13:01:30,2200,2200,88
2026-08-23T13:02:32,2200,2200,52
2026-08-23T13:03:33,2200,2200,51
2026-08-23T13:04:35,2200,2200,30
2026-08-23T13:05:36,2200,2200,19
2026-08-23T13:06:37,2200,2200,60
2026-08-23T13:07:39,2200,2200,34
2026-08-23T13:08:40,2200,2200,74
2026-08-23T13:09:45,2200,2200,53
2026-08-23T13:10:46,2200,2200,55
2026-08-23T13:11:47,2200,2200,54
2026-08-23T13:12:49,2200,2200,24
2026-08-23T13:13:50,2200,2200,25
2026-08-23T13:14:52,2200,2200,16
2026-08-23T13:15:53,2200,2200,22
2026-08-23T13:16:54,2200,2200,18
2026-08-23T13:17:56,2200,2200,67
2026-08-23T13:18:57,2200,2200,64
2026-08-23T13:19:59,2200,2200,58
2026-08-23T13:21:00,2200,2200,47
2026-08-23T13:22:01,2200,2200,68
2026-08-23T13:23:03,2200,2200,99
2026-08-23T13:24:04,2200,2200,64
2026-08-23T13:25:06,2200,2200,74
2026-08-23T13:26:10,2200,2200,64
2026-08-23T13:27:12,2200,2200,66
2026-08-23T13:28:13,2200,2200,73
2026-08-23T13:29:15,2200,2200,87
2026-08-23T13:30:16,2200,2200,98
2026-08-23T13:31:17,2200,2200,54
2026-08-23T13:32:19,2200,2200,74
2026-08-23T13:33:20,2200,2200,76
2026-08-23T13:34:22,2200,2200,99
2026-08-23T13:35:23,2200,2200,62
2026-08-23T13:36:25,2200,2200,100
2026-08-23T13:37:26,2200,2200,100
2026-08-23T13:38:27,2200,2200,63
2026-08-23T13:39:29,2200,2200,100
2026-08-23T13:40:30,2200,2200,15
2026-08-23T13:41:31,2200,2200,28
2026-08-23T13:42:35,2200,2200,80
2026-08-23T13:43:36,2200,2200,62
2026-08-23T13:44:38,2200,2200,100
2026-08-23T13:45:39,2200,2200,18
2026-08-23T13:46:40,2200,2200,100
2026-08-23T13:47:42,2200,2200,68
2026-08-23T13:48:43,2200,2200,54
2026-08-23T13:49:45,2200,2200,25
2026-08-23T13:50:46,2200,2200,62
2026-08-23T13:51:47,2200,2200,69
2026-08-23T13:52:49,2200,2200,53
2026-08-23T13:53:51,2200,2200,30
2026-08-23T13:54:53,2200,2200,44
2026-08-23T13:55:54,2200,2200,45
2026-08-23T13:56:55,2200,2200,76
2026-08-23T13:57:57,2200,2200,60
2026-08-23T13:59:01,2200,2200,52
2026-08-23T14:00:03,2200,2200,54
2026-08-23T14:01:04,2200,2200,24
2026-08-23T14:02:06,2200,2200,49
2026-08-23T14:03:07,2200,2200,54
2026-08-23T14:04:08,2200,2200,65
2026-08-23T14:05:10,2200,2200,23
2026-08-23T14:06:11,2200,2200,28
2026-08-23T14:07:13,2200,2200,16
2026-08-23T14:08:14,2200,2200,52
2026-08-23T14:09:15,2200,2200,42
2026-08-23T14:10:17,2200,2200,32
2026-08-23T14:11:18,2200,2200,65
2026-08-23T14:12:20,2200,2200,69
2026-08-23T14:13:21,2200,2200,74
2026-08-23T14:14:23,2200,2200,76
2026-08-23T14:15:27,2200,2200,58
2026-08-23T14:16:29,2200,2200,69
2026-08-23T14:17:30,2200,2200,76
2026-08-23T14:18:31,2200,2200,89
2026-08-23T14:19:33,2200,2200,68
2026-08-23T14:20:34,2200,2200,56
2026-08-23T14:21:36,2200,2200,67
2026-08-23T14:22:37,2200,2200,70
2026-08-23T14:23:39,2200,2200,72
2026-08-23T14:24:40,2200,2200,71
2026-08-23T14:25:42,2200,2200,63
2026-08-23T14:26:43,2200,2200,54
2026-08-23T14:27:44,2200,2200,58
2026-08-23T14:28:46,2200,2200,59
2026-08-23T14:29:47,2200,2200,59
2026-08-23T14:30:49,2200,2200,57
2026-08-23T14:31:53,2200,2200,100
2026-08-23T14:32:55,2200,2200,55
2026-08-23T14:33:56,2200,2200,71
2026-08-23T14:34:57,2200,2200,99
2026-08-23T14:35:59,2200,2200,9
2026-08-23T14:37:00,2200,2200,59
2026-08-23T14:38:01,2200,2200,60
2026-08-23T14:39:03,2200,2200,52
2026-08-23T14:40:04,2200,2200,90
2026-08-23T14:41:06,2200,2200,56
2026-08-23T14:42:07,2200,2200,30
2026-08-23T14:43:08,2200,2200,55
2026-08-23T14:44:10,2200,2200,53
2026-08-23T14:45:11,2200,2200,63
2026-08-23T14:46:13,2200,2200,67
2026-08-23T14:47:15,2200,2200,53
2026-08-23T14:48:18,2200,2200,45
2026-08-23T14:49:20,2200,2200,14
2026-08-23T14:50:22,2200,2200,53
2026-08-23T14:51:23,2200,2200,53
2026-08-23T14:52:24,2200,2200,48
2026-08-23T14:53:26,2200,2200,100
2026-08-23T14:54:27,2200,2200,58
2026-08-23T14:55:29,2200,2200,21
2026-08-23T14:56:30,2200,2200,47
2026-08-23T14:57:31,2200,2200,18
2026-08-23T14:58:33,2200,2200,21
2026-08-23T14:59:34,2200,2200,100
2026-08-23T15:00:36,2200,2200,17
2026-08-23T15:01:37,2200,2200,6
2026-08-23T15:02:38,2200,2200,14
2026-08-23T15:03:40,2200,2200,20
2026-08-23T15:04:43,2200,2200,59
2026-08-23T15:05:45,2200,2200,20
2026-08-23T15:06:46,2200,2200,54
2026-08-23T15:07:48,2200,2200,51
2026-08-23T15:08:49,2200,2200,18
2026-08-23T15:09:50,2200,2200,51
2026-08-23T15:10:52,2200,2200,13
2026-08-23T15:11:53,2200,2200,53
2026-08-23T15:12:55,2200,2200,50
2026-08-23T15:13:56,2200,2200,26
2026-08-23T15:14:57,2200,2200,53
2026-08-23T15:15:59,2200,2200,52
2026-08-23T15:17:00,2200,2200,3
2026-08-23T15:18:01,2200,2200,7
2026-08-23T15:19:03,2200,2200,14
2026-08-23T15:20:04,2200,2200,16
2026-08-23T15:21:08,2200,2200,11
2026-08-23T15:22:09,2200,2200,22
2026-08-23T15:23:11,2200,2200,59
2026-08-23T15:24:12,2200,2200,56
2026-08-23T15:25:14,2200,2200,63
2026-08-23T15:26:15,2200,2200,12
2026-08-23T15:27:16,2200,2200,8
2026-08-23T15:28:18,2200,2200,25
2026-08-23T15:29:19,2200,2200,93
2026-08-23T15:30:20,2200,2200,24
2026-08-23T15:31:22,2200,2200,22
2026-08-23T15:32:23,2200,2200,53
2026-08-23T15:33:25,2200,2200,63
2026-08-23T15:34:26,2200,2200,12
2026-08-23T15:35:27,2200,2200,87
2026-08-23T15:36:29,2200,2200,20
2026-08-23T15:37:33,2200,2200,56
2026-08-23T15:38:34,2200,2200,7
2026-08-23T15:39:36,2200,2200,22
2026-08-23T15:40:37,2200,2200,21
2026-08-23T15:41:38,2200,2200,52
2026-08-23T15:42:40,2200,2200,58
2026-08-23T15:43:41,2200,2200,52
2026-08-23T15:44:43,2200,2200,28
2026-08-23T15:45:44,2200,2200,52
2026-08-23T15:46:45,2200,2200,17
2026-08-23T15:47:47,2200,2200,26
2026-08-23T15:48:48,2200,2200,22
2026-08-23T15:49:50,2200,2200,28
2026-08-23T15:50:51,2200,2200,10
2026-08-23T15:51:52,2200,2200,20
2026-08-23T15:52:54,2200,2200,14
2026-08-23T15:53:58,2200,2200,53
2026-08-23T15:54:59,2200,2200,17
2026-08-23T15:56:01,2200,2200,78
2026-08-23T15:57:02,2200,2200,19
2026-08-23T15:58:04,2200,2200,51
2026-08-23T15:59:05,2200,2200,20
2026-08-23T16:00:06,2200,2200,51
2026-08-23T16:01:08,2200,2200,21
2026-08-23T16:02:09,2200,2200,56
2026-08-23T16:03:11,2200,2200,31
2026-08-23T16:04:12,2200,2200,53
2026-08-23T16:05:13,2200,2200,19
2026-08-23T16:06:15,2200,2200,17
2026-08-23T16:07:16,2200,2200,52
2026-08-23T16:08:18,2200,2200,56
2026-08-23T16:09:19,2200,2200,18
2026-08-23T16:10:23,2200,2200,12
2026-08-23T16:11:24,2200,2200,16
2026-08-23T16:12:26,2200,2200,17
2026-08-23T16:13:27,2200,2200,15
2026-08-23T16:14:28,2200,2200,16
2026-08-23T16:15:30,2200,2200,8
2026-08-23T16:16:31,2200,2200,31
2026-08-23T16:17:32,2200,2200,5
2026-08-23T16:18:34,2200,2200,65
2026-08-23T16:19:35,2200,2200,5
2026-08-23T16:20:37,2200,2200,9
2026-08-23T16:21:38,2200,2200,24
2026-08-23T16:22:39,2200,2200,52
2026-08-23T16:23:41,2200,2200,12
2026-08-23T16:24:42,2200,2200,54
2026-08-23T16:25:44,2200,2200,54
2026-08-23T16:26:48,2200,2200,53
2026-08-23T16:27:49,2200,2200,52
2026-08-23T16:28:51,2200,2200,10
2026-08-23T16:29:52,2200,2200,16
2026-08-23T16:30:53,2200,2200,58
2026-08-23T16:31:55,2200,2200,53
2026-08-23T16:32:56,2200,2200,10
2026-08-23T16:33:58,2200,2200,16
2026-08-23T16:34:59,2200,2200,53
2026-08-23T16:36:00,2200,2200,68
2026-08-23T16:37:02,2200,2200,6
2026-08-23T16:38:03,2200,2200,18
2026-08-23T16:39:05,2200,2200,46
2026-08-23T16:40:07,2200,2200,9
2026-08-23T16:41:08,2200,2200,54
2026-08-23T16:42:09,2200,2200,22
2026-08-23T16:43:13,2200,2200,52
2026-08-23T16:44:14,2200,2200,7
2026-08-23T16:45:16,2200,2200,31
2026-08-23T16:46:17,2200,2200,13
2026-08-23T16:47:19,2200,2200,59
2026-08-23T16:48:20,2200,2200,7
2026-08-23T16:49:21,2200,2200,6
2026-08-23T16:50:23,2200,2200,9
2026-08-23T16:51:24,2200,2200,53
2026-08-23T16:52:26,2200,2200,15
2026-08-23T16:53:27,2200,2200,73
2026-08-23T16:54:28,2200,2200,53
2026-08-23T16:55:30,2200,2200,48
2026-08-23T16:56:31,2200,2200,53
2026-08-23T16:57:33,2200,2200,53
2026-08-23T16:58:34,2200,2200,62
2026-08-23T16:59:38,2200,2200,52
2026-08-23T17:00:39,2200,2200,52
2026-08-23T17:01:40,2200,2200,53
2026-08-23T17:02:42,2200,2200,55
2026-08-23T17:03:43,2200,2200,6
2026-08-23T17:04:45,2200,2200,99
2026-08-23T17:05:46,2200,2200,8
2026-08-23T17:06:47,2200,2200,23
2026-08-23T17:07:49,2200,2200,56
2026-08-23T17:08:50,2200,2200,7
2026-08-23T17:09:52,2200,2200,55
2026-08-23T17:10:53,2200,2200,54
2026-08-23T17:11:54,2200,2200,56
2026-08-23T17:12:56,2200,2200,54
2026-08-23T17:13:57,2200,2200,53
2026-08-23T17:14:59,2200,2200,14
2026-08-23T17:16:03,2200,2200,24
2026-08-23T17:17:04,2200,2200,19
2026-08-23T17:18:06,2200,2200,49
2026-08-23T17:19:07,2200,2200,24
2026-08-23T17:20:09,2200,2200,23
2026-08-23T17:21:10,2200,2200,52
2026-08-23T17:22:11,2200,2200,15
2026-08-23T17:23:13,2200,2200,18
2026-08-23T17:24:14,2200,2200,16
2026-08-23T17:25:15,2200,2200,58
2026-08-23T17:26:17,2200,2200,54
2026-08-23T17:27:18,2200,2200,25
2026-08-23T17:28:20,2200,2200,29
2026-08-23T17:29:21,2200,2200,19
2026-08-23T17:30:22,2200,2200,7
2026-08-23T17:31:24,2200,2200,46
2026-08-23T17:32:29,2200,2200,15
2026-08-23T17:33:30,2200,2200,65
2026-08-23T17:34:31,2200,2200,10
2026-08-23T17:35:33,2200,2200,55
2026-08-23T17:36:34,2200,2200,11
2026-08-23T17:37:36,2200,2200,48
2026-08-23T17:38:37,2200,2200,15
2026-08-23T17:39:38,2200,2200,26
2026-08-23T17:40:40,2200,2200,17
2026-08-23T17:41:41,2200,2200,64
2026-08-23T17:42:43,2200,2200,11
2026-08-23T17:43:44,2200,2200,54
2026-08-23T17:44:45,2200,2200,61
2026-08-23T17:45:47,2200,2200,23
2026-08-23T17:46:48,2200,2200,40
2026-08-23T17:47:50,2200,2200,57
2026-08-23T17:48:54,2200,2200,64
2026-08-23T17:49:55,2200,2200,13
2026-08-23T17:50:56,2200,2200,64
2026-08-23T17:51:58,2200,2200,49
2026-08-23T17:52:59,2200,2200,18
2026-08-23T17:54:01,2200,2200,11
2026-08-23T17:55:02,2200,2200,18
2026-08-23T17:56:03,2200,2200,17
2026-08-23T17:57:05,2200,2200,15
2026-08-23T17:58:06,2200,2200,19
2026-08-23T17:59:08,2200,2200,13
2026-08-23T18:00:09,2200,2200,51
2026-08-23T18:01:10,2200,2200,8
2026-08-23T18:02:12,2200,2200,100
2026-08-23T18:03:13,2200,2200,19
2026-08-23T18:04:15,2200,2200,12
2026-08-23T18:05:19,2200,2200,33
2026-08-23T18:06:21,2200,2200,10
2026-08-23T18:07:22,2200,2200,8
2026-08-23T18:08:23,2200,2200,55
2026-08-23T18:09:25,2200,2200,5
2026-08-23T18:10:26,2200,2200,6
2026-08-23T18:11:28,2200,2200,32
2026-08-23T18:12:29,2200,2200,7
2026-08-23T18:13:30,2200,2200,10
2026-08-23T18:14:32,2200,2200,19
2026-08-23T18:15:33,2200,2200,9
2026-08-23T18:16:34,2200,2200,7
2026-08-23T18:17:36,2200,2200,57
2026-08-23T18:18:37,2200,2200,12
2026-08-23T18:19:39,2200,2200,100
2026-08-23T18:20:40,2200,2200,54
2026-08-23T18:21:44,2200,2200,51
2026-08-23T18:22:45,2200,2200,10
2026-08-23T18:23:46,2200,2200,27
2026-08-23T18:24:48,2200,2200,55
2026-08-23T18:25:49,2200,2200,57
2026-08-23T18:26:51,2200,2200,20
2026-08-23T18:27:52,2200,2200,55
2026-08-23T18:28:53,2200,2200,21
2026-08-23T18:29:55,2200,2200,54
2026-08-23T18:30:56,2200,2200,50
2026-08-23T18:31:58,2200,2200,11
2026-08-23T18:32:59,2200,2200,16
2026-08-23T18:34:00,2200,2200,9
2026-08-23T18:35:02,2200,2200,10
2026-08-23T18:36:03,2200,2200,55
2026-08-23T18:37:04,2200,2200,51
2026-08-23T18:38:09,2200,2200,15
2026-08-23T18:39:10,2200,2200,25
2026-08-23T18:40:12,2200,2200,9
2026-08-23T18:41:13,2200,2200,14
2026-08-23T18:42:14,2200,2200,16
2026-08-23T18:43:16,2200,2200,22
2026-08-23T18:44:17,2200,2200,54
2026-08-23T18:45:19,2200,2200,56
2026-08-23T18:46:20,2200,2200,55
2026-08-23T18:47:21,2200,2200,19
2026-08-23T18:48:23,2200,2200,20
2026-08-23T18:49:24,2200,2200,17
2026-08-23T18:50:26,2200,2200,52
2026-08-23T18:51:27,2200,2200,14
2026-08-23T18:52:28,2200,2200,49
2026-08-23T18:53:30,2200,2200,65
2026-08-23T18:54:34,2200,2200,64
2026-08-23T18:55:35,2200,2200,12
2026-08-23T18:56:37,2200,2200,89
2026-08-23T18:57:38,2200,2200,100
2026-08-23T18:58:39,2200,2200,0
2026-08-23T18:59:41,2200,2200,53
2026-08-23T19:00:42,2200,2200,75
2026-08-23T19:01:44,2200,2200,27
2026-08-23T19:02:45,2200,2200,18
2026-08-23T19:03:47,2200,2200,20
2026-08-23T19:04:48,2200,2200,11
2026-08-23T19:05:49,2200,2200,75
2026-08-23T19:06:51,2200,2200,28
2026-08-23T19:07:52,2200,2200,19
2026-08-23T19:08:54,2200,2200,21
2026-08-23T19:09:55,2200,2200,24
2026-08-23T19:11:00,2200,2200,31
2026-08-23T19:12:01,2200,2200,18
2026-08-23T19:13:03,2200,2200,34
2026-08-23T19:14:04,2200,2200,1
2026-08-23T19:15:05,2200,2200,25
2026-08-23T19:16:07,2200,2200,7
2026-08-23T19:17:08,2200,2200,35
2026-08-23T19:18:10,2200,2200,14
2026-08-23T19:19:11,2200,2200,25
2026-08-23T19:20:12,2200,2200,23
2026-08-23T19:21:14,2200,2200,33
2026-08-23T19:22:15,2200,2200,60
2026-08-23T19:23:17,2200,2200,66
2026-08-23T19:24:18,2200,2200,29
2026-08-23T19:25:19,2200,2200,9
2026-08-23T19:26:21,2200,2200,29
2026-08-23T19:27:25,2200,2200,15
2026-08-23T19:28:27,2200,2200,65
2026-08-23T19:29:28,2200,2200,32
2026-08-23T19:30:29,2200,2200,18
2026-08-23T19:31:31,2200,2200,67
2026-08-23T19:32:32,2200,2200,57
2026-08-23T19:33:34,2200,2200,55
2026-08-23T19:34:35,2200,2200,97
2026-08-23T19:35:37,2200,2200,39
2026-08-23T19:36:38,2200,2200,35
2026-08-23T19:37:40,2200,2200,34
2026-08-23T19:38:41,2200,2200,28
2026-08-23T19:39:43,2200,2200,12
2026-08-23T19:40:44,2200,2200,20
2026-08-23T19:41:45,2200,2200,21
2026-08-23T19:42:47,2200,2200,21
2026-08-23T19:43:51,2200,2200,54
2026-08-23T19:44:52,2200,2200,19
2026-08-23T19:45:54,2200,2200,61
2026-08-23T19:46:55,2200,2200,17
2026-08-23T19:47:57,2200,2200,53
2026-08-23T19:48:58,2200,2200,25
2026-08-23T19:49:59,2200,2200,18
2026-08-23T19:51:01,2200,2200,4
2026-08-23T19:52:02,2200,2200,28
2026-08-23T19:53:04,2200,2200,55
2026-08-23T19:54:05,2200,2200,6
2026-08-23T19:55:06,2200,2200,29
2026-08-23T19:56:08,2200,2200,62
2026-08-23T19:57:09,2200,2200,27
2026-08-23T19:58:11,2200,2200,19
2026-08-23T19:59:12,2200,2200,54
2026-08-23T20:00:16,2200,2200,36
2026-08-23T20:01:17,2200,2200,24
2026-08-23T20:02:19,2200,2200,13
2026-08-23T20:03:20,2200,2200,14
2026-08-23T20:04:21,2200,2200,60
2026-08-23T20:05:23,2200,2200,44
2026-08-23T20:06:24,2200,2200,53
2026-08-23T20:07:28,2200,2200,58
2026-08-23T20:08:30,2200,2200,54
2026-08-23T20:09:31,2200,2200,22
2026-08-23T20:10:32,2200,2200,11
2026-08-23T20:11:34,2200,2200,14
2026-08-23T20:12:35,2200,2200,11
2026-08-23T20:13:37,2200,2200,6
2026-08-23T20:14:38,2200,2200,20
2026-08-23T20:15:39,2200,2200,56
2026-08-23T20:16:43,2200,2200,5
2026-08-23T20:17:45,2200,2200,23
2026-08-23T20:18:46,2200,2200,44
2026-08-23T20:19:47,2200,2200,53
2026-08-23T20:20:49,2200,2200,51
2026-08-23T20:21:50,2200,2200,23
2026-08-23T20:22:51,2200,2200,16
2026-08-23T20:23:53,2200,2200,31
2026-08-23T20:24:54,2200,2200,54
2026-08-23T20:25:56,2200,2200,51
2026-08-23T20:26:57,2200,2200,53
2026-08-23T20:27:58,2200,2200,99
2026-08-23T20:29:00,2200,2200,58
2026-08-23T20:30:01,2200,2200,54
2026-08-23T20:31:03,2200,2200,20
2026-08-23T20:32:04,2200,2200,26
2026-08-23T20:33:08,2200,2200,54
2026-08-23T20:34:09,2200,2200,30
2026-08-23T20:35:10,2200,2200,20
2026-08-23T20:36:12,2200,2200,99
2026-08-23T20:37:13,2200,2200,22
2026-08-23T20:38:15,2200,2200,53
2026-08-23T20:39:16,2200,2200,54
2026-08-23T20:40:17,2200,2200,24
2026-08-23T20:41:19,2200,2200,52
2026-08-23T20:42:20,2200,2200,42
2026-08-23T20:43:22,2200,2200,14
2026-08-23T20:44:23,2200,2200,51
2026-08-23T20:45:25,2200,2200,37
2026-08-23T20:46:26,2200,2200,82
2026-08-23T20:47:27,2200,2200,46
2026-08-23T20:48:29,2200,2200,55
2026-08-23T20:49:33,2200,2200,60
2026-08-23T20:50:34,2200,2200,61
2026-08-23T20:51:36,2200,2200,57
2026-08-23T20:52:37,2200,2200,32
2026-08-23T20:53:38,2200,2200,56
2026-08-23T20:54:40,2200,2200,63
2026-08-23T20:55:41,2200,2200,62
2026-08-23T20:56:43,2200,2200,26
2026-08-23T20:57:44,2200,2200,77
2026-08-23T20:58:45,2200,2200,58
2026-08-23T20:59:47,2200,2200,69
2026-08-23T21:00:48,2200,2200,67
2026-08-23T21:01:50,2200,2200,98
2026-08-23T21:02:51,2200,2200,68
2026-08-23T21:03:52,2200,2200,95
2026-08-23T21:04:54,2200,2200,22
2026-08-23T21:05:59,2200,2200,17
2026-08-23T21:07:00,2200,2200,20
2026-08-23T21:08:01,2200,2200,64
2026-08-23T21:09:03,2200,2200,17
2026-08-23T21:10:04,2200,2200,65
2026-08-23T21:11:06,2200,2200,10
2026-08-23T21:12:07,2200,2200,37
2026-08-23T21:13:09,2200,2200,42
2026-08-23T21:14:10,2200,2200,13
2026-08-23T21:15:11,2200,2200,20
2026-08-23T21:16:13,2200,2200,87
2026-08-23T21:17:14,2200,2200,36
2026-08-23T21:18:16,2200,2200,68
2026-08-23T21:19:17,2200,2200,56
2026-08-23T21:20:18,2200,2200,13
2026-08-23T21:21:20,2200,2200,48
2026-08-23T21:22:24,2200,2200,17
2026-08-23T21:23:25,2200,2200,23
2026-08-23T21:24:27,2200,2200,89
2026-08-23T21:25:28,2200,2200,40
2026-08-23T21:26:29,2200,2200,56
2026-08-23T21:27:31,2200,2200,62
2026-08-23T21:28:32,2200,2200,65
2026-08-23T21:29:34,2200,2200,14
2026-08-23T21:30:35,2200,2200,61
2026-08-23T21:31:36,2200,2200,96
2026-08-23T21:32:38,2200,2200,56
2026-08-23T21:33:39,2200,2200,81
2026-08-23T21:34:41,2200,2200,69
2026-08-23T21:35:42,2200,2200,73
2026-08-23T21:36:44,2200,2200,86
2026-08-23T21:37:45,2200,2200,70
2026-08-23T21:38:49,2200,2200,25
2026-08-23T21:39:50,2200,2200,28
2026-08-23T21:40:52,2200,2200,57
2026-08-23T21:41:53,2200,2200,56
2026-08-23T21:42:55,2200,2200,29
2026-08-23T21:43:56,2200,2200,53
2026-08-23T21:44:57,2200,2200,42
2026-08-23T21:45:59,2200,2200,54
2026-08-23T21:47:00,2200,2200,9
2026-08-23T21:48:02,2200,2200,52
2026-08-23T21:49:03,2200,2200,39
2026-08-23T21:50:04,2200,2200,30
2026-08-23T21:51:06,2200,2200,13
2026-08-23T21:52:07,2200,2200,67
2026-08-23T21:53:08,2200,2200,52
2026-08-23T21:54:10,2200,2200,84
2026-08-23T21:55:14,2200,2200,60
2026-08-23T21:56:15,2200,2200,32
2026-08-23T21:57:16,2200,2200,54
2026-08-23T21:58:18,2200,2200,29
2026-08-23T21:59:19,2200,2200,57
2026-08-23T22:00:20,2200,2200,29
2026-08-23T22:01:22,2200,2200,94
2026-08-23T22:02:23,2200,2200,52
2026-08-23T22:03:25,2200,2200,61
2026-08-23T22:04:26,2200,2200,20
2026-08-23T22:05:27,2200,2200,55
2026-08-23T22:06:29,2200,2200,14
2026-08-23T22:07:30,2200,2200,50
2026-08-23T22:08:32,2200,2200,65
2026-08-23T22:09:33,2200,2200,54
2026-08-23T22:10:35,2200,2200,8
2026-08-23T22:11:38,2200,2200,17
2026-08-23T22:12:40,2200,2200,9
2026-08-23T22:13:41,2200,2200,24
2026-08-23T22:14:43,2200,2200,6
2026-08-23T22:15:44,2200,2200,14
2026-08-23T22:16:45,2200,2200,11
2026-08-23T22:17:47,2200,2200,11
2026-08-23T22:18:48,2200,2200,59
2026-08-23T22:19:50,2200,2200,22
2026-08-23T22:20:51,2200,2200,14
2026-08-23T22:21:52,2200,2200,11
2026-08-23T22:22:54,2200,2200,7
2026-08-23T22:23:55,2200,2200,12
2026-08-23T22:24:57,2200,2200,14
2026-08-23T22:25:58,2200,2200,60
2026-08-23T22:27:00,2200,2200,10
2026-08-23T22:28:04,2200,2200,12
2026-08-23T22:29:05,2200,2200,51
2026-08-23T22:30:06,2200,2200,7
2026-08-23T22:31:08,2200,2200,8
2026-08-23T22:32:09,2200,2200,9
2026-08-23T22:33:11,2200,2200,10
2026-08-23T22:34:12,2200,2200,11
2026-08-23T22:35:14,2200,2200,80
2026-08-23T22:36:15,2200,2200,42
2026-08-23T22:37:16,2200,2200,53
2026-08-23T22:38:18,2200,2200,59
2026-08-23T22:39:19,2200,2200,9
2026-08-23T22:40:21,2200,2200,52
2026-08-23T22:41:22,2200,2200,18
2026-08-23T22:42:23,2200,2200,22
2026-08-23T22:43:25,2200,2200,18
2026-08-23T22:44:29,2200,2200,11
2026-08-23T22:45:30,2200,2200,7
2026-08-23T22:46:32,2200,2200,9
2026-08-23T22:47:33,2200,2200,13
2026-08-23T22:48:34,2200,2200,25
2026-08-23T22:49:36,2200,2200,44
2026-08-23T22:50:37,2200,2200,10
2026-08-23T22:51:39,2200,2200,25
2026-08-23T22:52:40,2200,2200,11
2026-08-23T22:53:41,2200,2200,100
2026-08-23T22:54:43,2200,2200,56
2026-08-23T22:55:44,2200,2200,5
2026-08-23T22:56:46,2200,2200,79
2026-08-23T22:57:47,2200,2200,19
2026-08-23T22:58:48,2200,2200,7
2026-08-23T22:59:50,2200,2200,3
2026-08-23T23:00:54,2200,2200,14
2026-08-23T23:01:55,2200,2200,53
2026-08-23T23:02:57,2200,2200,7
2026-08-23T23:03:58,2200,2200,54
2026-08-23T23:04:59,2200,2200,6
2026-08-23T23:06:01,2200,2200,12
2026-08-23T23:07:02,2200,2200,20
2026-08-23T23:08:04,2200,2200,58
2026-08-23T23:09:05,2200,2200,17
2026-08-23T23:10:07,2200,2200,14
2026-08-23T23:11:08,2200,2200,4
2026-08-23T23:12:09,2200,2200,9
2026-08-23T23:13:11,2200,2200,8
2026-08-23T23:14:12,2200,2200,8
2026-08-23T23:15:14,2200,2200,15
2026-08-23T23:16:15,2200,2200,58
2026-08-23T23:17:19,2200,2200,15
2026-08-23T23:18:20,2200,2200,15
2026-08-23T23:19:22,2200,2200,11
2026-08-23T23:20:23,2200,2200,7
2026-08-23T23:21:25,2200,2200,11
2026-08-23T23:22:26,2200,2200,23
2026-08-23T23:23:27,2200,2200,25
2026-08-23T23:24:29,2200,2200,18
2026-08-23T23:25:30,2200,2200,20
2026-08-23T23:26:32,2200,2200,25
2026-08-23T23:27:33,2200,2200,12
2026-08-23T23:28:34,2200,2200,52
2026-08-23T23:29:36,2200,2200,47
2026-08-23T23:30:37,2200,2200,66
2026-08-23T23:31:39,2200,2200,14
2026-08-23T23:32:40,2200,2200,51
2026-08-23T23:33:45,2200,2200,15
2026-08-23T23:34:46,2200,2200,15
2026-08-23T23:35:48,2200,2200,14
2026-08-23T23:36:49,2200,2200,18
2026-08-23T23:37:51,2200,2200,44
2026-08-23T23:38:52,2200,2200,10
2026-08-23T23:39:53,2200,2200,10
2026-08-23T23:40:55,2200,2200,18
2026-08-23T23:41:56,2200,2200,54
2026-08-23T23:42:58,2200,2200,60
2026-08-23T23:43:59,2200,2200,25
2026-08-23T23:45:01,2200,2200,26
2026-08-23T23:46:02,2200,2200,47
2026-08-23T23:47:03,2200,2200,32
2026-08-23T23:48:05,2200,2200,62
2026-08-23T23:49:06,2200,2200,44
2026-08-23T23:50:11,2200,2200,58
2026-08-23T23:51:13,2200,2200,54
2026-08-23T23:52:14,2200,2200,18
2026-08-23T23:53:15,2200,2200,55
2026-08-23T23:54:17,2200,2200,6
2026-08-23T23:55:18,2200,2200,10
2026-08-23T23:56:19,2200,2200,7
2026-08-23T23:57:21,2200,2200,9
2026-08-23T23:58:22,2200,2200,16
2026-08-23T23:59:24,2200,2200,59
2026-08-24T00:00:25,2200,2200,11
2026-08-24T00:01:27,2200,2200,10
2026-08-24T00:02:28,2200,2200,4
2026-08-24T00:03:29,2200,2200,58
2026-08-24T00:04:31,2200,2200,24
2026-08-24T00:05:32,2200,2200,19
2026-08-24T00:06:37,2200,2200,15
2026-08-24T00:07:38,2200,2200,16
2026-08-24T00:08:40,2200,2200,5
2026-08-24T00:09:41,2200,2200,94
2026-08-24T00:10:43,2200,2200,20
2026-08-24T00:11:44,2200,2200,44
2026-08-24T00:12:46,2200,2200,10
2026-08-24T00:13:47,2200,2200,57
2026-08-24T00:14:48,2200,2200,54
2026-08-24T00:15:50,2200,2200,57
2026-08-24T00:16:51,2200,2200,51
2026-08-24T00:17:53,2200,2200,56
2026-08-24T00:18:54,2200,2200,52
2026-08-24T00:19:56,2200,2200,52
2026-08-24T00:20:57,2200,2200,27
2026-08-24T00:21:58,2200,2200,57
2026-08-24T00:23:03,2200,2200,13
2026-08-24T00:24:04,2200,2200,21
2026-08-24T00:25:06,2200,2200,9
2026-08-24T00:26:07,2200,2200,7
2026-08-24T00:27:09,2200,2200,19
2026-08-24T00:28:10,2200,2200,20
2026-08-24T00:29:11,2200,2200,5
2026-08-24T00:30:13,2200,2200,11
2026-08-24T00:31:14,2200,2200,14
2026-08-24T00:32:16,2200,2200,18
2026-08-24T00:33:17,2200,2200,8
2026-08-24T00:34:18,2200,2200,70
2026-08-24T00:35:20,2200,2200,10
2026-08-24T00:36:21,2200,2200,11
2026-08-24T00:37:23,2200,2200,11
2026-08-24T00:38:24,2200,2200,52
2026-08-24T00:39:28,2200,2200,82
2026-08-24T00:40:29,2200,2200,14
2026-08-24T00:41:31,2200,2200,15
2026-08-24T00:42:32,2200,2200,12
2026-08-24T00:43:34,2200,2200,20
2026-08-24T00:44:35,2200,2200,33
2026-08-24T00:45:37,2200,2200,18
2026-08-24T00:46:38,2200,2200,22
2026-08-24T00:47:39,2200,2200,37
2026-08-24T00:48:41,2200,2200,14
2026-08-24T00:49:42,2200,2200,15
2026-08-24T00:50:44,2200,2200,48
2026-08-24T00:51:45,2200,2200,2
2026-08-24T00:52:46,2200,2200,6
2026-08-24T00:53:48,2200,2200,6
2026-08-24T00:54:49,2200,2200,10
2026-08-24T00:55:54,2200,2200,10
2026-08-24T00:56:55,2200,2200,6
2026-08-24T00:57:56,2200,2200,8
2026-08-24T00:58:58,2200,2200,9
2026-08-24T00:59:59,2200,2200,15
2026-08-24T01:01:00,2200,2200,6
2026-08-24T01:02:02,2200,2200,6
2026-08-24T01:03:03,2200,2200,16
2026-08-24T01:04:05,2200,2200,7
2026-08-24T01:05:06,2200,2200,8
2026-08-24T01:06:07,2200,2200,7
2026-08-24T01:07:09,2200,2200,5
2026-08-24T01:08:10,2200,2200,13
2026-08-24T01:09:12,2200,2200,44
2026-08-24T01:10:13,2200,2200,15
2026-08-24T01:11:14,2200,2200,3
2026-08-24T01:12:19,2200,2200,14
2026-08-24T01:13:20,2200,2200,17
2026-08-24T01:14:21,2200,2200,10
2026-08-24T01:15:23,2200,2200,55
2026-08-24T01:16:24,2200,2200,13
2026-08-24T01:17:26,2200,2200,23
2026-08-24T01:18:27,2200,2200,7
2026-08-24T01:19:29,2200,2200,10
2026-08-24T01:20:30,2200,2200,6
2026-08-24T01:21:31,2200,2200,12
2026-08-24T01:22:33,2200,2200,9
2026-08-24T01:23:34,2200,2200,14
2026-08-24T01:24:36,2200,2200,6
2026-08-24T01:25:37,2200,2200,8
2026-08-24T01:26:38,2200,2200,7
2026-08-24T01:27:40,2200,2200,10
2026-08-24T01:28:44,2200,2200,7
2026-08-24T01:29:45,2200,2200,43
2026-08-24T01:30:47,2200,2200,6
2026-08-24T01:31:48,2200,2200,13
2026-08-24T01:32:50,2200,2200,7
2026-08-24T01:33:51,2200,2200,53
2026-08-24T01:34:52,2200,2200,19
2026-08-24T01:35:54,2200,2200,54
2026-08-24T01:36:55,2200,2200,10
2026-08-24T01:37:57,2200,2200,57
2026-08-24T01:38:58,2200,2200,8
2026-08-24T01:40:00,2200,2200,16
2026-08-24T01:41:01,2200,2200,7
2026-08-24T01:42:02,2200,2200,7
2026-08-24T01:43:04,2200,2200,14
2026-08-24T01:44:05,2200,2200,5
2026-08-24T01:45:09,2200,2200,19
2026-08-24T01:46:11,2200,2200,17
2026-08-24T01:47:12,2200,2200,11
2026-08-24T01:48:13,2200,2200,40
2026-08-24T01:49:15,2200,2200,17
2026-08-24T01:50:16,2200,2200,9
2026-08-24T01:51:18,2200,2200,12
2026-08-24T01:52:19,2200,2200,59
2026-08-24T01:53:20,2200,2200,7
2026-08-24T01:54:22,2200,2200,6
2026-08-24T01:55:23,2200,2200,6
2026-08-24T01:56:25,2200,2200,8
2026-08-24T01:57:26,2200,2200,12
2026-08-24T01:58:27,2200,2200,10
2026-08-24T01:59:29,2200,2200,6
2026-08-24T02:00:30,2200,2200,19
2026-08-24T02:01:34,2200,2200,16
2026-08-24T02:02:36,2200,2200,41
2026-08-24T02:03:37,2200,2200,16
2026-08-24T02:04:39,2200,2200,9
2026-08-24T02:05:40,2200,2200,14
2026-08-24T02:06:41,2200,2200,6
2026-08-24T02:07:43,2200,2200,4
2026-08-24T02:08:44,2200,2200,10
2026-08-24T02:09:46,2200,2200,50
2026-08-24T02:10:47,2200,2200,10
2026-08-24T02:11:48,2200,2200,13
2026-08-24T02:12:50,2200,2200,12
2026-08-24T02:13:51,2200,2200,15
2026-08-24T02:14:53,2200,2200,14
2026-08-24T02:15:54,2200,2200,10
2026-08-24T02:16:55,2200,2200,6
2026-08-24T02:17:59,2200,2200,38
2026-08-24T02:19:01,2200,2200,7
2026-08-24T02:20:02,2200,2200,23
2026-08-24T02:21:04,2200,2200,13
2026-08-24T02:22:05,2200,2200,19
2026-08-24T02:23:06,2200,2200,45
2026-08-24T02:24:08,2200,2200,13
2026-08-24T02:25:09,2200,2200,21
2026-08-24T02:26:11,2200,2200,15
2026-08-24T02:27:12,2200,2200,22
2026-08-24T02:28:13,2200,2200,6
2026-08-24T02:29:15,2200,2200,10
2026-08-24T02:30:16,2200,2200,6
2026-08-24T02:31:18,2200,2200,24
2026-08-24T02:32:19,2200,2200,10
2026-08-24T02:33:21,2200,2200,54
2026-08-24T02:34:26,2200,2200,62
2026-08-24T02:35:27,2200,2200,44
2026-08-24T02:36:28,2200,2200,18
2026-08-24T02:37:30,2200,2200,3
2026-08-24T02:38:31,2200,2200,27
2026-08-24T02:39:33,2200,2200,15
2026-08-24T02:40:34,2200,2200,6
2026-08-24T02:41:35,2200,2200,10
2026-08-24T02:42:37,2200,2200,14
2026-08-24T02:43:38,2200,2200,17
2026-08-24T02:44:40,2200,2200,11
2026-08-24T02:45:41,2200,2200,7
2026-08-24T02:46:42,2200,2200,10
2026-08-24T02:47:44,2200,2200,6
2026-08-24T02:48:45,2200,2200,5
2026-08-24T02:49:47,2200,2200,13
2026-08-24T02:50:51,2200,2200,19
2026-08-24T02:51:52,2200,2200,59
2026-08-24T02:52:54,2200,2200,17
2026-08-24T02:53:55,2200,2200,14
2026-08-24T02:54:56,2200,2200,7
2026-08-24T02:55:58,2200,2200,15
2026-08-24T02:56:59,2200,2200,10
2026-08-24T02:58:01,2200,2200,15
2026-08-24T02:59:02,2200,2200,4
2026-08-24T03:00:04,2200,2200,11
2026-08-24T03:01:05,2200,2200,10
2026-08-24T03:02:06,2200,2200,62
2026-08-24T03:03:08,2200,2200,37
2026-08-24T03:04:09,2200,2200,8
2026-08-24T03:05:11,2200,2200,21
2026-08-24T03:06:12,2200,2200,39
2026-08-24T03:07:18,2200,2200,70
2026-08-24T03:08:19,2200,2200,19
2026-08-24T03:09:21,2200,2200,13
2026-08-24T03:10:22,2200,2200,19
2026-08-24T03:11:24,2200,2200,10
2026-08-24T03:12:25,2200,2200,7
2026-08-24T03:13:26,2200,2200,7
2026-08-24T03:14:28,2200,2200,12
2026-08-24T03:15:29,2200,2200,15
2026-08-24T03:16:31,2200,2200,7
2026-08-24T03:17:32,2200,2200,13
2026-08-24T03:18:33,2200,2200,9
2026-08-24T03:19:35,2200,2200,9
2026-08-24T03:20:36,2200,2200,11
2026-08-24T03:21:38,2200,2200,27
2026-08-24T03:22:39,2200,2200,11
2026-08-24T03:23:44,2200,2200,16
2026-08-24T03:24:45,2200,2200,13
2026-08-24T03:25:46,2200,2200,19
2026-08-24T03:26:48,2200,2200,5
2026-08-24T03:27:49,2200,2200,15
2026-08-24T03:28:51,2200,2200,11
2026-08-24T03:29:52,2200,2200,11
2026-08-24T03:30:53,2200,2200,12
2026-08-24T03:31:55,2200,2200,5
2026-08-24T03:32:56,2200,2200,63
2026-08-24T03:33:58,2200,2200,12
2026-08-24T03:34:59,2200,2200,7
2026-08-24T03:36:00,2200,2200,14
2026-08-24T03:37:02,2200,2200,11
2026-08-24T03:38:03,2200,2200,63
2026-08-24T03:39:05,2200,2200,19
2026-08-24T03:40:09,2200,2200,60
2026-08-24T03:41:10,2200,2200,15
2026-08-24T03:42:12,2200,2200,16
2026-08-24T03:43:13,2200,2200,16
2026-08-24T03:44:14,2200,2200,5
2026-08-24T03:45:16,2200,2200,25
2026-08-24T03:46:17,2200,2200,9
2026-08-24T03:47:19,2200,2200,9
2026-08-24T03:48:20,2200,2200,14
2026-08-24T03:49:21,2200,2200,7
2026-08-24T03:50:23,2200,2200,3
2026-08-24T03:51:24,2200,2200,61
2026-08-24T03:52:26,2200,2200,25
2026-08-24T03:53:27,2200,2200,20
2026-08-24T03:54:29,2200,2200,5
2026-08-24T03:55:30,2200,2200,100
2026-08-24T03:56:33,2200,2200,79
2026-08-24T03:57:35,2200,2200,19
2026-08-24T03:58:36,2200,2200,34
2026-08-24T03:59:37,2200,2200,76
2026-08-24T04:00:39,2200,2200,66
2026-08-24T04:01:40,2200,2200,24
2026-08-24T04:02:42,2200,2200,21
2026-08-24T04:03:43,2200,2200,100
2026-08-24T04:04:44,2200,2200,100
2026-08-24T04:05:46,2200,2200,100
2026-08-24T04:06:47,2200,2200,68
2026-08-24T04:07:49,2200,2200,61
2026-08-24T04:08:50,2200,2200,14
2026-08-24T04:09:52,2200,2200,22
2026-08-24T04:10:53,2200,2200,58
2026-08-24T04:11:54,2200,2200,19
2026-08-24T04:13:00,2200,2200,48
2026-08-24T04:14:01,2200,2200,55
2026-08-24T04:15:03,2200,2200,92
2026-08-24T04:16:04,2200,2200,64
2026-08-24T04:17:06,2200,2200,59
2026-08-24T04:18:07,2200,2200,66
2026-08-24T04:19:09,2200,2200,55
2026-08-24T04:20:10,2200,2200,58
2026-08-24T04:21:11,2200,2200,58
2026-08-24T04:22:13,2200,2200,59
2026-08-24T04:23:14,2200,2200,58
2026-08-24T04:24:16,2200,2200,63
2026-08-24T04:25:17,2200,2200,60
2026-08-24T04:26:19,2200,2200,60
2026-08-24T04:27:20,2200,2200,52
2026-08-24T04:28:22,2200,2200,57
2026-08-24T04:29:26,2200,2200,62
2026-08-24T04:30:28,2200,2200,53
2026-08-24T04:31:29,2200,2200,51
2026-08-24T04:32:31,2200,2200,62
2026-08-24T04:33:32,2200,2200,48
2026-08-24T04:34:34,2200,2200,34
2026-08-24T04:35:35,2200,2200,52
2026-08-24T04:36:36,2200,2200,57
2026-08-24T04:37:38,2200,2200,56
2026-08-24T04:38:40,2200,2200,57
2026-08-24T04:39:41,2200,2200,59
2026-08-24T04:40:43,2200,2200,47
2026-08-24T04:41:44,2200,2200,13
2026-08-24T04:42:46,2200,2200,14
2026-08-24T04:43:47,2200,2200,16
2026-08-24T04:44:49,2200,2200,29
2026-08-24T04:45:53,2200,2200,20
2026-08-24T04:46:54,2200,2200,12
2026-08-24T04:47:56,2200,2200,59
2026-08-24T04:48:57,2200,2200,63
2026-08-24T04:49:59,2200,2200,66
2026-08-24T04:51:00,2200,2200,63
2026-08-24T04:52:02,2200,2200,59
2026-08-24T04:53:03,2200,2200,61
2026-08-24T04:54:05,2200,2200,59
2026-08-24T04:55:06,2200,2200,62
2026-08-24T04:56:08,2200,2200,59
2026-08-24T04:57:09,2200,2200,65
2026-08-24T04:58:10,2200,2200,57
2026-08-24T04:59:12,2200,2200,61
2026-08-24T05:00:13,2200,2200,58
2026-08-24T05:01:15,2200,2200,62
2026-08-24T05:02:20,2200,2200,62
2026-08-24T05:03:22,2200,2200,65
2026-08-24T05:04:23,2200,2200,75
2026-08-24T05:05:25,2200,2200,44
2026-08-24T05:06:26,2200,2200,63
2026-08-24T05:07:28,2200,2200,59
2026-08-24T05:08:29,2200,2200,62
2026-08-24T05:09:31,2200,2200,54
2026-08-24T05:10:32,2200,2200,99
2026-08-24T05:11:34,2200,2200,15
2026-08-24T05:12:35,2200,2200,14
2026-08-24T05:13:36,2200,2200,15
2026-08-24T05:14:38,2200,2200,25
2026-08-24T05:15:39,2200,2200,53
2026-08-24T05:16:41,2200,2200,56
2026-08-24T05:17:42,2200,2200,53
2026-08-24T05:18:47,2200,2200,56
2026-08-24T05:19:48,2200,2200,52
2026-08-24T05:20:49,2200,2200,65
2026-08-24T05:21:51,2200,2200,57
2026-08-24T05:22:52,2200,2200,66
2026-08-24T05:23:54,2200,2200,65
2026-08-24T05:24:55,2200,2200,55
2026-08-24T05:25:56,2200,2200,65
2026-08-24T05:26:58,2200,2200,57
2026-08-24T05:27:59,2200,2200,60
2026-08-24T05:29:01,2200,2200,71
2026-08-24T05:30:02,2200,2200,95
2026-08-24T05:31:04,2200,2200,92
2026-08-24T05:32:05,2200,2200,86
2026-08-24T05:33:07,2200,2200,58
2026-08-24T05:34:08,2200,2200,59
2026-08-24T05:35:13,2200,2200,56
2026-08-24T05:36:15,2200,2200,65
2026-08-24T05:37:16,2200,2200,60
2026-08-24T05:38:18,2200,2200,61
2026-08-24T05:39:19,2200,2200,60
2026-08-24T05:40:21,2200,2200,62
2026-08-24T05:41:22,2200,2200,8
2026-08-24T05:42:23,2200,2200,8
2026-08-24T05:43:25,2200,2200,45
2026-08-24T05:44:26,2200,2200,12
2026-08-24T05:45:28,2200,2200,10
2026-08-24T05:46:29,2200,2200,59
2026-08-24T05:47:30,2200,2200,9
2026-08-24T05:48:32,2200,2200,9
2026-08-24T05:49:33,2200,2200,33
2026-08-24T05:50:35,2200,2200,9
2026-08-24T05:51:39,2200,2200,17
2026-08-24T05:52:40,2200,2200,11
2026-08-24T05:53:41,2200,2200,7
2026-08-24T05:54:43,2200,2200,7
2026-08-24T05:55:44,2200,2200,16
2026-08-24T05:56:46,2200,2200,8
2026-08-24T05:57:47,2200,2200,8
2026-08-24T05:58:48,2200,2200,48
2026-08-24T05:59:50,2200,2200,37
2026-08-24T06:00:51,2200,2200,14
2026-08-24T06:01:53,2200,2200,63
2026-08-24T06:02:54,2200,2200,60
2026-08-24T06:03:56,2200,2200,8
2026-08-24T06:04:57,2200,2200,4
2026-08-24T06:05:58,2200,2200,7
2026-08-24T06:07:00,2200,2200,69
2026-08-24T06:08:04,2200,2200,49
2026-08-24T06:09:06,2200,2200,11
2026-08-24T06:10:07,2200,2200,52
2026-08-24T06:11:08,2200,2200,15
2026-08-24T06:12:10,2200,2200,16
2026-08-24T06:13:11,2200,2200,10
2026-08-24T06:14:13,2200,2200,16
2026-08-24T06:15:14,2200,2200,8
2026-08-24T06:16:15,2200,2200,16
2026-08-24T06:17:17,2200,2200,4
2026-08-24T06:18:18,2200,2200,16
2026-08-24T06:19:20,2200,2200,19
2026-08-24T06:20:21,2200,2200,18
2026-08-24T06:21:22,2200,2200,13
2026-08-24T06:22:24,2200,2200,17
2026-08-24T06:23:25,2200,2200,13
2026-08-24T06:24:30,2200,2200,57
2026-08-24T06:25:31,2200,2200,14
2026-08-24T06:26:33,2200,2200,4
2026-08-24T06:27:34,2200,2200,25
2026-08-24T06:28:35,2200,2200,11
2026-08-24T06:29:37,2200,2200,2
2026-08-24T06:30:38,2200,2200,10
2026-08-24T06:31:40,2200,2200,58
2026-08-24T06:32:41,2200,2200,61
2026-08-24T06:33:43,2200,2200,6
2026-08-24T06:34:44,2200,2200,60
2026-08-24T06:35:46,2200,2200,60
2026-08-24T06:36:47,2200,2200,14
2026-08-24T06:37:48,2200,2200,5
2026-08-24T06:38:50,2200,2200,29
2026-08-24T06:39:51,2200,2200,16
2026-08-24T06:40:55,2200,2200,59
2026-08-24T06:41:57,2200,2200,12
2026-08-24T06:42:58,2200,2200,16
2026-08-24T06:44:00,2200,2200,17
2026-08-24T06:45:01,2200,2200,9
2026-08-24T06:46:02,2200,2200,27
2026-08-24T06:47:04,2200,2200,22
2026-08-24T06:48:05,2200,2200,64
2026-08-24T06:49:07,2200,2200,12
2026-08-24T06:50:08,2200,2200,62
2026-08-24T06:51:10,2200,2200,13
2026-08-24T06:52:11,2200,2200,18
2026-08-24T06:53:12,2200,2200,55
2026-08-24T06:54:14,2200,2200,23
2026-08-24T06:55:15,2200,2200,8
2026-08-24T06:56:17,2200,2200,7
2026-08-24T06:57:21,2200,2200,10
2026-08-24T06:58:22,2200,2200,21
2026-08-24T06:59:24,2200,2200,51
2026-08-24T07:00:25,2200,2200,55
2026-08-24T07:01:27,2200,2200,10
2026-08-24T07:02:28,2200,2200,56
2026-08-24T07:03:30,2200,2200,58
2026-08-24T07:04:31,2200,2200,14
2026-08-24T07:05:32,2200,2200,55
2026-08-24T07:06:34,2200,2200,62
2026-08-24T07:07:35,2200,2200,11
2026-08-24T07:08:37,2200,2200,12
2026-08-24T07:09:38,2200,2200,12
2026-08-24T07:10:40,2200,2200,59
2026-08-24T07:11:42,2200,2200,0
2026-08-24T07:12:43,2200,2200,16
2026-08-24T07:13:48,2200,2200,11
2026-08-24T07:14:49,2200,2200,26
2026-08-24T07:15:50,2200,2200,10
2026-08-24T07:16:52,2200,2200,25
2026-08-24T07:17:53,2200,2200,34
2026-08-24T07:18:55,2200,2200,8
2026-08-24T07:19:56,2200,2200,9
2026-08-24T07:20:57,2200,2200,19
2026-08-24T07:21:59,2200,2200,60
2026-08-24T07:23:00,2200,2200,16
2026-08-24T07:24:02,2200,2200,14
2026-08-24T07:25:03,2200,2200,65
2026-08-24T07:26:04,2200,2200,0
2026-08-24T07:27:06,2200,2200,13
2026-08-24T07:28:07,2200,2200,11
2026-08-24T07:29:09,2200,2200,25
2026-08-24T07:30:13,2200,2200,12
2026-08-24T07:31:14,2200,2200,13
2026-08-24T07:32:15,2200,2200,11
2026-08-24T07:33:17,2200,2200,18
2026-08-24T07:34:18,2200,2200,0
2026-08-24T07:35:20,2200,2200,57
2026-08-24T07:36:21,2200,2200,3
2026-08-24T07:37:22,2200,2200,10
2026-08-24T07:38:24,2200,2200,11
2026-08-24T07:39:25,2200,2200,58
2026-08-24T07:40:27,2200,2200,11
2026-08-24T07:41:28,2200,2200,0
2026-08-24T07:42:30,2200,2200,5
2026-08-24T07:43:31,2200,2200,11
2026-08-24T07:44:33,2200,2200,0
2026-08-24T07:45:34,2200,2200,3
2026-08-24T07:46:38,2200,2200,12
2026-08-24T07:47:40,2200,2200,7
2026-08-24T07:48:41,2200,2200,11
2026-08-24T07:49:43,2200,2200,15
2026-08-24T07:50:44,2200,2200,16
2026-08-24T07:51:45,2200,2200,62
2026-08-24T07:52:47,2200,2200,2
2026-08-24T07:53:48,2200,2200,8
2026-08-24T07:54:50,2200,2200,29
2026-08-24T07:55:51,2200,2200,8
2026-08-24T07:56:52,2200,2200,11
2026-08-24T07:57:54,2200,2200,14
2026-08-24T07:58:55,2200,2200,7
2026-08-24T07:59:57,2200,2200,0
2026-08-24T08:00:58,2200,2200,19
2026-08-24T08:01:59,2200,2200,2
2026-08-24T08:03:04,2200,2200,9
2026-08-24T08:04:05,2200,2200,16
2026-08-24T08:05:06,2200,2200,4
2026-08-24T08:06:08,2200,2200,8
2026-08-24T08:07:09,2200,2200,12
2026-08-24T08:08:10,2200,2200,14
2026-08-24T08:09:12,2200,2200,13
2026-08-24T08:10:13,2200,2200,9
2026-08-24T08:11:15,2200,2200,65
2026-08-24T08:12:16,2200,2200,8
2026-08-24T08:13:17,2200,2200,10
2026-08-24T08:14:19,2200,2200,32
2026-08-24T08:15:20,2200,2200,13
2026-08-24T08:16:22,2200,2200,4
2026-08-24T08:17:23,2200,2200,36
2026-08-24T08:18:25,2200,2200,10
2026-08-24T08:19:29,2200,2200,8
2026-08-24T08:20:30,2200,2200,8
2026-08-24T08:21:31,2200,2200,5
2026-08-24T08:22:33,2200,2200,14
2026-08-24T08:23:34,2200,2200,0
2026-08-24T08:24:36,2200,2200,19
2026-08-24T08:25:37,2200,2200,6
2026-08-24T08:26:38,2200,2200,9
2026-08-24T08:27:40,2200,2200,8
2026-08-24T08:28:41,2200,2200,19
2026-08-24T08:29:43,2200,2200,6
2026-08-24T08:30:44,2200,2200,55
2026-08-24T08:31:45,2200,2200,15
2026-08-24T08:32:47,2200,2200,3
2026-08-24T08:33:48,2200,2200,52
2026-08-24T08:34:50,2200,2200,10
2026-08-24T08:35:54,2200,2200,9
2026-08-24T08:36:55,2200,2200,8
2026-08-24T08:37:57,2200,2200,25
2026-08-24T08:38:58,2200,2200,10
2026-08-24T08:40:00,2200,2200,12
2026-08-24T08:41:01,2200,2200,9
2026-08-24T08:42:03,2200,2200,13
2026-08-24T08:43:04,2200,2200,21
2026-08-24T08:44:05,2200,2200,34
2026-08-24T08:45:07,2200,2200,4
2026-08-24T08:46:08,2200,2200,11
2026-08-24T08:47:10,2200,2200,10
2026-08-24T08:48:11,2200,2200,11
2026-08-24T08:49:12,2200,2200,18
2026-08-24T08:50:14,2200,2200,9
2026-08-24T08:51:15,2200,2200,21
2026-08-24T08:52:20,2200,2200,6
2026-08-24T08:53:21,2200,2200,5
2026-08-24T08:54:23,2200,2200,15
2026-08-24T08:55:24,2200,2200,65
2026-08-24T08:56:25,2200,2200,8
2026-08-24T08:57:27,2200,2200,15
2026-08-24T08:58:28,2200,2200,16
2026-08-24T08:59:30,2200,2200,6
2026-08-24T09:00:31,2200,2200,19
2026-08-24T09:01:33,2200,2200,6
2026-08-24T09:02:34,2200,2200,12
2026-08-24T09:03:35,2200,2200,16
2026-08-24T09:04:37,2200,2200,8
2026-08-24T09:05:38,2200,2200,16
2026-08-24T09:06:40,2200,2200,12
2026-08-24T09:07:41,2200,2200,8
2026-08-24T09:08:45,2200,2200,16
2026-08-24T09:09:47,2200,2200,19
2026-08-24T09:10:48,2200,2200,25
2026-08-24T09:11:50,2200,2200,54
2026-08-24T09:12:51,2200,2200,11
2026-08-24T09:13:53,2200,2200,12
2026-08-24T09:14:54,2200,2200,15
2026-08-24T09:15:55,2200,2200,14
2026-08-24T09:16:57,2200,2200,8
2026-08-24T09:17:58,2200,2200,26
2026-08-24T09:19:00,2200,2200,9
2026-08-24T09:20:01,2200,2200,9
2026-08-24T09:21:02,2200,2200,11
2026-08-24T09:22:04,2200,2200,16
2026-08-24T09:23:06,2200,2200,6
2026-08-24T09:24:08,2200,2200,11
2026-08-24T09:25:12,2200,2200,5
2026-08-24T09:26:13,2200,2200,14
2026-08-24T09:27:14,2200,2200,11
2026-08-24T09:28:16,2200,2200,10
2026-08-24T09:29:17,2200,2200,6
2026-08-24T09:30:19,2200,2200,12
2026-08-24T09:31:20,2200,2200,9
2026-08-24T09:32:21,2200,2200,4
2026-08-24T09:33:23,2200,2200,9
2026-08-24T09:34:24,2200,2200,12
2026-08-24T09:35:25,2200,2200,3
2026-08-24T09:36:27,2200,2200,0
2026-08-24T09:37:28,2200,2200,16
2026-08-24T09:38:30,2200,2200,18
2026-08-24T09:39:31,2200,2200,5
2026-08-24T09:40:32,2200,2200,6
2026-08-24T09:41:37,2200,2200,54
2026-08-24T09:42:38,2200,2200,12
2026-08-24T09:43:39,2200,2200,9
2026-08-24T09:44:41,2200,2200,1
2026-08-24T09:45:42,2200,2200,7
2026-08-24T09:46:43,2200,2200,5
2026-08-24T09:47:45,2200,2200,27
2026-08-24T09:48:46,2200,2200,6
2026-08-24T09:49:48,2200,2200,10
2026-08-24T09:50:49,2200,2200,19
2026-08-24T09:51:50,2200,2200,41
2026-08-24T09:52:52,2200,2200,51
2026-08-24T09:53:53,2200,2200,19
2026-08-24T09:54:55,2200,2200,54
2026-08-24T09:55:56,2200,2200,9
2026-08-24T09:56:57,2200,2200,11
2026-08-24T09:58:02,2200,2200,57
2026-08-24T09:59:03,2200,2200,6
2026-08-24T10:00:04,2200,2200,3
2026-08-24T10:01:06,2200,2200,9
2026-08-24T10:02:07,2200,2200,7
2026-08-24T10:03:09,2200,2200,9
2026-08-24T10:04:10,2200,2200,12
2026-08-24T10:05:11,2200,2200,18
2026-08-24T10:06:13,2200,2200,8
2026-08-24T10:07:14,2200,2200,36
2026-08-24T10:08:16,2200,2200,53
2026-08-24T10:09:17,2200,2200,8
2026-08-24T10:10:18,2200,2200,10
2026-08-24T10:11:20,2200,2200,55
2026-08-24T10:12:21,2200,2200,55
2026-08-24T10:13:23,2200,2200,11
2026-08-24T10:14:27,2200,2200,14
2026-08-24T10:15:29,2200,2200,1
2026-08-24T10:16:30,2200,2200,9
2026-08-24T10:17:31,2200,2200,13
2026-08-24T10:18:33,2200,2200,12
2026-08-24T10:19:34,2200,2200,5
2026-08-24T10:20:35,2200,2200,11
2026-08-24T10:21:37,2200,2200,13
2026-08-24T10:22:38,2200,2200,19
2026-08-24T10:23:40,2200,2200,8
2026-08-24T10:24:41,2200,2200,11
2026-08-24T10:25:42,2200,2200,17
2026-08-24T10:26:44,2200,2200,3
2026-08-24T10:27:45,2200,2200,70
2026-08-24T10:28:47,2200,2200,6
2026-08-24T10:29:48,2200,2200,6
2026-08-24T10:30:52,2200,2200,4
2026-08-24T10:31:54,2200,2200,54
2026-08-24T10:32:55,2200,2200,8
2026-08-24T10:33:56,2200,2200,51
2026-08-24T10:34:58,2200,2200,45
2026-08-24T10:35:59,2200,2200,55
2026-08-24T10:37:01,2200,2200,4
2026-08-24T10:38:02,2200,2200,5
2026-08-24T10:39:03,2200,2200,59
2026-08-24T10:40:05,2200,2200,14
2026-08-24T10:41:06,2200,2200,57
2026-08-24T10:42:08,2200,2200,60
2026-08-24T10:43:09,2200,2200,20
2026-08-24T10:44:11,2200,2200,4
2026-08-24T10:45:12,2200,2200,22
2026-08-24T10:46:13,2200,2200,5
2026-08-24T10:47:18,2200,2200,12
2026-08-24T10:48:19,2200,2200,11
2026-08-24T10:49:21,2200,2200,7
2026-08-24T10:50:22,2200,2200,14
2026-08-24T10:51:23,2200,2200,9
2026-08-24T10:52:25,2200,2200,6
2026-08-24T10:53:26,2200,2200,26
2026-08-24T10:54:28,2200,2200,16
2026-08-24T10:55:29,2200,2200,10
2026-08-24T10:56:30,2200,2200,15
2026-08-24T10:57:32,2200,2200,10
2026-08-24T10:58:33,2200,2200,7
2026-08-24T10:59:35,2200,2200,54
2026-08-24T11:00:36,2200,2200,9
2026-08-24T11:01:37,2200,2200,16
2026-08-24T11:02:39,2200,2200,15
2026-08-24T11:03:43,2200,2200,64
2026-08-24T11:04:45,2200,2200,19
2026-08-24T11:05:46,2200,2200,3
2026-08-24T11:06:48,2200,2200,17
2026-08-24T11:07:49,2200,2200,15
2026-08-24T11:08:50,2200,2200,7
2026-08-24T11:09:52,2200,2200,6
2026-08-24T11:10:53,2200,2200,7
2026-08-24T11:11:55,2200,2200,51
2026-08-24T11:12:56,2200,2200,62
2026-08-24T11:13:57,2200,2200,18
2026-08-24T11:14:59,2200,2200,15
2026-08-24T11:16:00,2200,2200,15
2026-08-24T11:17:02,2200,2200,7
2026-08-24T11:18:03,2200,2200,14
2026-08-24T11:19:04,2200,2200,6
2026-08-24T11:20:09,2200,2200,11
2026-08-24T11:21:11,2200,2200,9
2026-08-24T11:22:12,2200,2200,19
2026-08-24T11:23:14,2200,2200,53
2026-08-24T11:24:15,2200,2200,6
2026-08-24T11:25:16,2200,2200,7
2026-08-24T11:26:18,2200,2200,16
2026-08-24T11:27:19,2200,2200,12
2026-08-24T11:28:21,2200,2200,7
2026-08-24T11:29:23,2200,2200,54
2026-08-24T11:30:24,2200,2200,15
2026-08-24T11:31:26,2200,2200,57
2026-08-24T11:32:27,2200,2200,54
2026-08-24T11:33:28,2200,2200,8
2026-08-24T11:34:30,2200,2200,12
2026-08-24T11:35:31,2200,2200,59
2026-08-24T11:36:35,2200,2200,50
2026-08-24T11:37:37,2200,2200,20
2026-08-24T11:38:38,2200,2200,15
2026-08-24T11:39:40,2200,2200,8
2026-08-24T11:40:41,2200,2200,63
2026-08-24T11:41:42,2200,2200,30
2026-08-24T11:42:44,2200,2200,52
2026-08-24T11:43:45,2200,2200,14
