datetime,instance,mode,method,seed,threads,time_limit_s,status,obj,bound,gap,solver_time_s,total_wall_s,lag_lb,lag_ub,lag_time_s,benders_cuts,heuristic_cost,verified_cost,verified_ok,gurobi_version,gurobi_log
20260708-191424,PSC1-C1-50-5,exact,2,0,16,1800,OPTIMAL,1923801.00,1923801.00,0.00000000,692.72,964.21,1079801.00,1978219.00,270.75,3389,1978219.00,1923801.00,1,13.0.2,logs/PSC1-C1-50-5_m2_exact_s0_20260708-191424.gurobi.log
20260708-193028,PSC1-C1-50-5,exact,1,0,16,1800,OPTIMAL,1923801.00,1923801.00,0.00000000,268.77,269.40,-1.00,-1.00,-1.00,1183,-1.00,1923801.00,1,13.0.2,logs/PSC1-C1-50-5_m1_exact_s0_20260708-193028.gurobi.log
20260708-193457,PSC1-C2-50-5,exact,2,0,16,1800,FEASIBLE,1649496.00,1618624.22,0.01871589,1531.18,1802.98,946215.74,1666264.00,270.60,13556,1666264.00,1649496.00,1,13.0.2,logs/PSC1-C2-50-5_m2_exact_s0_20260708-193457.gurobi.log
20260708-200500,PSC1-C2-50-5,exact,1,0,16,1800,FEASIBLE,1652895.00,1618673.77,0.02070381,1800.12,1801.47,-1.00,-1.00,-1.00,15910,-1.00,1652895.00,1,13.0.2,logs/PSC1-C2-50-5_m1_exact_s0_20260708-200500.gurobi.log
20260708-203502,PSC1-C3-50-5,exact,2,0,16,1800,NOTFOUND,0.00,12818364.41,0.00000000,0.00,1808.19,12396818.96,13078069.00,270.43,18365,13078069.00,-1.00,0,13.0.2,logs/PSC1-C3-50-5_m2_exact_s0_20260708-203502.gurobi.log
20260708-210510,PSC1-C3-50-5,exact,1,0,16,1800,FEASIBLE,13162966.00,12818341.04,0.02618141,1810.33,1811.04,-1.00,-1.00,-1.00,21009,-1.00,13162966.00,1,13.0.2,logs/PSC1-C3-50-5_m1_exact_s0_20260708-210510.gurobi.log
20260708-213522,PSC1-C4-50-5,exact,2,0,16,1800,FEASIBLE,1912551.00,1785525.52,0.06641678,1529.60,1800.73,906971.60,1943370.00,270.56,13803,1943370.00,1912551.00,1,13.0.2,logs/PSC1-C4-50-5_m2_exact_s0_20260708-213522.gurobi.log
20260708-220522,PSC1-C4-50-5,exact,1,0,16,1800,FEASIBLE,1915218.00,1786910.93,0.06699346,1803.21,1803.66,-1.00,-1.00,-1.00,15980,-1.00,1915218.00,1,13.0.2,logs/PSC1-C4-50-5_m1_exact_s0_20260708-220522.gurobi.log
20260708-223526,PSC1-C5-50-5,exact,2,0,16,1800,NOTFOUND,0.00,12974125.37,0.00000000,0.00,1803.03,12410999.32,13162437.00,270.26,18465,13162437.00,-1.00,0,13.0.2,logs/PSC1-C5-50-5_m2_exact_s0_20260708-223526.gurobi.log
20260708-230529,PSC1-C5-50-5,exact,1,0,16,1800,FEASIBLE,13166927.00,12974486.61,0.01461544,1802.95,1803.91,-1.00,-1.00,-1.00,22007,-1.00,13166927.00,1,13.0.2,logs/PSC1-C5-50-5_m1_exact_s0_20260708-230529.gurobi.log
20260708-233533,PSC2-C1-50-5,exact,2,0,16,1800,FEASIBLE,1931116.00,1928226.95,0.00149605,1529.11,1803.55,1082787.95,1992573.00,270.76,3912,1992573.00,1931116.00,1,13.0.2,logs/PSC2-C1-50-5_m2_exact_s0_20260708-233533.gurobi.log
20260709-000537,PSC2-C1-50-5,exact,1,0,16,1800,FEASIBLE,1930514.00,1928637.64,0.00097195,1799.83,1797.70,-1.00,-1.00,-1.00,2795,-1.00,1930514.00,1,13.0.2,logs/PSC2-C1-50-5_m1_exact_s0_20260709-000537.gurobi.log
20260709-003538,PSC2-C2-50-5,exact,2,0,16,1800,FEASIBLE,1645427.00,1626804.55,0.01131770,1530.53,1801.74,951365.00,1671119.00,270.38,12230,1671119.00,1645427.00,1,13.0.2,logs/PSC2-C2-50-5_m2_exact_s0_20260709-003538.gurobi.log
20260709-010539,PSC2-C2-50-5,exact,1,0,16,1800,FEASIBLE,1644345.00,1628793.25,0.00945772,1801.57,1801.96,-1.00,-1.00,-1.00,15314,-1.00,1644345.00,1,13.0.2,logs/PSC2-C2-50-5_m1_exact_s0_20260709-010539.gurobi.log
20260709-013541,PSC2-C3-50-5,exact,2,0,16,1800,NOTFOUND,0.00,12826335.27,0.00000000,0.00,1805.31,12404596.74,13080530.00,270.44,27020,13080530.00,-1.00,0,13.0.2,logs/PSC2-C3-50-5_m2_exact_s0_20260709-013541.gurobi.log
20260709-020547,PSC2-C3-50-5,exact,1,0,16,1800,FEASIBLE,13179937.00,12826416.09,0.02682266,1804.60,1805.36,-1.00,-1.00,-1.00,30248,-1.00,13179937.00,1,13.0.2,logs/PSC2-C3-50-5_m1_exact_s0_20260709-020547.gurobi.log
20260709-023552,PSC2-C4-50-5,exact,2,0,16,1800,FEASIBLE,1907780.00,1787026.17,0.06329547,1533.34,1804.38,909358.50,1933689.00,270.39,17172,1933689.00,1907780.00,1,13.0.2,logs/PSC2-C4-50-5_m2_exact_s0_20260709-023552.gurobi.log
20260709-030557,PSC2-C4-50-5,exact,1,0,16,1800,FEASIBLE,1919942.00,1791244.45,0.06703200,1802.22,1802.80,-1.00,-1.00,-1.00,19343,-1.00,1919942.00,1,13.0.2,logs/PSC2-C4-50-5_m1_exact_s0_20260709-030557.gurobi.log
20260709-033600,PSC2-C5-50-5,exact,2,0,16,1800,NOTFOUND,0.00,12914473.83,0.00000000,0.00,1801.53,12361729.44,13112485.00,270.28,20558,13112485.00,-1.00,0,13.0.2,logs/PSC2-C5-50-5_m2_exact_s0_20260709-033600.gurobi.log
20260709-040601,PSC2-C5-50-5,exact,1,0,16,1800,FEASIBLE,13098582.00,12917122.85,0.01385334,1801.69,1802.64,-1.00,-1.00,-1.00,21238,-1.00,13098582.00,1,13.0.2,logs/PSC2-C5-50-5_m1_exact_s0_20260709-040601.gurobi.log
20260709-043604,PSC3-C1-50-5,exact,2,0,16,1800,FEASIBLE,1930871.00,1928985.72,0.00097639,1529.04,1802.44,1082897.54,1977376.00,270.61,2218,1977376.00,1930871.00,1,13.0.2,logs/PSC3-C1-50-5_m2_exact_s0_20260709-043604.gurobi.log
20260709-050606,PSC3-C1-50-5,exact,1,0,16,1800,FEASIBLE,1931526.00,1929133.84,0.00123848,1799.91,1801.28,-1.00,-1.00,-1.00,4071,-1.00,1931526.00,1,13.0.2,logs/PSC3-C1-50-5_m1_exact_s0_20260709-050606.gurobi.log
20260709-053608,PSC3-C2-50-5,exact,2,0,16,1800,FEASIBLE,1641251.00,1622871.31,0.01119858,1530.15,1802.17,947456.45,1667007.00,270.48,10557,1667007.00,1641251.00,1,13.0.2,logs/PSC3-C2-50-5_m2_exact_s0_20260709-053608.gurobi.log
20260709-060610,PSC3-C2-50-5,exact,1,0,16,1800,FEASIBLE,1648330.00,1622650.31,0.01557922,1801.86,1802.75,-1.00,-1.00,-1.00,16156,-1.00,1648330.00,1,13.0.2,logs/PSC3-C2-50-5_m1_exact_s0_20260709-060610.gurobi.log
20260709-063613,PSC3-C3-50-5,exact,2,0,16,1800,NOTFOUND,0.00,12749328.21,0.00000000,0.00,1804.74,12331499.80,13004771.00,270.56,27025,13004771.00,-1.00,0,13.0.2,logs/PSC3-C3-50-5_m2_exact_s0_20260709-063613.gurobi.log
20260709-070618,PSC3-C3-50-5,exact,1,0,16,1800,FEASIBLE,13182049.00,12749234.33,0.03283364,1802.73,1803.48,-1.00,-1.00,-1.00,30660,-1.00,13182049.00,1,13.0.2,logs/PSC3-C3-50-5_m1_exact_s0_20260709-070618.gurobi.log
20260709-073621,PSC3-C4-50-5,exact,2,0,16,1800,FEASIBLE,1914613.00,1783064.85,0.06870743,1531.29,1802.39,907954.84,1931872.00,270.39,16874,1931872.00,1914613.00,1,13.0.2,logs/PSC3-C4-50-5_m2_exact_s0_20260709-073621.gurobi.log
20260709-080624,PSC3-C4-50-5,exact,1,0,16,1800,FEASIBLE,1926889.00,1783813.64,0.07425200,1801.99,1802.55,-1.00,-1.00,-1.00,18379,-1.00,1926889.00,1,13.0.2,logs/PSC3-C4-50-5_m1_exact_s0_20260709-080624.gurobi.log
20260709-083626,PSC3-C5-50-5,exact,2,0,16,1800,NOTFOUND,0.00,12956615.01,0.00000000,0.00,1803.39,12403095.85,13154676.00,270.28,18553,13154676.00,-1.00,0,13.0.2,logs/PSC3-C5-50-5_m2_exact_s0_20260709-083626.gurobi.log
20260709-090630,PSC3-C5-50-5,exact,1,0,16,1800,FEASIBLE,13160674.00,12964625.91,0.01489651,1803.77,1804.50,-1.00,-1.00,-1.00,23406,-1.00,13160674.00,1,13.0.2,logs/PSC3-C5-50-5_m1_exact_s0_20260709-090630.gurobi.log
20260709-093635,PSC4-C1-50-5,exact,2,0,16,1800,OPTIMAL,1909659.00,1909659.00,0.00000000,340.23,611.31,1080431.00,1951845.00,270.54,1519,1951845.00,1909659.00,1,13.0.2,logs/PSC4-C1-50-5_m2_exact_s0_20260709-093635.gurobi.log
20260709-094646,PSC4-C1-50-5,exact,1,0,16,1800,OPTIMAL,1909659.00,1909659.00,0.00000000,205.50,205.87,-1.00,-1.00,-1.00,793,-1.00,1909659.00,1,13.0.2,logs/PSC4-C1-50-5_m1_exact_s0_20260709-094646.gurobi.log
20260709-095012,PSC4-C2-50-5,exact,2,0,16,1800,FEASIBLE,1652067.00,1626065.79,0.01573859,1530.63,1802.05,952180.00,1672198.00,270.44,15221,1672198.00,1652067.00,1,13.0.2,logs/PSC4-C2-50-5_m2_exact_s0_20260709-095012.gurobi.log
20260709-102014,PSC4-C2-50-5,exact,1,0,16,1800,FEASIBLE,1649537.00,1626057.70,0.01423387,1801.91,1802.59,-1.00,-1.00,-1.00,14600,-1.00,1649537.00,1,13.0.2,logs/PSC4-C2-50-5_m1_exact_s0_20260709-102014.gurobi.log
20260709-105017,PSC4-C3-50-5,exact,2,0,16,1800,NOTFOUND,0.00,12821838.32,0.00000000,0.00,1802.48,12401534.37,13073530.00,270.38,27275,13073530.00,-1.00,0,13.0.2,logs/PSC4-C3-50-5_m2_exact_s0_20260709-105017.gurobi.log
20260709-112019,PSC4-C3-50-5,exact,1,0,16,1800,FEASIBLE,13150504.00,12821936.27,0.02498518,1802.02,1802.82,-1.00,-1.00,-1.00,31549,-1.00,13150504.00,1,13.0.2,logs/PSC4-C3-50-5_m1_exact_s0_20260709-112019.gurobi.log
20260709-115022,PSC4-C4-50-5,exact,2,0,16,1800,FEASIBLE,1905740.00,1774654.88,0.06878437,1534.00,1805.15,906283.43,1923378.00,270.46,16864,1923378.00,1905740.00,1,13.0.2,logs/PSC4-C4-50-5_m2_exact_s0_20260709-115022.gurobi.log
20260709-122027,PSC4-C4-50-5,exact,1,0,16,1800,FEASIBLE,1913754.00,1777484.69,0.07120524,1802.55,1803.15,-1.00,-1.00,-1.00,17970,-1.00,1913754.00,1,13.0.2,logs/PSC4-C4-50-5_m1_exact_s0_20260709-122027.gurobi.log
20260709-125031,PSC4-C5-50-5,exact,2,0,16,1800,NOTFOUND,0.00,12977866.23,0.00000000,0.00,1802.28,12416273.04,13165803.00,270.34,19725,13165803.00,-1.00,0,13.0.2,logs/PSC4-C5-50-5_m2_exact_s0_20260709-125031.gurobi.log
20260709-132033,PSC4-C5-50-5,exact,1,0,16,1800,FEASIBLE,13167923.00,12978828.43,0.01436024,1800.14,1800.99,-1.00,-1.00,-1.00,21486,-1.00,13167923.00,1,13.0.2,logs/PSC4-C5-50-5_m1_exact_s0_20260709-132033.gurobi.log
20260709-135034,PSC5-C1-50-5,exact,2,0,16,1800,FEASIBLE,1895151.00,1894638.00,0.00027069,1529.15,1801.54,1077253.05,1939617.00,270.59,1076,1939617.00,1895151.00,1,13.0.2,logs/PSC5-C1-50-5_m2_exact_s0_20260709-135034.gurobi.log
20260709-142036,PSC5-C1-50-5,exact,1,0,16,1800,OPTIMAL,1895151.00,1895151.00,0.00000000,953.10,953.53,-1.00,-1.00,-1.00,2176,-1.00,1895151.00,1,13.0.2,logs/PSC5-C1-50-5_m1_exact_s0_20260709-142036.gurobi.log
20260709-143629,PSC5-C2-50-5,exact,2,0,16,1800,FEASIBLE,1647134.00,1623920.79,0.01409309,1531.07,1802.32,953567.00,1665914.00,270.30,16012,1665914.00,1647134.00,1,13.0.2,logs/PSC5-C2-50-5_m2_exact_s0_20260709-143629.gurobi.log
20260709-150632,PSC5-C2-50-5,exact,1,0,16,1800,FEASIBLE,1644077.00,1627926.95,0.00982317,1801.70,1802.41,-1.00,-1.00,-1.00,16323,-1.00,1644077.00,1,13.0.2,logs/PSC5-C2-50-5_m1_exact_s0_20260709-150632.gurobi.log
20260709-153634,PSC5-C3-50-5,exact,2,0,16,1800,NOTFOUND,0.00,12779237.90,0.00000000,0.00,1804.72,12359279.28,13020569.00,270.50,26645,13020569.00,-1.00,0,13.0.2,logs/PSC5-C3-50-5_m2_exact_s0_20260709-153634.gurobi.log
20260709-160639,PSC5-C3-50-5,exact,1,0,16,1800,FEASIBLE,13174323.00,12779160.66,0.02999489,1803.73,1804.43,-1.00,-1.00,-1.00,28772,-1.00,13174323.00,1,13.0.2,logs/PSC5-C3-50-5_m1_exact_s0_20260709-160639.gurobi.log
20260709-163643,PSC5-C4-50-5,exact,2,0,16,1800,FEASIBLE,1911459.00,1783830.74,0.06677008,1530.09,1801.08,912335.47,1946175.00,270.38,17001,1946175.00,1911459.00,1,13.0.2,logs/PSC5-C4-50-5_m2_exact_s0_20260709-163643.gurobi.log
20260709-170645,PSC5-C4-50-5,exact,1,0,16,1800,FEASIBLE,1917892.00,1783733.70,0.06995092,1804.24,1804.89,-1.00,-1.00,-1.00,13887,-1.00,1917892.00,1,13.0.2,logs/PSC5-C4-50-5_m1_exact_s0_20260709-170645.gurobi.log
20260709-173650,PSC5-C5-50-5,exact,2,0,16,1800,NOTFOUND,0.00,12932487.48,0.00000000,0.00,1806.69,12374987.30,13125021.00,270.35,14405,13125021.00,-1.00,0,13.0.2,logs/PSC5-C5-50-5_m2_exact_s0_20260709-173650.gurobi.log
20260709-180656,PSC5-C5-50-5,exact,1,0,16,1800,FEASIBLE,13134755.00,12938327.39,0.01495480,1803.58,1804.76,-1.00,-1.00,-1.00,17694,-1.00,13134755.00,1,13.0.2,logs/PSC5-C5-50-5_m1_exact_s0_20260709-180656.gurobi.log
20260709-192728,PSC1-C1-50-5,exact,2,0,16,300,FEASIBLE,1923801.00,1923727.89,0.00003800,254.11,300.31,1914318.94,1948733.00,45.64,1236,1948733.00,1923801.00,1,13.0.2,logs/PSC1-C1-50-5_m2_exact_s0_20260709-192728.gurobi.log
20260709-193228,PSC1-C1-50-5,exact,1,0,16,300,OPTIMAL,1923801.00,1923801.00,0.00000000,224.90,225.28,-1.00,-1.00,-1.00,1183,-1.00,1923801.00,1,13.0.2,logs/PSC1-C1-50-5_m1_exact_s0_20260709-193228.gurobi.log
20260709-193722,PSC1-C1-50-5,exact,2,0,16,300,FEASIBLE,1925645.00,1922163.11,0.00180817,254.22,300.48,1914333.40,1948733.00,45.59,1856,1948733.00,1925645.00,1,13.0.2,logs/PSC1-C1-50-5_m2_exact_s0_20260709-193722.gurobi.log
20260709-194222,PSC1-C1-50-5,exact,1,0,16,300,OPTIMAL,1923801.00,1923801.00,0.00000000,219.68,220.05,-1.00,-1.00,-1.00,1183,-1.00,1923801.00,1,13.0.2,logs/PSC1-C1-50-5_m1_exact_s0_20260709-194222.gurobi.log
20260709-194603,PSC1-C1-50-5,exact-pap,1,0,16,300,OPTIMAL,1923801.00,1923801.00,0.00000000,223.14,223.58,-1.00,-1.00,-1.00,2913,-1.00,1923801.00,1,13.0.2,logs/PSC1-C1-50-5_m1_exact-pap_s0_20260709-194603.gurobi.log
20260709-194946,PSC1-C2-50-5,exact,2,0,16,300,FEASIBLE,1653154.00,1624827.26,0.01713497,255.79,301.37,1624827.26,1718108.00,45.15,6408,1718108.00,1653154.00,1,13.0.2,logs/PSC1-C2-50-5_m2_exact_s0_20260709-194946.gurobi.log
20260709-195448,PSC1-C2-50-5,exact,1,0,16,300,FEASIBLE,1652895.00,1617419.52,0.02146264,301.11,301.46,-1.00,-1.00,-1.00,6684,-1.00,1652895.00,1,13.0.2,logs/PSC1-C2-50-5_m1_exact_s0_20260709-195448.gurobi.log
20260709-195949,PSC1-C2-50-5,exact-pap,1,0,16,300,FEASIBLE,1648792.00,1623299.07,0.01546158,303.07,303.44,-1.00,-1.00,-1.00,6777,-1.00,1648792.00,1,13.0.2,logs/PSC1-C2-50-5_m1_exact-pap_s0_20260709-195949.gurobi.log
20260709-200453,PSC1-C3-50-5,exact,2,0,16,300,FEASIBLE,13102265.00,12959443.51,0.01090052,255.67,301.30,12959443.51,13423283.00,45.34,11088,13423283.00,13102265.00,1,13.0.2,logs/PSC1-C3-50-5_m2_exact_s0_20260709-200453.gurobi.log
20260709-200954,PSC1-C3-50-5,exact,1,0,16,300,FEASIBLE,13162966.00,12818080.80,0.02620118,303.40,303.72,-1.00,-1.00,-1.00,8584,-1.00,13162966.00,1,13.0.2,logs/PSC1-C3-50-5_m1_exact_s0_20260709-200954.gurobi.log
20260709-201458,PSC1-C3-50-5,exact-pap,1,0,16,300,FEASIBLE,13195618.00,12822308.04,0.02829045,301.12,301.38,-1.00,-1.00,-1.00,7573,-1.00,13195618.00,1,13.0.2,logs/PSC1-C3-50-5_m1_exact-pap_s0_20260709-201458.gurobi.log
20260709-201959,PSC1-C4-50-5,exact,2,0,16,300,FEASIBLE,1913697.00,1835656.88,0.04077977,257.01,302.59,1835656.88,2326477.00,45.16,6448,2326477.00,1913697.00,1,13.0.2,logs/PSC1-C4-50-5_m2_exact_s0_20260709-201959.gurobi.log
20260709-202502,PSC1-C4-50-5,exact,1,0,16,300,FEASIBLE,1916004.00,1786038.43,0.06783157,300.33,300.67,-1.00,-1.00,-1.00,6263,-1.00,1916004.00,1,13.0.2,logs/PSC1-C4-50-5_m1_exact_s0_20260709-202502.gurobi.log
20260709-203003,PSC1-C4-50-5,exact-pap,1,0,16,300,FEASIBLE,1906389.00,1797853.81,0.05693234,301.34,301.68,-1.00,-1.00,-1.00,6045,-1.00,1906389.00,1,13.0.2,logs/PSC1-C4-50-5_m1_exact-pap_s0_20260709-203003.gurobi.log
20260709-203504,PSC1-C5-50-5,exact,2,0,16,300,FEASIBLE,13188045.00,13076657.17,0.00844612,257.15,302.79,13076657.17,13282794.00,45.33,10112,13282794.00,13188045.00,1,13.0.2,logs/PSC1-C5-50-5_m2_exact_s0_20260709-203504.gurobi.log
20260709-204007,PSC1-C5-50-5,exact,1,0,16,300,FEASIBLE,13166927.00,12974033.17,0.01464987,300.05,300.32,-1.00,-1.00,-1.00,7219,-1.00,13166927.00,1,13.0.2,logs/PSC1-C5-50-5_m1_exact_s0_20260709-204007.gurobi.log
20260709-204508,PSC1-C5-50-5,exact-pap,1,0,16,300,FEASIBLE,13165291.00,12981499.18,0.01396033,303.31,303.66,-1.00,-1.00,-1.00,7057,-1.00,13165291.00,1,13.0.2,logs/PSC1-C5-50-5_m1_exact-pap_s0_20260709-204508.gurobi.log
20260709-205012,PSC2-C1-50-5,exact,1,0,16,7200,FEASIBLE,1930040.00,1929345.43,0.00035988,7200.00,7202.34,-1.00,-1.00,-1.00,3925,-1.00,1930040.00,1,13.0.2,logs/PSC2-C1-50-5_m1_exact_s0_20260709-205012.gurobi.log
20260709-225015,PSC2-C1-50-5,exact,2,0,16,7200,FEASIBLE,1930896.00,1928696.31,0.00113921,6599.35,7203.08,1922415.75,1955621.00,600.54,4600,1955621.00,1930896.00,1,13.0.2,logs/PSC2-C1-50-5_m2_exact_s0_20260709-225015.gurobi.log
20260710-005018,PSC3-C1-50-5,exact,1,0,16,7200,FEASIBLE,1930380.00,1929582.22,0.00041328,7200.12,7203.92,-1.00,-1.00,-1.00,5097,-1.00,1930380.00,1,13.0.2,logs/PSC3-C1-50-5_m1_exact_s0_20260710-005018.gurobi.log
20260710-025022,PSC3-C1-50-5,exact,2,0,16,7200,FEASIBLE,1930380.00,1929413.63,0.00050061,6598.99,7205.24,1923070.21,1953349.00,600.95,5430,1953349.00,1930380.00,1,13.0.2,logs/PSC3-C1-50-5_m2_exact_s0_20260710-025022.gurobi.log
20260710-045027,PSC1-C1-50-10,exact,2,0,16,900,FEASIBLE,3275593.00,3265011.40,0.00323044,763.74,900.66,3261879.40,3295996.00,135.85,4632,3295996.00,3275593.00,1,13.0.2,logs/PSC1-C1-50-10_m2_exact_s0_20260710-045027.gurobi.log
20260710-050528,PSC1-C1-50-10,exact,1,0,16,900,FEASIBLE,3272686.00,3267175.91,0.00168366,899.63,900.85,-1.00,-1.00,-1.00,5643,-1.00,3272686.00,1,13.0.2,logs/PSC1-C1-50-10_m1_exact_s0_20260710-050528.gurobi.log
20260710-052029,PSC1-C2-50-10,exact,2,0,16,900,FEASIBLE,3019054.00,2967907.13,0.01694136,768.42,904.53,2967907.13,3059826.00,135.29,15184,3059826.00,3019054.00,1,13.0.2,logs/PSC1-C2-50-10_m2_exact_s0_20260710-052029.gurobi.log
20260710-053534,PSC1-C2-50-10,exact,1,0,16,900,FEASIBLE,3007770.00,2960395.06,0.01575085,900.71,901.47,-1.00,-1.00,-1.00,16264,-1.00,3007770.00,1,13.0.2,logs/PSC1-C2-50-10_m1_exact_s0_20260710-053534.gurobi.log
20260710-055035,PSC1-C3-50-10,exact,2,0,16,900,FEASIBLE,25722690.00,25529237.54,0.00752069,759.46,901.38,25529237.54,26271076.00,141.22,31919,26271076.00,25722690.00,1,13.0.2,logs/PSC1-C3-50-10_m2_exact_s0_20260710-055035.gurobi.log
20260710-060537,PSC1-C3-50-10,exact,1,0,16,900,FEASIBLE,25894662.00,25280228.58,0.02372819,899.86,900.32,-1.00,-1.00,-1.00,19993,-1.00,25894662.00,1,13.0.2,logs/PSC1-C3-50-10_m1_exact_s0_20260710-060537.gurobi.log
20260710-062037,PSC1-C4-50-10,exact,2,0,16,900,FEASIBLE,3508394.00,3359422.89,0.04246134,767.04,902.96,3359422.89,3734501.00,135.28,17635,3734501.00,3508394.00,1,13.0.2,logs/PSC1-C4-50-10_m2_exact_s0_20260710-062037.gurobi.log
20260710-063540,PSC1-C4-50-10,exact,1,0,16,900,FEASIBLE,3530100.00,3281059.55,0.07054770,903.58,904.28,-1.00,-1.00,-1.00,13718,-1.00,3530100.00,1,13.0.2,logs/PSC1-C4-50-10_m1_exact_s0_20260710-063540.gurobi.log
20260710-065045,PSC1-C5-50-10,exact,2,0,16,900,FEASIBLE,25756445.00,25594537.59,0.00628609,769.02,907.36,25594537.59,25995321.00,137.37,30585,25995321.00,25756445.00,1,13.0.2,logs/PSC1-C5-50-10_m2_exact_s0_20260710-065045.gurobi.log
20260710-070552,PSC1-C5-50-10,exact,1,0,16,900,FEASIBLE,25766321.00,25436538.08,0.01279899,899.95,900.52,-1.00,-1.00,-1.00,18173,-1.00,25766321.00,1,13.0.2,logs/PSC1-C5-50-10_m1_exact_s0_20260710-070552.gurobi.log
20260710-072053,PSC2-C1-50-10,exact,2,0,16,900,FEASIBLE,3280832.00,3270693.84,0.00309012,764.76,901.74,3265430.10,3300033.00,135.76,6255,3300033.00,3280832.00,1,13.0.2,logs/PSC2-C1-50-10_m2_exact_s0_20260710-072053.gurobi.log
20260710-073555,PSC2-C1-50-10,exact,1,0,16,900,FEASIBLE,3277936.00,3272000.31,0.00181080,899.62,900.74,-1.00,-1.00,-1.00,5256,-1.00,3277936.00,1,13.0.2,logs/PSC2-C1-50-10_m1_exact_s0_20260710-073555.gurobi.log
20260710-075056,PSC2-C2-50-10,exact,2,0,16,900,FEASIBLE,3034270.00,2982468.77,0.01707206,765.69,901.74,2982468.77,3152704.00,135.29,16340,3152704.00,3034270.00,1,13.0.2,logs/PSC2-C2-50-10_m2_exact_s0_20260710-075056.gurobi.log
20260710-080557,PSC2-C2-50-10,exact,1,0,16,900,FEASIBLE,3017982.00,2973979.78,0.01458002,900.33,901.09,-1.00,-1.00,-1.00,15414,-1.00,3017982.00,1,13.0.2,logs/PSC2-C2-50-10_m1_exact_s0_20260710-080557.gurobi.log
20260710-082059,PSC2-C3-50-10,exact,2,0,16,900,FEASIBLE,25734938.00,25544912.57,0.00738395,752.37,907.09,25544912.57,26439470.00,153.80,32005,26439470.00,25734938.00,1,13.0.2,logs/PSC2-C3-50-10_m2_exact_s0_20260710-082059.gurobi.log
20260710-083606,PSC2-C3-50-10,exact,1,0,16,900,FEASIBLE,26071105.00,25285700.45,0.03012548,902.79,903.44,-1.00,-1.00,-1.00,20817,-1.00,26071105.00,1,13.0.2,logs/PSC2-C3-50-10_m1_exact_s0_20260710-083606.gurobi.log
20260710-085109,PSC2-C4-50-10,exact,2,0,16,900,FEASIBLE,3520835.00,3361316.97,0.04530688,766.49,902.63,3361316.97,3814950.00,135.29,17229,3814950.00,3520835.00,1,13.0.2,logs/PSC2-C4-50-10_m2_exact_s0_20260710-085109.gurobi.log
20260710-090612,PSC2-C4-50-10,exact,1,0,16,900,FEASIBLE,3534575.00,3285198.67,0.07055341,900.41,901.06,-1.00,-1.00,-1.00,13797,-1.00,3534575.00,1,13.0.2,logs/PSC2-C4-50-10_m1_exact_s0_20260710-090612.gurobi.log
20260710-092113,PSC2-C5-50-10,exact,2,0,16,900,FEASIBLE,25684180.00,25507290.72,0.00688709,765.82,902.09,25507290.72,25830694.00,135.31,28704,25830694.00,25684180.00,1,13.0.2,logs/PSC2-C5-50-10_m2_exact_s0_20260710-092113.gurobi.log
20260710-093615,PSC2-C5-50-10,exact,1,0,16,900,FEASIBLE,25678848.00,25353311.78,0.01267721,904.94,905.54,-1.00,-1.00,-1.00,18463,-1.00,25678848.00,1,13.0.2,logs/PSC2-C5-50-10_m1_exact_s0_20260710-093615.gurobi.log
20260710-095121,PSC3-C1-50-10,exact,2,0,16,900,FEASIBLE,3285753.00,3272614.19,0.00399872,763.63,901.06,3267569.63,3306158.00,136.03,6599,3306158.00,3285753.00,1,13.0.2,logs/PSC3-C1-50-10_m2_exact_s0_20260710-095121.gurobi.log
20260710-100622,PSC3-C1-50-10,exact,1,0,16,900,FEASIBLE,3278712.00,3274201.95,0.00137556,899.73,901.14,-1.00,-1.00,-1.00,4529,-1.00,3278712.00,1,13.0.2,logs/PSC3-C1-50-10_m1_exact_s0_20260710-100622.gurobi.log
20260710-102123,PSC3-C2-50-10,exact,2,0,16,900,FEASIBLE,3016306.00,2977286.66,0.01293614,762.87,900.52,2977286.66,3192607.00,136.77,12533,3192607.00,3016306.00,1,13.0.2,logs/PSC3-C2-50-10_m2_exact_s0_20260710-102123.gurobi.log
20260710-103624,PSC3-C2-50-10,exact,1,0,16,900,FEASIBLE,3015340.00,2968195.32,0.01563495,904.73,905.65,-1.00,-1.00,-1.00,13318,-1.00,3015340.00,1,13.0.2,logs/PSC3-C2-50-10_m1_exact_s0_20260710-103624.gurobi.log
20260710-105130,PSC3-C3-50-10,exact,2,0,16,900,FEASIBLE,25623205.00,25376634.16,0.00962295,775.84,912.68,25376634.16,26277299.00,135.67,21474,26277299.00,25623205.00,1,13.0.2,logs/PSC3-C3-50-10_m2_exact_s0_20260710-105130.gurobi.log
20260710-110643,PSC3-C3-50-10,exact,1,0,16,900,FEASIBLE,25962121.00,25173057.75,0.03039287,902.90,903.68,-1.00,-1.00,-1.00,14987,-1.00,25962121.00,1,13.0.2,logs/PSC3-C3-50-10_m1_exact_s0_20260710-110643.gurobi.log
20260710-112146,PSC3-C4-50-10,exact,2,0,16,900,FEASIBLE,3515447.00,3349643.30,0.04716433,770.26,908.95,3349643.30,3579516.00,137.49,11826,3579516.00,3515447.00,1,13.0.2,logs/PSC3-C4-50-10_m2_exact_s0_20260710-112146.gurobi.log
20260710-113656,PSC3-C4-50-10,exact,1,0,16,900,FEASIBLE,3527689.00,3280283.54,0.07013245,901.66,902.49,-1.00,-1.00,-1.00,11592,-1.00,3527689.00,1,13.0.2,logs/PSC3-C4-50-10_m1_exact_s0_20260710-113656.gurobi.log
20260710-115158,PSC3-C5-50-10,exact,2,0,16,900,FEASIBLE,25738656.00,25546660.46,0.00745942,769.21,905.63,25546660.46,26055503.00,135.41,26479,26055503.00,25738656.00,1,13.0.2,logs/PSC3-C5-50-10_m2_exact_s0_20260710-115158.gurobi.log
20260710-120704,PSC3-C5-50-10,exact,1,0,16,900,FEASIBLE,25747016.00,25427594.16,0.01240617,905.32,906.03,-1.00,-1.00,-1.00,17978,-1.00,25747016.00,1,13.0.2,logs/PSC3-C5-50-10_m1_exact_s0_20260710-120704.gurobi.log
20260710-122210,PSC4-C1-50-10,exact,2,0,16,900,FEASIBLE,3278091.00,3274257.63,0.00116939,763.96,900.91,3269343.88,3324263.00,135.79,5220,3324263.00,3278091.00,1,13.0.2,logs/PSC4-C1-50-10_m2_exact_s0_20260710-122210.gurobi.log
20260710-123711,PSC4-C1-50-10,exact,1,0,16,900,FEASIBLE,3277833.00,3274932.11,0.00088500,899.69,900.65,-1.00,-1.00,-1.00,3848,-1.00,3277833.00,1,13.0.2,logs/PSC4-C1-50-10_m1_exact_s0_20260710-123711.gurobi.log
20260710-125212,PSC4-C2-50-10,exact,2,0,16,900,FEASIBLE,3013972.00,2977215.67,0.01219531,765.67,901.77,2977215.67,3134708.00,135.29,13639,3134708.00,3013972.00,1,13.0.2,logs/PSC4-C2-50-10_m2_exact_s0_20260710-125212.gurobi.log
20260710-130714,PSC4-C2-50-10,exact,1,0,16,900,FEASIBLE,3013445.00,2970489.26,0.01425470,902.72,903.56,-1.00,-1.00,-1.00,15304,-1.00,3013445.00,1,13.0.2,logs/PSC4-C2-50-10_m1_exact_s0_20260710-130714.gurobi.log
20260710-132218,PSC4-C3-50-10,exact,2,0,16,900,FEASIBLE,25695264.00,25531188.79,0.00638543,741.48,900.85,25531188.79,26245645.00,158.68,28007,26245645.00,25695264.00,1,13.0.2,logs/PSC4-C3-50-10_m2_exact_s0_20260710-132218.gurobi.log
20260710-133719,PSC4-C3-50-10,exact,1,0,16,900,FEASIBLE,25995506.00,25279631.38,0.02753840,902.24,902.95,-1.00,-1.00,-1.00,18614,-1.00,25995506.00,1,13.0.2,logs/PSC4-C3-50-10_m1_exact_s0_20260710-133719.gurobi.log
20260710-135222,PSC4-C4-50-10,exact,2,0,16,900,FEASIBLE,3503282.00,3350324.71,0.04366114,765.29,901.30,3350324.71,4157319.00,135.32,16355,4157319.00,3503282.00,1,13.0.2,logs/PSC4-C4-50-10_m2_exact_s0_20260710-135222.gurobi.log
20260710-140723,PSC4-C4-50-10,exact,1,0,16,900,FEASIBLE,3513808.00,3272266.62,0.06874063,905.47,906.21,-1.00,-1.00,-1.00,13446,-1.00,3513808.00,1,13.0.2,logs/PSC4-C4-50-10_m1_exact_s0_20260710-140723.gurobi.log
20260710-142229,PSC4-C5-50-10,exact,2,0,16,900,FEASIBLE,25760603.00,25580890.20,0.00697627,768.12,904.37,25580890.20,25957796.00,135.33,27168,25957796.00,25760603.00,1,13.0.2,logs/PSC4-C5-50-10_m2_exact_s0_20260710-142229.gurobi.log
20260710-143734,PSC4-C5-50-10,exact,1,0,16,900,FEASIBLE,25745724.00,25437096.86,0.01198751,903.15,903.77,-1.00,-1.00,-1.00,16867,-1.00,25745724.00,1,13.0.2,logs/PSC4-C5-50-10_m1_exact_s0_20260710-143734.gurobi.log
20260710-145238,PSC5-C1-50-10,exact,2,0,16,900,FEASIBLE,3292136.00,3262487.82,0.00900576,766.00,902.99,3261778.96,3296052.00,135.72,9835,3296052.00,3292136.00,1,13.0.2,logs/PSC5-C1-50-10_m2_exact_s0_20260710-145238.gurobi.log
20260710-150741,PSC5-C1-50-10,exact,1,0,16,900,FEASIBLE,3280841.00,3263807.09,0.00519193,899.66,900.72,-1.00,-1.00,-1.00,5166,-1.00,3280841.00,1,13.0.2,logs/PSC5-C1-50-10_m1_exact_s0_20260710-150741.gurobi.log
20260710-152242,PSC5-C2-50-10,exact,2,0,16,900,FEASIBLE,3015790.00,2975417.07,0.01338718,766.22,902.42,2975417.07,3040381.00,135.29,16040,3040381.00,3015790.00,1,13.0.2,logs/PSC5-C2-50-10_m2_exact_s0_20260710-152242.gurobi.log
20260710-153744,PSC5-C2-50-10,exact,1,0,16,900,FEASIBLE,3008718.00,2964499.77,0.01469670,901.46,902.19,-1.00,-1.00,-1.00,14718,-1.00,3008718.00,1,13.0.2,logs/PSC5-C2-50-10_m1_exact_s0_20260710-153744.gurobi.log
20260710-155246,PSC5-C3-50-10,exact,2,0,16,900,FEASIBLE,25660943.00,25489991.01,0.00666195,735.87,907.46,25489991.01,26213372.00,170.86,28240,26213372.00,25660943.00,1,13.0.2,logs/PSC5-C3-50-10_m2_exact_s0_20260710-155246.gurobi.log
20260710-160754,PSC5-C3-50-10,exact,1,0,16,900,FEASIBLE,25998024.00,25235840.95,0.02931696,899.87,900.40,-1.00,-1.00,-1.00,19185,-1.00,25998024.00,1,13.0.2,logs/PSC5-C3-50-10_m1_exact_s0_20260710-160754.gurobi.log
20260710-162255,PSC5-C4-50-10,exact,2,0,16,900,FEASIBLE,3505704.00,3350110.88,0.04438285,769.47,905.40,3350110.88,4003498.00,135.28,15950,4003498.00,3505704.00,1,13.0.2,logs/PSC5-C4-50-10_m2_exact_s0_20260710-162255.gurobi.log
20260710-163800,PSC5-C4-50-10,exact,1,0,16,900,FEASIBLE,3530925.00,3278115.47,0.07159867,900.55,901.31,-1.00,-1.00,-1.00,13802,-1.00,3530925.00,1,13.0.2,logs/PSC5-C4-50-10_m1_exact_s0_20260710-163800.gurobi.log
20260710-165301,PSC5-C5-50-10,exact,2,0,16,900,FEASIBLE,25718711.00,25552300.29,0.00647041,765.29,902.07,25552300.29,26066311.00,135.78,29727,26066311.00,25718711.00,1,13.0.2,logs/PSC5-C5-50-10_m2_exact_s0_20260710-165301.gurobi.log
20260710-170804,PSC5-C5-50-10,exact,1,0,16,900,FEASIBLE,25720385.00,25397297.63,0.01256153,899.82,900.39,-1.00,-1.00,-1.00,17145,-1.00,25720385.00,1,13.0.2,logs/PSC5-C5-50-10_m1_exact_s0_20260710-170804.gurobi.log
20260718-062248,PSC1-C1-50-5,exact,0,0,16,1800,OPTIMAL,1923801.00,1923801.00,0.00000000,961.50,961.83,-1.00,-1.00,-1.00,0,-1.00,1923801.00,1,13.0.2,logs/PSC1-C1-50-5_m0_exact_s0_20260718-062248.gurobi.log
20260718-063850,PSC1-C1-50-10,exact,0,0,16,900,FEASIBLE,3276382.45,3264078.29,0.00375541,899.99,900.57,-1.00,-1.00,-1.00,0,-1.00,3276102.00,1,13.0.2,logs/PSC1-C1-50-10_m0_exact_s0_20260718-063850.gurobi.log
20260718-065351,PSC1-C2-50-5,exact,0,0,16,1800,FEASIBLE,1638012.00,1628687.04,0.00569285,1800.26,1800.53,-1.00,-1.00,-1.00,0,-1.00,1638012.00,1,13.0.2,logs/PSC1-C2-50-5_m0_exact_s0_20260718-065351.gurobi.log
20260718-072352,PSC1-C2-50-10,exact,0,0,16,900,FEASIBLE,3007075.00,2970929.87,0.01202003,899.96,900.42,-1.00,-1.00,-1.00,0,-1.00,3007075.00,1,13.0.2,logs/PSC1-C2-50-10_m0_exact_s0_20260718-072352.gurobi.log
20260718-073852,PSC1-C3-50-5,exact,0,0,16,1800,FEASIBLE,13062876.00,12991677.72,0.00545043,1800.02,1800.28,-1.00,-1.00,-1.00,0,-1.00,13062876.00,1,13.0.2,logs/PSC1-C3-50-5_m0_exact_s0_20260718-073852.gurobi.log
20260718-080852,PSC1-C3-50-10,exact,0,0,16,900,FEASIBLE,25882358.00,25542307.92,0.01313830,899.83,900.23,-1.00,-1.00,-1.00,0,-1.00,25882358.00,1,13.0.2,logs/PSC1-C3-50-10_m0_exact_s0_20260718-080852.gurobi.log
20260718-082353,PSC1-C4-50-5,exact,0,0,16,1800,FEASIBLE,1885986.00,1845419.16,0.02150962,1800.06,1800.30,-1.00,-1.00,-1.00,0,-1.00,1885986.00,1,13.0.2,logs/PSC1-C4-50-5_m0_exact_s0_20260718-082353.gurobi.log
20260718-085353,PSC1-C4-50-10,exact,0,0,16,900,FEASIBLE,4268755.00,3374167.29,0.20956642,899.91,900.56,-1.00,-1.00,-1.00,0,-1.00,4260612.00,1,13.0.2,logs/PSC1-C4-50-10_m0_exact_s0_20260718-085353.gurobi.log
20260718-090854,PSC1-C5-50-5,exact,0,0,16,1800,FEASIBLE,13142736.00,13091860.35,0.00387101,1800.08,1800.32,-1.00,-1.00,-1.00,0,-1.00,13142736.00,1,13.0.2,logs/PSC1-C5-50-5_m0_exact_s0_20260718-090854.gurobi.log
20260718-093854,PSC1-C5-50-10,exact,0,0,16,900,FEASIBLE,26091443.80,25637394.37,0.01740223,899.96,900.47,-1.00,-1.00,-1.00,0,-1.00,25993206.00,1,13.0.2,logs/PSC1-C5-50-10_m0_exact_s0_20260718-093854.gurobi.log
20260718-095355,PSC2-C1-50-5,exact,0,0,16,1800,FEASIBLE,1930655.00,1926656.57,0.00207102,1800.19,1800.82,-1.00,-1.00,-1.00,0,-1.00,1930655.00,1,13.0.2,logs/PSC2-C1-50-5_m0_exact_s0_20260718-095355.gurobi.log
20260718-102356,PSC2-C1-50-10,exact,0,0,16,900,FEASIBLE,3280328.00,3269994.90,0.00315002,899.98,900.66,-1.00,-1.00,-1.00,0,-1.00,3280328.00,1,13.0.2,logs/PSC2-C1-50-10_m0_exact_s0_20260718-102356.gurobi.log
20260718-103856,PSC2-C2-50-5,exact,0,0,16,1800,FEASIBLE,1639382.00,1632857.30,0.00397998,1799.94,1800.21,-1.00,-1.00,-1.00,0,-1.00,1639382.00,1,13.0.2,logs/PSC2-C2-50-5_m0_exact_s0_20260718-103856.gurobi.log
20260718-110857,PSC2-C2-50-10,exact,0,0,16,900,FEASIBLE,3031205.00,2985810.36,0.01497577,899.92,900.33,-1.00,-1.00,-1.00,0,-1.00,3031205.00,1,13.0.2,logs/PSC2-C2-50-10_m0_exact_s0_20260718-110857.gurobi.log
20260718-112357,PSC2-C3-50-5,exact,0,0,16,1800,FEASIBLE,13076647.00,13001428.44,0.00575213,1800.03,1800.27,-1.00,-1.00,-1.00,0,-1.00,13074666.00,1,13.0.2,logs/PSC2-C3-50-5_m0_exact_s0_20260718-112357.gurobi.log
20260718-115357,PSC2-C3-50-10,exact,0,0,16,900,FEASIBLE,25885695.00,25551491.10,0.01291076,899.83,900.23,-1.00,-1.00,-1.00,0,-1.00,25885695.00,1,13.0.2,logs/PSC2-C3-50-10_m0_exact_s0_20260718-115357.gurobi.log
20260718-120858,PSC2-C4-50-5,exact,0,0,16,1800,FEASIBLE,1882478.00,1846808.41,0.01894821,1800.02,1800.28,-1.00,-1.00,-1.00,0,-1.00,1882478.00,1,13.0.2,logs/PSC2-C4-50-5_m0_exact_s0_20260718-120858.gurobi.log
20260718-123858,PSC2-C4-50-10,exact,0,0,16,900,FEASIBLE,4309207.00,3375454.65,0.21668775,899.96,900.52,-1.00,-1.00,-1.00,0,-1.00,4301139.00,1,13.0.2,logs/PSC2-C4-50-10_m0_exact_s0_20260718-123858.gurobi.log
20260718-125359,PSC2-C5-50-5,exact,0,0,16,1800,FEASIBLE,13079802.00,13036202.39,0.00333335,1800.16,1800.41,-1.00,-1.00,-1.00,0,-1.00,13079802.00,1,13.0.2,logs/PSC2-C5-50-5_m0_exact_s0_20260718-125359.gurobi.log
20260718-132359,PSC2-C5-50-10,exact,0,0,16,900,FEASIBLE,25982475.00,25550848.94,0.01661220,899.91,900.47,-1.00,-1.00,-1.00,0,-1.00,25973518.00,1,13.0.2,logs/PSC2-C5-50-10_m0_exact_s0_20260718-132359.gurobi.log
20260718-133900,PSC3-C1-50-5,exact,0,0,16,1800,FEASIBLE,1931924.00,1927375.11,0.00235459,1800.29,1801.10,-1.00,-1.00,-1.00,0,-1.00,1931924.00,1,13.0.2,logs/PSC3-C1-50-5_m0_exact_s0_20260718-133900.gurobi.log
20260718-140901,PSC3-C1-50-10,exact,0,0,16,900,FEASIBLE,3278712.00,3272964.10,0.00175310,899.89,900.54,-1.00,-1.00,-1.00,0,-1.00,3278712.00,1,13.0.2,logs/PSC3-C1-50-10_m0_exact_s0_20260718-140901.gurobi.log
20260718-142402,PSC3-C2-50-5,exact,0,0,16,1800,FEASIBLE,1640018.00,1631684.32,0.00508146,1799.97,1800.26,-1.00,-1.00,-1.00,0,-1.00,1640018.00,1,13.0.2,logs/PSC3-C2-50-5_m0_exact_s0_20260718-142402.gurobi.log
20260718-145402,PSC3-C2-50-10,exact,0,0,16,900,FEASIBLE,3017262.00,2981472.22,0.01186167,899.94,900.37,-1.00,-1.00,-1.00,0,-1.00,3017262.00,1,13.0.2,logs/PSC3-C2-50-10_m0_exact_s0_20260718-145402.gurobi.log
20260718-150902,PSC3-C3-50-5,exact,0,0,16,1800,FEASIBLE,12986529.00,12923406.58,0.00486061,1800.04,1800.31,-1.00,-1.00,-1.00,0,-1.00,12986529.00,1,13.0.2,logs/PSC3-C3-50-5_m0_exact_s0_20260718-150902.gurobi.log
20260718-153903,PSC3-C3-50-10,exact,0,0,16,900,FEASIBLE,25646711.07,25442632.90,0.00795728,899.80,900.27,-1.00,-1.00,-1.00,0,-1.00,25597024.00,1,13.0.2,logs/PSC3-C3-50-10_m0_exact_s0_20260718-153903.gurobi.log
20260718-155403,PSC3-C4-50-5,exact,0,0,16,1800,FEASIBLE,1880658.00,1844887.16,0.01902038,1800.04,1800.36,-1.00,-1.00,-1.00,0,-1.00,1880658.00,1,13.0.2,logs/PSC3-C4-50-5_m0_exact_s0_20260718-155403.gurobi.log
20260718-162404,PSC3-C4-50-10,exact,0,0,16,900,FEASIBLE,4270166.00,3370708.19,0.21063767,899.87,900.48,-1.00,-1.00,-1.00,0,-1.00,4260181.00,1,13.0.2,logs/PSC3-C4-50-10_m0_exact_s0_20260718-162404.gurobi.log
20260718-163904,PSC3-C5-50-5,exact,0,0,16,1800,FEASIBLE,13128272.00,13082646.60,0.00347535,1800.04,1800.33,-1.00,-1.00,-1.00,0,-1.00,13128272.00,1,13.0.2,logs/PSC3-C5-50-5_m0_exact_s0_20260718-163904.gurobi.log
20260718-170905,PSC3-C5-50-10,exact,0,0,16,900,FEASIBLE,26077435.00,25627023.83,0.01727207,899.90,900.44,-1.00,-1.00,-1.00,0,-1.00,26066897.00,1,13.0.2,logs/PSC3-C5-50-10_m0_exact_s0_20260718-170905.gurobi.log
20260718-172405,PSC4-C1-50-5,exact,0,0,16,1800,OPTIMAL,1909659.00,1909659.00,0.00000000,561.12,561.46,-1.00,-1.00,-1.00,0,-1.00,1909659.00,1,13.0.2,logs/PSC4-C1-50-5_m0_exact_s0_20260718-172405.gurobi.log
20260718-173327,PSC4-C1-50-10,exact,0,0,16,900,FEASIBLE,3283327.00,3273577.85,0.00296929,900.06,900.66,-1.00,-1.00,-1.00,0,-1.00,3283327.00,1,13.0.2,logs/PSC4-C1-50-10_m0_exact_s0_20260718-173327.gurobi.log
20260718-174828,PSC4-C2-50-5,exact,0,0,16,1800,FEASIBLE,1645692.00,1634972.86,0.00651345,1799.97,1800.25,-1.00,-1.00,-1.00,0,-1.00,1645692.00,1,13.0.2,logs/PSC4-C2-50-5_m0_exact_s0_20260718-174828.gurobi.log
20260718-181828,PSC4-C2-50-10,exact,0,0,16,900,FEASIBLE,3104599.62,2980909.70,0.03984086,899.93,900.36,-1.00,-1.00,-1.00,0,-1.00,3084149.00,1,13.0.2,logs/PSC4-C2-50-10_m0_exact_s0_20260718-181828.gurobi.log
20260718-183328,PSC4-C3-50-5,exact,0,0,16,1800,FEASIBLE,13067733.00,12996462.07,0.00545396,1800.20,1797.69,-1.00,-1.00,-1.00,0,-1.00,13067733.00,1,13.0.2,logs/PSC4-C3-50-5_m0_exact_s0_20260718-183328.gurobi.log
20260718-190329,PSC4-C3-50-10,exact,0,0,16,900,FEASIBLE,25991101.00,25546408.17,0.01710943,899.83,900.21,-1.00,-1.00,-1.00,0,-1.00,25991101.00,1,13.0.2,logs/PSC4-C3-50-10_m0_exact_s0_20260718-190329.gurobi.log
20260718-191829,PSC4-C4-50-5,exact,0,0,16,1800,FEASIBLE,1877816.00,1840339.04,0.01995774,1799.99,1800.27,-1.00,-1.00,-1.00,0,-1.00,1877816.00,1,13.0.2,logs/PSC4-C4-50-5_m0_exact_s0_20260718-191829.gurobi.log
20260718-194830,PSC4-C4-50-10,exact,0,0,16,900,FEASIBLE,4288240.00,3364448.25,0.21542445,899.90,900.48,-1.00,-1.00,-1.00,0,-1.00,4277317.00,1,13.0.2,logs/PSC4-C4-50-10_m0_exact_s0_20260718-194830.gurobi.log
20260718-200330,PSC4-C5-50-5,exact,0,0,16,1800,FEASIBLE,13139440.00,13094320.30,0.00343391,1799.99,1800.22,-1.00,-1.00,-1.00,0,-1.00,13139440.00,1,13.0.2,logs/PSC4-C5-50-5_m0_exact_s0_20260718-200330.gurobi.log
20260718-203330,PSC4-C5-50-10,exact,0,0,16,900,FEASIBLE,25720329.00,25638210.12,0.00319276,899.91,900.33,-1.00,-1.00,-1.00,0,-1.00,25720329.00,1,13.0.2,logs/PSC4-C5-50-10_m0_exact_s0_20260718-203330.gurobi.log
20260718-204831,PSC5-C1-50-5,exact,0,0,16,1800,OPTIMAL,1895151.00,1895151.00,0.00000000,533.93,534.23,-1.00,-1.00,-1.00,0,-1.00,1895151.00,1,13.0.2,logs/PSC5-C1-50-5_m0_exact_s0_20260718-204831.gurobi.log
20260718-205725,PSC5-C1-50-10,exact,0,0,16,900,FEASIBLE,3284082.64,3264192.64,0.00605649,899.96,900.55,-1.00,-1.00,-1.00,0,-1.00,3283418.00,1,13.0.2,logs/PSC5-C1-50-10_m0_exact_s0_20260718-205725.gurobi.log
20260718-211226,PSC5-C2-50-5,exact,0,0,16,1800,FEASIBLE,1640213.00,1631540.09,0.00528767,1799.98,1800.35,-1.00,-1.00,-1.00,0,-1.00,1640213.00,1,13.0.2,logs/PSC5-C2-50-5_m0_exact_s0_20260718-211226.gurobi.log
20260718-214226,PSC5-C2-50-10,exact,0,0,16,900,FEASIBLE,3028681.00,2979405.74,0.01626955,899.96,900.38,-1.00,-1.00,-1.00,0,-1.00,3028681.00,1,13.0.2,logs/PSC5-C2-50-10_m0_exact_s0_20260718-214226.gurobi.log
20260718-215727,PSC5-C3-50-5,exact,0,0,16,1800,FEASIBLE,13020373.00,12952923.87,0.00518028,1800.11,1800.36,-1.00,-1.00,-1.00,0,-1.00,13020373.00,1,13.0.2,logs/PSC5-C3-50-5_m0_exact_s0_20260718-215727.gurobi.log
20260718-222727,PSC5-C3-50-10,exact,0,0,16,900,FEASIBLE,25704242.28,25503777.92,0.00779888,899.81,900.26,-1.00,-1.00,-1.00,0,-1.00,25665015.00,1,13.0.2,logs/PSC5-C3-50-10_m0_exact_s0_20260718-222727.gurobi.log
20260718-224227,PSC5-C4-50-5,exact,0,0,16,1800,FEASIBLE,1883160.00,1843121.56,0.02126131,1800.00,1800.28,-1.00,-1.00,-1.00,0,-1.00,1883160.00,1,13.0.2,logs/PSC5-C4-50-5_m0_exact_s0_20260718-224227.gurobi.log
20260718-231228,PSC5-C4-50-10,exact,0,0,16,900,FEASIBLE,4296034.00,3368557.84,0.21589125,899.92,900.49,-1.00,-1.00,-1.00,0,-1.00,4286463.00,1,13.0.2,logs/PSC5-C4-50-10_m0_exact_s0_20260718-231228.gurobi.log
20260718-232728,PSC5-C5-50-5,exact,0,0,16,1800,FEASIBLE,13100992.00,13052142.07,0.00372872,1800.15,1800.39,-1.00,-1.00,-1.00,0,-1.00,13100992.00,1,13.0.2,logs/PSC5-C5-50-5_m0_exact_s0_20260718-232728.gurobi.log
20260718-235729,PSC5-C5-50-10,exact,0,0,16,900,FEASIBLE,25756389.01,25597020.98,0.00618751,899.95,900.34,-1.00,-1.00,-1.00,0,-1.00,25740698.00,1,13.0.2,logs/PSC5-C5-50-10_m0_exact_s0_20260718-235729.gurobi.log
20260719-001229,PSC2-C1-50-5,exact,1,0,16,14400,OPTIMAL,1930040.00,1930040.00,0.00000000,2114.84,2115.24,-1.00,-1.00,-1.00,3537,-1.00,1930040.00,1,13.0.2,logs/PSC2-C1-50-5_m1_exact_s0_20260719-001229.gurobi.log
20260719-004745,PSC3-C1-50-5,exact,1,0,16,14400,OPTIMAL,1930380.00,1930379.71,0.00000015,6784.25,6784.88,-1.00,-1.00,-1.00,5893,-1.00,1930380.00,1,13.0.2,logs/PSC3-C1-50-5_m1_exact_s0_20260719-004745.gurobi.log
20260719-024050,PSC1-C1-100-5,exact,2,0,16,1800,FEASIBLE,3789017.00,3788658.23,0.00009469,1527.29,1801.49,3783986.31,3820791.00,271.76,1785,3820791.00,3789017.00,1,13.0.2,logs/PSC1-C1-100-5_m2_exact_s0_20260719-024050.gurobi.log
20260719-031051,PSC1-C1-100-5,exact,1,0,16,1800,OPTIMAL,3788735.00,3788735.00,0.00000000,1199.06,1200.62,-1.00,-1.00,-1.00,1605,-1.00,3788735.00,1,13.0.2,logs/PSC1-C1-100-5_m1_exact_s0_20260719-031051.gurobi.log
20260719-033052,PSC1-C1-100-5,exact,0,0,16,1800,FEASIBLE,3795988.40,3784796.52,0.00294834,1799.72,1801.08,-1.00,-1.00,-1.00,0,-1.00,3795685.00,1,13.0.2,logs/PSC1-C1-100-5_m0_exact_s0_20260719-033052.gurobi.log
20260719-040053,PSC1-C2-100-5,exact,2,0,16,1800,FEASIBLE,3204378.00,3191370.78,0.00405920,1528.26,1801.20,3190415.05,3315324.00,271.05,7451,3315324.00,3204378.00,1,13.0.2,logs/PSC1-C2-100-5_m2_exact_s0_20260719-040053.gurobi.log
20260719-094751,PSC1-C2-100-5,exact,1,0,16,1800,FEASIBLE,3202543.00,3191233.44,0.00353143,1800.36,1802.29,-1.00,-1.00,-1.00,6705,-1.00,3202543.00,1,13.0.2,logs/PSC1-C2-100-5_m1_exact_s0_20260719-094751.gurobi.log
20260719-101753,PSC1-C2-100-5,exact,0,0,16,1800,FEASIBLE,3203081.00,3192056.13,0.00344196,1799.80,1800.86,-1.00,-1.00,-1.00,0,-1.00,3203081.00,1,13.0.2,logs/PSC1-C2-100-5_m0_exact_s0_20260719-101753.gurobi.log
20260719-104755,PSC1-C3-100-5,exact,2,0,16,1800,FEASIBLE,25753800.00,25471756.26,0.01095154,1534.56,1806.57,25471756.26,26151241.00,270.78,9547,26151241.00,25753800.00,1,13.0.2,logs/PSC1-C3-100-5_m2_exact_s0_20260719-104755.gurobi.log
20260719-111801,PSC1-C3-100-5,exact,1,0,16,1800,FEASIBLE,25852393.00,25352916.19,0.01932033,1802.58,1803.60,-1.00,-1.00,-1.00,9499,-1.00,25852393.00,1,13.0.2,logs/PSC1-C3-100-5_m1_exact_s0_20260719-111801.gurobi.log
20260719-114805,PSC1-C3-100-5,exact,0,0,16,1800,FEASIBLE,26626651.00,25519754.77,0.04157099,1799.64,1801.02,-1.00,-1.00,-1.00,0,-1.00,26621042.00,1,13.0.2,logs/PSC1-C3-100-5_m0_exact_s0_20260719-114805.gurobi.log
20260719-121806,PSC1-C4-100-5,exact,2,0,16,1800,FEASIBLE,3676413.00,3583097.61,0.02538218,1541.35,1814.31,3583097.61,4122784.00,271.61,9215,4122784.00,3676413.00,1,13.0.2,logs/PSC1-C4-100-5_m2_exact_s0_20260719-121806.gurobi.log
20260719-124821,PSC1-C4-100-5,exact,1,0,16,1800,FEASIBLE,3709174.00,3540270.19,0.04553677,1802.86,1804.21,-1.00,-1.00,-1.00,8049,-1.00,3709174.00,1,13.0.2,logs/PSC1-C4-100-5_m1_exact_s0_20260719-124821.gurobi.log
20260719-131825,PSC1-C4-100-5,exact,0,0,16,1800,FEASIBLE,4062488.00,3588803.41,0.11659963,1799.66,1800.72,-1.00,-1.00,-1.00,0,-1.00,4056421.00,1,13.0.2,logs/PSC1-C4-100-5_m0_exact_s0_20260719-131825.gurobi.log
20260719-134826,PSC1-C5-100-5,exact,2,0,16,1800,FEASIBLE,25941677.00,25776265.73,0.00637628,1533.54,1807.14,25776265.73,26753025.00,272.25,12961,26753025.00,25941677.00,1,13.0.2,logs/PSC1-C5-100-5_m2_exact_s0_20260719-134826.gurobi.log
20260719-141833,PSC1-C5-100-5,exact,1,0,16,1800,FEASIBLE,25886000.00,25676695.57,0.00808562,1804.96,1806.42,-1.00,-1.00,-1.00,8889,-1.00,25886000.00,1,13.0.2,logs/PSC1-C5-100-5_m1_exact_s0_20260719-141833.gurobi.log
20260719-144840,PSC1-C5-100-5,exact,0,0,16,1800,FEASIBLE,26330861.00,25799647.93,0.02017454,2033.19,2034.48,-1.00,-1.00,-1.00,0,-1.00,26321932.00,1,13.0.2,logs/PSC1-C5-100-5_m0_exact_s0_20260719-144840.gurobi.log
20260719-152234,PSC2-C1-100-5,exact,2,0,16,1800,FEASIBLE,3778181.00,3777823.65,0.00009458,1527.03,1801.77,3773148.24,3807463.00,272.02,1192,3807463.00,3778181.00,1,13.0.2,logs/PSC2-C1-100-5_m2_exact_s0_20260719-152234.gurobi.log
20260719-155236,PSC2-C1-100-5,exact,1,0,16,1800,FEASIBLE,3786517.00,3776359.39,0.00268257,1799.26,1801.81,-1.00,-1.00,-1.00,7793,-1.00,3786517.00,1,13.0.2,logs/PSC2-C1-100-5_m1_exact_s0_20260719-155236.gurobi.log
20260719-162238,PSC2-C1-100-5,exact,0,0,16,1800,FEASIBLE,3786968.05,3773833.75,0.00346829,1800.67,1802.02,-1.00,-1.00,-1.00,0,-1.00,3786796.00,1,13.0.2,logs/PSC2-C1-100-5_m0_exact_s0_20260719-162238.gurobi.log
20260719-165240,PSC2-C2-100-5,exact,2,0,16,1800,FEASIBLE,3220976.00,3205555.15,0.00478763,1528.34,1801.25,3204685.59,3265428.00,271.15,7609,3265428.00,3220976.00,1,13.0.2,logs/PSC2-C2-100-5_m2_exact_s0_20260719-165240.gurobi.log
20260719-172242,PSC2-C2-100-5,exact,1,0,16,1800,FEASIBLE,3219837.00,3205961.44,0.00430940,1799.42,1801.15,-1.00,-1.00,-1.00,6669,-1.00,3219837.00,1,13.0.2,logs/PSC2-C2-100-5_m1_exact_s0_20260719-172242.gurobi.log
20260719-175243,PSC2-C2-100-5,exact,0,0,16,1800,FEASIBLE,3220486.00,3206706.75,0.00427862,1799.72,1800.90,-1.00,-1.00,-1.00,0,-1.00,3220486.00,1,13.0.2,logs/PSC2-C2-100-5_m0_exact_s0_20260719-175243.gurobi.log
20260719-182244,PSC2-C3-100-5,exact,2,0,16,1800,FEASIBLE,25783190.00,25441445.16,0.01325456,1543.55,1815.43,25441445.16,26079869.00,270.73,9495,26079869.00,25783190.00,1,13.0.2,logs/PSC2-C3-100-5_m2_exact_s0_20260719-182244.gurobi.log
20260719-185300,PSC2-C3-100-5,exact,1,0,16,1800,FEASIBLE,25790716.00,25331521.78,0.01780463,1818.97,1817.95,-1.00,-1.00,-1.00,9751,-1.00,25790716.00,1,13.0.2,logs/PSC2-C3-100-5_m1_exact_s0_20260719-185300.gurobi.log
20260719-192320,PSC2-C3-100-5,exact,0,0,16,1800,FEASIBLE,26606983.00,25490310.13,0.04196917,1818.15,1819.60,-1.00,-1.00,-1.00,0,-1.00,26600654.00,1,13.0.2,logs/PSC2-C3-100-5_m0_exact_s0_20260719-192320.gurobi.log
20260719-195340,PSC2-C4-100-5,exact,2,0,16,1800,FEASIBLE,3690968.00,3574948.68,0.03143330,1539.28,1812.35,3574948.68,4474750.00,271.58,8721,4474750.00,3690968.00,1,13.0.2,logs/PSC2-C4-100-5_m2_exact_s0_20260719-195340.gurobi.log
20260719-202352,PSC2-C4-100-5,exact,1,0,16,1800,FEASIBLE,3732064.00,3531739.82,0.05367651,1822.00,1823.42,-1.00,-1.00,-1.00,8017,-1.00,3732064.00,1,13.0.2,logs/PSC2-C4-100-5_m1_exact_s0_20260719-202352.gurobi.log
20260719-205416,PSC2-C4-100-5,exact,0,0,16,1800,FEASIBLE,4198123.00,3580501.61,0.14711846,1816.02,1817.20,-1.00,-1.00,-1.00,0,-1.00,4190786.00,1,13.0.2,logs/PSC2-C4-100-5_m0_exact_s0_20260719-205416.gurobi.log
20260719-212433,PSC2-C5-100-5,exact,2,0,16,1800,FEASIBLE,25828871.00,25661758.77,0.00646998,1546.32,1820.10,25661758.77,26664057.00,272.30,12351,26664057.00,25828871.00,1,13.0.2,logs/PSC2-C5-100-5_m2_exact_s0_20260719-212433.gurobi.log
20260719-215453,PSC2-C5-100-5,exact,1,0,16,1800,FEASIBLE,25791822.00,25563856.00,0.00883869,1812.03,1813.43,-1.00,-1.00,-1.00,9419,-1.00,25791822.00,1,13.0.2,logs/PSC2-C5-100-5_m1_exact_s0_20260719-215453.gurobi.log
20260719-222507,PSC2-C5-100-5,exact,0,0,16,1800,FEASIBLE,26118136.00,25683049.33,0.01665841,1972.32,1973.53,-1.00,-1.00,-1.00,0,-1.00,26109027.00,1,13.0.2,logs/PSC2-C5-100-5_m0_exact_s0_20260719-222507.gurobi.log
20260719-225800,PSC3-C1-100-5,exact,2,0,16,1800,OPTIMAL,3786682.00,3786682.00,0.00000000,1089.05,1362.87,3781345.72,3887284.00,271.87,707,3887284.00,3786682.00,1,13.0.2,logs/PSC3-C1-100-5_m2_exact_s0_20260719-225800.gurobi.log
20260719-232043,PSC3-C1-100-5,exact,1,0,16,1800,OPTIMAL,3786682.00,3786682.00,0.00000000,1517.22,1518.93,-1.00,-1.00,-1.00,1233,-1.00,3786682.00,1,13.0.2,logs/PSC3-C1-100-5_m1_exact_s0_20260719-232043.gurobi.log
20260719-234603,PSC3-C1-100-5,exact,0,0,16,1800,FEASIBLE,3789165.09,3782397.92,0.00178593,1800.44,1801.87,-1.00,-1.00,-1.00,0,-1.00,3789070.00,1,13.0.2,logs/PSC3-C1-100-5_m0_exact_s0_20260719-234603.gurobi.log
20260720-001605,PSC3-C2-100-5,exact,2,0,16,1800,FEASIBLE,3214633.00,3205298.53,0.00290374,1528.33,1800.83,3204128.96,3395456.00,271.02,7203,3395456.00,3214633.00,1,13.0.2,logs/PSC3-C2-100-5_m2_exact_s0_20260720-001605.gurobi.log
20260720-004606,PSC3-C2-100-5,exact,1,0,16,1800,FEASIBLE,3214141.00,3205966.35,0.00254334,1799.41,1800.86,-1.00,-1.00,-1.00,6187,-1.00,3214141.00,1,13.0.2,logs/PSC3-C2-100-5_m1_exact_s0_20260720-004606.gurobi.log
20260720-011607,PSC3-C2-100-5,exact,0,0,16,1800,FEASIBLE,3212942.00,3205102.68,0.00243992,1799.88,1801.04,-1.00,-1.00,-1.00,0,-1.00,3212942.00,1,13.0.2,logs/PSC3-C2-100-5_m0_exact_s0_20260720-011607.gurobi.log
20260720-014608,PSC3-C3-100-5,exact,2,0,16,1800,FEASIBLE,25610414.00,25313202.31,0.01160511,1551.26,1823.25,25313202.31,25929875.00,270.78,10005,25929875.00,25610414.00,1,13.0.2,logs/PSC3-C3-100-5_m2_exact_s0_20260720-014608.gurobi.log
20260720-021631,PSC3-C3-100-5,exact,1,0,16,1800,FEASIBLE,25670513.00,25202812.96,0.01821935,1813.13,1814.18,-1.00,-1.00,-1.00,9397,-1.00,25670513.00,1,13.0.2,logs/PSC3-C3-100-5_m1_exact_s0_20260720-021631.gurobi.log
20260720-024645,PSC3-C3-100-5,exact,0,0,16,1800,FEASIBLE,26421163.00,25361726.78,0.04009802,1799.68,1800.96,-1.00,-1.00,-1.00,0,-1.00,26416443.00,1,13.0.2,logs/PSC3-C3-100-5_m0_exact_s0_20260720-024645.gurobi.log
20260720-031647,PSC3-C4-100-5,exact,2,0,16,1800,FEASIBLE,3699768.00,3585313.57,0.03093557,1537.68,1811.02,3585313.57,4469686.00,271.81,9515,4469686.00,3699768.00,1,13.0.2,logs/PSC3-C4-100-5_m2_exact_s0_20260720-031647.gurobi.log
20260720-034658,PSC3-C4-100-5,exact,1,0,16,1800,FEASIBLE,3686362.00,3541926.46,0.03918105,1799.45,1800.84,-1.00,-1.00,-1.00,7761,-1.00,3686362.00,1,13.0.2,logs/PSC3-C4-100-5_m1_exact_s0_20260720-034658.gurobi.log
20260720-041659,PSC3-C4-100-5,exact,0,0,16,1800,FEASIBLE,4195380.00,3590478.78,0.14418270,1799.71,1800.83,-1.00,-1.00,-1.00,0,-1.00,4187459.00,1,13.0.2,logs/PSC3-C4-100-5_m0_exact_s0_20260720-041659.gurobi.log
20260720-044700,PSC3-C5-100-5,exact,2,0,16,1800,FEASIBLE,25871663.00,25714515.65,0.00607411,1546.37,1819.96,25714515.65,26779209.00,272.22,13195,26779209.00,25871663.00,1,13.0.2,logs/PSC3-C5-100-5_m2_exact_s0_20260720-044700.gurobi.log
20260720-051720,PSC3-C5-100-5,exact,1,0,16,1800,FEASIBLE,25846021.00,25617352.86,0.00884732,1805.40,1806.90,-1.00,-1.00,-1.00,8865,-1.00,25846021.00,1,13.0.2,logs/PSC3-C5-100-5_m1_exact_s0_20260720-051720.gurobi.log
20260720-054727,PSC3-C5-100-5,exact,0,0,16,1800,FEASIBLE,26285453.00,25737113.01,0.02086097,1799.71,1800.86,-1.00,-1.00,-1.00,0,-1.00,26278358.00,1,13.0.2,logs/PSC3-C5-100-5_m0_exact_s0_20260720-054727.gurobi.log
20260720-061728,PSC4-C1-100-5,exact,2,0,16,1800,OPTIMAL,3779530.00,3779530.00,0.00000000,54.13,327.71,3774930.41,3815820.00,271.90,267,3815820.00,3779530.00,1,13.0.2,logs/PSC4-C1-100-5_m2_exact_s0_20260720-061728.gurobi.log
20260720-062256,PSC4-C1-100-5,exact,1,0,16,1800,OPTIMAL,3779530.00,3779530.00,0.00000000,195.45,196.96,-1.00,-1.00,-1.00,1145,-1.00,3779530.00,1,13.0.2,logs/PSC4-C1-100-5_m1_exact_s0_20260720-062256.gurobi.log
20260720-062613,PSC4-C1-100-5,exact,0,0,16,1800,FEASIBLE,3782359.06,3776180.54,0.00163351,1799.95,1801.32,-1.00,-1.00,-1.00,0,-1.00,3782232.00,1,13.0.2,logs/PSC4-C1-100-5_m0_exact_s0_20260720-062613.gurobi.log
20260720-065614,PSC4-C2-100-5,exact,2,0,16,1800,FEASIBLE,3231787.00,3214977.88,0.00520119,1529.43,1802.20,3214544.24,3320841.00,271.11,8775,3320841.00,3231787.00,1,13.0.2,logs/PSC4-C2-100-5_m2_exact_s0_20260720-065614.gurobi.log
20260720-072617,PSC4-C2-100-5,exact,1,0,16,1800,FEASIBLE,3232457.00,3215340.14,0.00529531,1799.42,1801.05,-1.00,-1.00,-1.00,7769,-1.00,3232457.00,1,13.0.2,logs/PSC4-C2-100-5_m1_exact_s0_20260720-072617.gurobi.log
20260720-075618,PSC4-C2-100-5,exact,0,0,16,1800,FEASIBLE,3230101.00,3215721.94,0.00445158,1799.91,1800.98,-1.00,-1.00,-1.00,0,-1.00,3230101.00,1,13.0.2,logs/PSC4-C2-100-5_m0_exact_s0_20260720-075618.gurobi.log
20260720-082619,PSC4-C3-100-5,exact,2,0,16,1800,FEASIBLE,25823604.00,25486484.37,0.01305471,1549.72,1821.72,25486484.37,26198847.00,270.83,9889,26198847.00,25823604.00,1,13.0.2,logs/PSC4-C3-100-5_m2_exact_s0_20260720-082619.gurobi.log
20260720-085641,PSC4-C3-100-5,exact,1,0,16,1800,FEASIBLE,25810742.00,25366631.69,0.01720641,1806.04,1807.11,-1.00,-1.00,-1.00,9493,-1.00,25810742.00,1,13.0.2,logs/PSC4-C3-100-5_m1_exact_s0_20260720-085641.gurobi.log
20260720-092648,PSC4-C3-100-5,exact,0,0,16,1800,FEASIBLE,26610047.00,25533338.10,0.04046250,1799.68,1801.00,-1.00,-1.00,-1.00,0,-1.00,26605308.00,1,13.0.2,logs/PSC4-C3-100-5_m0_exact_s0_20260720-092648.gurobi.log
20260720-095649,PSC4-C4-100-5,exact,2,0,16,1800,FEASIBLE,3649992.00,3567163.64,0.02269275,1535.34,1808.42,3567163.64,4628948.00,271.48,9419,4628948.00,3649992.00,1,13.0.2,logs/PSC4-C4-100-5_m2_exact_s0_20260720-095649.gurobi.log
20260720-102658,PSC4-C4-100-5,exact,1,0,16,1800,FEASIBLE,3661619.00,3526968.20,0.03677357,1805.40,1806.86,-1.00,-1.00,-1.00,7717,-1.00,3661619.00,1,13.0.2,logs/PSC4-C4-100-5_m1_exact_s0_20260720-102658.gurobi.log
20260720-105705,PSC4-C4-100-5,exact,0,0,16,1800,FEASIBLE,4175121.00,3572348.49,0.14437246,1799.60,1800.74,-1.00,-1.00,-1.00,0,-1.00,4169703.00,1,13.0.2,logs/PSC4-C4-100-5_m0_exact_s0_20260720-105705.gurobi.log
20260720-112706,PSC4-C5-100-5,exact,2,0,16,1800,FEASIBLE,25954398.00,25782257.46,0.00663242,1530.36,1803.80,25782257.46,26661099.00,272.05,12669,26661099.00,25954398.00,1,13.0.2,logs/PSC4-C5-100-5_m2_exact_s0_20260720-112706.gurobi.log
20260720-120447,PSC4-C5-100-5,exact,1,0,16,1800,FEASIBLE,25899798.00,25683157.45,0.00836457,1799.54,1801.02,-1.00,-1.00,-1.00,9129,-1.00,25899798.00,1,13.0.2,logs/PSC4-C5-100-5_m1_exact_s0_20260720-120447.gurobi.log
20260720-123448,PSC4-C5-100-5,exact,0,0,16,1800,FEASIBLE,26273598.00,25804410.77,0.01785775,1799.63,1800.72,-1.00,-1.00,-1.00,0,-1.00,26266819.00,1,13.0.2,logs/PSC4-C5-100-5_m0_exact_s0_20260720-123448.gurobi.log
20260720-130449,PSC5-C1-100-5,exact,2,0,16,1800,OPTIMAL,3797750.00,3797750.00,0.00000000,153.98,427.85,3792031.44,3820582.00,272.08,424,3820582.00,3797750.00,1,13.0.2,logs/PSC5-C1-100-5_m2_exact_s0_20260720-130449.gurobi.log
20260720-131157,PSC5-C1-100-5,exact,1,0,16,1800,OPTIMAL,3797750.00,3797750.00,0.00000000,229.67,231.26,-1.00,-1.00,-1.00,499,-1.00,3797750.00,1,13.0.2,logs/PSC5-C1-100-5_m1_exact_s0_20260720-131157.gurobi.log
20260720-131549,PSC5-C1-100-5,exact,0,0,16,1800,FEASIBLE,3802065.00,3792912.72,0.00240719,1799.74,1801.46,-1.00,-1.00,-1.00,0,-1.00,3802065.00,1,13.0.2,logs/PSC5-C1-100-5_m0_exact_s0_20260720-131549.gurobi.log
20260720-134550,PSC5-C2-100-5,exact,2,0,16,1800,FEASIBLE,3209220.00,3193486.52,0.00490259,1527.78,1801.27,3193486.52,3241867.00,271.33,8091,3241867.00,3209220.00,1,13.0.2,logs/PSC5-C2-100-5_m2_exact_s0_20260720-134550.gurobi.log
20260720-141552,PSC5-C2-100-5,exact,1,0,16,1800,FEASIBLE,3210293.00,3193701.34,0.00516827,1799.46,1801.24,-1.00,-1.00,-1.00,7538,-1.00,3210293.00,1,13.0.2,logs/PSC5-C2-100-5_m1_exact_s0_20260720-141552.gurobi.log
20260720-144553,PSC5-C2-100-5,exact,0,0,16,1800,FEASIBLE,3202998.00,3194932.22,0.00251820,1799.65,1800.83,-1.00,-1.00,-1.00,0,-1.00,3202998.00,1,13.0.2,logs/PSC5-C2-100-5_m0_exact_s0_20260720-144553.gurobi.log
20260720-151554,PSC5-C3-100-5,exact,2,0,16,1800,FEASIBLE,25741635.00,25396446.78,0.01340972,1560.96,1833.10,25396446.78,26116000.00,270.84,8961,26116000.00,25741635.00,1,13.0.2,logs/PSC5-C3-100-5_m2_exact_s0_20260720-151554.gurobi.log
20260720-154627,PSC5-C3-100-5,exact,1,0,16,1800,FEASIBLE,25763092.00,25300623.71,0.01795081,1799.66,1800.62,-1.00,-1.00,-1.00,9053,-1.00,25763092.00,1,13.0.2,logs/PSC5-C3-100-5_m1_exact_s0_20260720-154627.gurobi.log
20260720-161628,PSC5-C3-100-5,exact,0,0,16,1800,FEASIBLE,26465839.00,25457510.11,0.03809926,1813.87,1815.12,-1.00,-1.00,-1.00,0,-1.00,26458321.00,1,13.0.2,logs/PSC5-C3-100-5_m0_exact_s0_20260720-161628.gurobi.log
20260720-164643,PSC5-C4-100-5,exact,2,0,16,1800,FEASIBLE,3685486.00,3580330.16,0.02853242,1528.28,1801.49,3580330.16,4268968.00,271.64,9379,4268968.00,3685486.00,1,13.0.2,logs/PSC5-C4-100-5_m2_exact_s0_20260720-164643.gurobi.log
20260720-171645,PSC5-C4-100-5,exact,1,0,16,1800,FEASIBLE,3660136.00,3541511.18,0.03240995,1800.97,1802.32,-1.00,-1.00,-1.00,8055,-1.00,3660136.00,1,13.0.2,logs/PSC5-C4-100-5_m1_exact_s0_20260720-171645.gurobi.log
20260720-174648,PSC5-C4-100-5,exact,0,0,16,1800,FEASIBLE,3995555.00,3586337.22,0.10241826,1799.58,1800.70,-1.00,-1.00,-1.00,0,-1.00,3989503.00,1,13.0.2,logs/PSC5-C4-100-5_m0_exact_s0_20260720-174648.gurobi.log
20260720-181648,PSC5-C5-100-5,exact,2,0,16,1800,FEASIBLE,25879982.00,25724516.56,0.00600717,1533.26,1807.28,25724516.56,26545519.00,272.27,12487,26545519.00,25879982.00,1,13.0.2,logs/PSC5-C5-100-5_m2_exact_s0_20260720-181648.gurobi.log
20260720-184656,PSC5-C5-100-5,exact,1,0,16,1800,FEASIBLE,25892778.00,25624970.41,0.01034295,1804.69,1806.16,-1.00,-1.00,-1.00,9385,-1.00,25892778.00,1,13.0.2,logs/PSC5-C5-100-5_m1_exact_s0_20260720-184656.gurobi.log
20260720-191702,PSC5-C5-100-5,exact,0,0,16,1800,FEASIBLE,26200651.00,25745985.06,0.01735323,1799.68,1800.88,-1.00,-1.00,-1.00,0,-1.00,26193803.00,1,13.0.2,logs/PSC5-C5-100-5_m0_exact_s0_20260720-191702.gurobi.log
20260720-194703,PSC1-C1-100-10,exact,2,0,16,1800,FEASIBLE,6524226.00,6515072.83,0.00140295,1525.63,1802.74,6510557.97,6679383.00,272.68,7350,6679383.00,6524226.00,1,13.0.2,logs/PSC1-C1-100-10_m2_exact_s0_20260720-194703.gurobi.log
20260720-201706,PSC1-C1-100-10,exact,1,0,16,1800,FEASIBLE,6522958.00,6514889.00,0.00123702,1800.07,1801.23,-1.00,-1.00,-1.00,7924,-1.00,6522958.00,1,13.0.2,logs/PSC1-C1-100-10_m1_exact_s0_20260720-201706.gurobi.log
20260720-204710,PSC1-C1-100-10,exact,0,0,16,1800,FEASIBLE,6523856.00,6512012.26,0.00181545,1799.15,1801.91,-1.00,-1.00,-1.00,0,-1.00,6523856.00,1,13.0.2,logs/PSC1-C1-100-10_m0_exact_s0_20260720-204710.gurobi.log
20260720-211712,PSC1-C2-100-10,exact,2,0,16,1800,FEASIBLE,5959935.00,5919304.53,0.00681727,1539.95,1815.25,5919304.53,6268039.00,272.40,9316,6268039.00,5959935.00,1,13.0.2,logs/PSC1-C2-100-10_m2_exact_s0_20260720-211712.gurobi.log
20260720-215655,PSC1-C2-100-10,exact,1,0,16,1800,FEASIBLE,5967962.00,5918423.15,0.00830080,1842.39,1844.82,-1.00,-1.00,-1.00,10892,-1.00,5967962.00,1,13.0.2,logs/PSC1-C2-100-10_m1_exact_s0_20260720-215655.gurobi.log
20260720-222740,PSC1-C2-100-10,exact,0,0,16,1800,FEASIBLE,6509517.00,5920856.43,0.09043076,1799.05,1801.13,-1.00,-1.00,-1.00,0,-1.00,6507773.00,1,13.0.2,logs/PSC1-C2-100-10_m0_exact_s0_20260720-222740.gurobi.log
20260720-225741,PSC1-C3-100-10,exact,2,0,16,1800,FEASIBLE,51159637.00,50499186.83,0.01290959,1555.16,1828.68,50499186.83,51639943.00,271.27,9666,51639943.00,51159637.00,1,13.0.2,logs/PSC1-C3-100-10_m2_exact_s0_20260720-225741.gurobi.log
20260720-233011,PSC1-C3-100-10,exact,1,0,16,1800,FEASIBLE,51152920.00,50419315.27,0.01434140,1827.30,1829.23,-1.00,-1.00,-1.00,10376,-1.00,51152920.00,1,13.0.2,logs/PSC1-C3-100-10_m1_exact_s0_20260720-233011.gurobi.log
20260721-000041,PSC1-C3-100-10,exact,0,0,16,1800,FEASIBLE,53193275.00,50528328.19,0.05009932,1799.25,1803.93,-1.00,-1.00,-1.00,0,-1.00,53185364.00,1,13.0.2,logs/PSC1-C3-100-10_m0_exact_s0_20260721-000041.gurobi.log
20260721-003045,PSC1-C4-100-10,exact,2,0,16,1800,FEASIBLE,6870315.00,6604825.75,0.03864295,1540.30,1818.56,6604825.75,8543847.00,275.40,8140,8543847.00,6870315.00,1,13.0.2,logs/PSC1-C4-100-10_m2_exact_s0_20260721-003045.gurobi.log
20260721-010104,PSC1-C4-100-10,exact,1,0,16,1800,FEASIBLE,6826131.00,6543889.42,0.04134723,1800.95,1803.43,-1.00,-1.00,-1.00,8738,-1.00,6826131.00,1,13.0.2,logs/PSC1-C4-100-10_m1_exact_s0_20260721-010104.gurobi.log
20260721-013107,PSC1-C4-100-10,exact,0,0,16,1800,FEASIBLE,9030109.00,6609950.44,0.26800989,1799.20,1802.74,-1.00,-1.00,-1.00,0,-1.00,9017098.00,1,13.0.2,logs/PSC1-C4-100-10_m0_exact_s0_20260721-013107.gurobi.log
20260721-020110,PSC1-C5-100-10,exact,2,0,16,1800,FEASIBLE,51183754.00,50836501.62,0.00678443,1525.72,1804.93,50836501.62,52460062.00,276.42,13730,52460062.00,51183754.00,1,13.0.2,logs/PSC1-C5-100-10_m2_exact_s0_20260721-020110.gurobi.log
20260721-023116,PSC1-C5-100-10,exact,1,0,16,1800,FEASIBLE,51143592.00,50743315.01,0.00782653,1817.33,1819.72,-1.00,-1.00,-1.00,10556,-1.00,51143592.00,1,13.0.2,logs/PSC1-C5-100-10_m1_exact_s0_20260721-023116.gurobi.log
20260721-030135,PSC1-C5-100-10,exact,0,0,16,1800,FEASIBLE,53103987.00,50861756.98,0.04222338,1799.19,1803.40,-1.00,-1.00,-1.00,0,-1.00,53091751.00,1,13.0.2,logs/PSC1-C5-100-10_m0_exact_s0_20260721-030135.gurobi.log
20260721-033139,PSC2-C1-100-10,exact,2,0,16,1800,FEASIBLE,6519354.00,6508114.83,0.00172397,1525.13,1803.42,6502610.29,6616161.00,273.22,5496,6616161.00,6519354.00,1,13.0.2,logs/PSC2-C1-100-10_m2_exact_s0_20260721-033139.gurobi.log
20260721-040143,PSC2-C1-100-10,exact,1,0,16,1800,FEASIBLE,6514883.00,6508912.47,0.00091644,1798.47,1803.40,-1.00,-1.00,-1.00,3446,-1.00,6514883.00,1,13.0.2,logs/PSC2-C1-100-10_m1_exact_s0_20260721-040143.gurobi.log
20260721-043146,PSC2-C1-100-10,exact,0,0,16,1800,FEASIBLE,6524593.00,6504042.09,0.00314976,1799.25,1801.92,-1.00,-1.00,-1.00,0,-1.00,6524593.00,1,13.0.2,logs/PSC2-C1-100-10_m0_exact_s0_20260721-043146.gurobi.log
20260721-050149,PSC2-C2-100-10,exact,2,0,16,1800,FEASIBLE,5969979.00,5921929.16,0.00804858,1549.06,1824.15,5921929.16,6202998.00,272.38,9906,6202998.00,5969979.00,1,13.0.2,logs/PSC2-C2-100-10_m2_exact_s0_20260721-050149.gurobi.log
20260721-053213,PSC2-C2-100-10,exact,1,0,16,1800,FEASIBLE,5967595.00,5921156.69,0.00778175,1805.70,1808.03,-1.00,-1.00,-1.00,10768,-1.00,5967595.00,1,13.0.2,logs/PSC2-C2-100-10_m1_exact_s0_20260721-053213.gurobi.log
20260721-060221,PSC2-C2-100-10,exact,0,0,16,1800,FEASIBLE,6467282.00,5923246.02,0.08412127,1799.20,1801.31,-1.00,-1.00,-1.00,0,-1.00,6465536.00,1,13.0.2,logs/PSC2-C2-100-10_m0_exact_s0_20260721-060221.gurobi.log
20260721-063223,PSC2-C3-100-10,exact,2,0,16,1800,FEASIBLE,51408978.00,50474744.98,0.01817257,1547.91,1821.22,50474744.98,51653633.00,271.23,9740,51653633.00,51408978.00,1,13.0.2,logs/PSC2-C3-100-10_m2_exact_s0_20260721-063223.gurobi.log
20260721-070244,PSC2-C3-100-10,exact,1,0,16,1800,FEASIBLE,51145303.00,50396597.33,0.01463880,1813.87,1815.76,-1.00,-1.00,-1.00,10970,-1.00,51145303.00,1,13.0.2,logs/PSC2-C3-100-10_m1_exact_s0_20260721-070244.gurobi.log
20260721-073300,PSC2-C3-100-10,exact,0,0,16,1800,FEASIBLE,52738423.00,50522503.26,0.04201718,1799.15,1802.94,-1.00,-1.00,-1.00,0,-1.00,52728746.00,1,13.0.2,logs/PSC2-C3-100-10_m0_exact_s0_20260721-073300.gurobi.log
20260721-080303,PSC2-C4-100-10,exact,2,0,16,1800,FEASIBLE,6876002.00,6596825.09,0.04060163,1540.38,1817.95,6596825.09,8302557.00,274.74,8406,8302557.00,6876002.00,1,13.0.2,logs/PSC2-C4-100-10_m2_exact_s0_20260721-080303.gurobi.log
20260721-083322,PSC2-C4-100-10,exact,1,0,16,1800,FEASIBLE,6866170.00,6541481.46,0.04728816,1835.22,1837.71,-1.00,-1.00,-1.00,8730,-1.00,6866170.00,1,13.0.2,logs/PSC2-C4-100-10_m1_exact_s0_20260721-083322.gurobi.log
20260721-090400,PSC2-C4-100-10,exact,0,0,16,1800,FEASIBLE,8990584.43,6608174.73,0.26498941,1799.20,1802.55,-1.00,-1.00,-1.00,0,-1.00,8975102.00,1,13.0.2,logs/PSC2-C4-100-10_m0_exact_s0_20260721-090400.gurobi.log
20260721-093402,PSC2-C5-100-10,exact,2,0,16,1800,FEASIBLE,51151455.00,50818681.47,0.00650565,1527.78,1806.97,50818681.47,52702774.00,276.62,13214,52702774.00,51151455.00,1,13.0.2,logs/PSC2-C5-100-10_m2_exact_s0_20260721-093402.gurobi.log
20260721-100409,PSC2-C5-100-10,exact,1,0,16,1800,FEASIBLE,51132301.00,50723637.34,0.00799228,1803.78,1806.25,-1.00,-1.00,-1.00,9950,-1.00,51132301.00,1,13.0.2,logs/PSC2-C5-100-10_m1_exact_s0_20260721-100409.gurobi.log
20260721-103416,PSC2-C5-100-10,exact,0,0,16,1800,FEASIBLE,52889514.00,50844369.04,0.03866825,1799.23,1803.57,-1.00,-1.00,-1.00,0,-1.00,52875963.00,1,13.0.2,logs/PSC2-C5-100-10_m0_exact_s0_20260721-103416.gurobi.log
20260721-110420,PSC3-C1-100-10,exact,2,0,16,1800,FEASIBLE,6523082.00,6513785.54,0.00142516,1525.13,1802.54,6509350.21,6562065.00,273.17,8702,6562065.00,6523082.00,1,13.0.2,logs/PSC3-C1-100-10_m2_exact_s0_20260721-110420.gurobi.log
20260721-113423,PSC3-C1-100-10,exact,1,0,16,1800,OPTIMAL,6517199.00,6517199.00,0.00000000,1392.81,1395.96,-1.00,-1.00,-1.00,2020,-1.00,6517199.00,1,13.0.2,logs/PSC3-C1-100-10_m1_exact_s0_20260721-113423.gurobi.log
20260721-115739,PSC3-C1-100-10,exact,0,0,16,1800,FEASIBLE,6540007.00,6510236.86,0.00455200,1799.27,1801.93,-1.00,-1.00,-1.00,0,-1.00,6540007.00,1,13.0.2,logs/PSC3-C1-100-10_m0_exact_s0_20260721-115739.gurobi.log
20260721-122741,PSC3-C2-100-10,exact,2,0,16,1800,FEASIBLE,5962235.00,5922036.44,0.00674220,1526.31,1801.19,5922036.44,6443971.00,272.18,9882,6443971.00,5962235.00,1,13.0.2,logs/PSC3-C2-100-10_m2_exact_s0_20260721-122741.gurobi.log
20260721-125742,PSC3-C2-100-10,exact,1,0,16,1800,FEASIBLE,5964158.00,5920834.19,0.00726403,1844.67,1847.14,-1.00,-1.00,-1.00,11880,-1.00,5964158.00,1,13.0.2,logs/PSC3-C2-100-10_m1_exact_s0_20260721-125742.gurobi.log
20260721-132830,PSC3-C2-100-10,exact,0,0,16,1800,FEASIBLE,6432842.00,5923325.45,0.07920551,1799.21,1801.14,-1.00,-1.00,-1.00,0,-1.00,6431202.00,1,13.0.2,logs/PSC3-C2-100-10_m0_exact_s0_20260721-132830.gurobi.log
20260721-135831,PSC3-C3-100-10,exact,2,0,16,1800,FEASIBLE,51223648.00,50434789.00,0.01540029,1562.08,1835.55,50434789.00,51679908.00,271.32,10128,51679908.00,51223648.00,1,13.0.2,logs/PSC3-C3-100-10_m2_exact_s0_20260721-135831.gurobi.log
20260721-142907,PSC3-C3-100-10,exact,1,0,16,1800,FEASIBLE,51164768.00,50355338.36,0.01582006,1813.78,1815.67,-1.00,-1.00,-1.00,10758,-1.00,51164768.00,1,13.0.2,logs/PSC3-C3-100-10_m1_exact_s0_20260721-142907.gurobi.log
20260721-145923,PSC3-C3-100-10,exact,0,0,16,1800,FEASIBLE,52679912.00,50483155.01,0.04170009,1799.20,1803.14,-1.00,-1.00,-1.00,0,-1.00,52669922.00,1,13.0.2,logs/PSC3-C3-100-10_m0_exact_s0_20260721-145923.gurobi.log
20260721-152926,PSC3-C4-100-10,exact,2,0,16,1800,FEASIBLE,6804300.00,6595065.11,0.03075039,1546.55,1824.58,6595065.11,8625723.00,275.22,8598,8625723.00,6804300.00,1,13.0.2,logs/PSC3-C4-100-10_m2_exact_s0_20260721-152926.gurobi.log
20260721-155951,PSC3-C4-100-10,exact,1,0,16,1800,FEASIBLE,6815940.00,6538884.35,0.04064819,1814.31,1816.75,-1.00,-1.00,-1.00,8658,-1.00,6815940.00,1,13.0.2,logs/PSC3-C4-100-10_m1_exact_s0_20260721-155951.gurobi.log
20260721-163008,PSC3-C4-100-10,exact,0,0,16,1800,FEASIBLE,9043129.00,6605191.96,0.26958999,1799.15,1802.69,-1.00,-1.00,-1.00,0,-1.00,9026874.00,1,13.0.2,logs/PSC3-C4-100-10_m0_exact_s0_20260721-163008.gurobi.log
20260721-170011,PSC3-C5-100-10,exact,2,0,16,1800,FEASIBLE,51137756.00,50769215.24,0.00720682,1524.53,1803.16,50769215.24,52685748.00,275.94,12568,52685748.00,51137756.00,1,13.0.2,logs/PSC3-C5-100-10_m2_exact_s0_20260721-170011.gurobi.log
20260721-173014,PSC3-C5-100-10,exact,1,0,16,1800,FEASIBLE,51098516.00,50675100.10,0.00828627,1806.99,1809.62,-1.00,-1.00,-1.00,10080,-1.00,51098516.00,1,13.0.2,logs/PSC3-C5-100-10_m1_exact_s0_20260721-173014.gurobi.log
20260721-180024,PSC3-C5-100-10,exact,0,0,16,1800,FEASIBLE,52875718.00,50794313.36,0.03936409,1799.03,1804.03,-1.00,-1.00,-1.00,0,-1.00,52864930.00,1,13.0.2,logs/PSC3-C5-100-10_m0_exact_s0_20260721-180024.gurobi.log
20260721-183028,PSC4-C1-100-10,exact,2,0,16,1800,FEASIBLE,6524080.00,6523079.54,0.00015335,1524.82,1802.99,6516643.58,6579045.00,273.30,3073,6579045.00,6524080.00,1,13.0.2,logs/PSC4-C1-100-10_m2_exact_s0_20260721-183028.gurobi.log
20260721-190032,PSC4-C1-100-10,exact,1,0,16,1800,FEASIBLE,6524060.00,6523940.98,0.00001824,1798.40,1802.42,-1.00,-1.00,-1.00,2551,-1.00,6524060.00,1,13.0.2,logs/PSC4-C1-100-10_m1_exact_s0_20260721-190032.gurobi.log
20260721-193034,PSC4-C1-100-10,exact,0,0,16,1800,FEASIBLE,6529436.21,6517527.74,0.00182381,1799.24,1799.92,-1.00,-1.00,-1.00,0,-1.00,6529385.00,1,13.0.2,logs/PSC4-C1-100-10_m0_exact_s0_20260721-193034.gurobi.log
20260721-200036,PSC4-C2-100-10,exact,2,0,16,1800,FEASIBLE,5982256.00,5931636.72,0.00846157,1526.38,1801.31,5931636.72,6416313.00,272.25,10252,6416313.00,5982256.00,1,13.0.2,logs/PSC4-C2-100-10_m2_exact_s0_20260721-200036.gurobi.log
20260721-203038,PSC4-C2-100-10,exact,1,0,16,1800,FEASIBLE,5966436.00,5931063.23,0.00592863,1803.39,1805.93,-1.00,-1.00,-1.00,10224,-1.00,5966436.00,1,13.0.2,logs/PSC4-C2-100-10_m1_exact_s0_20260721-203038.gurobi.log
20260721-210044,PSC4-C2-100-10,exact,0,0,16,1800,FEASIBLE,6560554.00,5932924.27,0.09566718,1799.13,1801.19,-1.00,-1.00,-1.00,0,-1.00,6559022.00,1,13.0.2,logs/PSC4-C2-100-10_m0_exact_s0_20260721-210044.gurobi.log
20260721-213046,PSC4-C3-100-10,exact,2,0,16,1800,FEASIBLE,51195191.00,50509489.36,0.01339387,1560.69,1834.19,50509489.36,51730635.00,271.27,10118,51730635.00,51195191.00,1,13.0.2,logs/PSC4-C3-100-10_m2_exact_s0_20260721-213046.gurobi.log
20260721-220120,PSC4-C3-100-10,exact,1,0,16,1800,FEASIBLE,51190704.00,50432965.15,0.01480227,1804.15,1806.01,-1.00,-1.00,-1.00,11170,-1.00,51190704.00,1,13.0.2,logs/PSC4-C3-100-10_m1_exact_s0_20260721-220120.gurobi.log
20260721-223126,PSC4-C3-100-10,exact,0,0,16,1800,FEASIBLE,52776408.00,50554837.89,0.04209400,1799.21,1803.43,-1.00,-1.00,-1.00,0,-1.00,52767441.00,1,13.0.2,logs/PSC4-C3-100-10_m0_exact_s0_20260721-223126.gurobi.log
20260721-230130,PSC4-C4-100-10,exact,2,0,16,1800,FEASIBLE,6826187.00,6608677.99,0.03186391,1543.02,1820.62,6608677.99,8502676.00,274.80,8640,8502676.00,6826187.00,1,13.0.2,logs/PSC4-C4-100-10_m2_exact_s0_20260721-230130.gurobi.log
20260721-233151,PSC4-C4-100-10,exact,1,0,16,1800,FEASIBLE,6855316.00,6546722.16,0.04501526,1815.81,1818.28,-1.00,-1.00,-1.00,8944,-1.00,6855316.00,1,13.0.2,logs/PSC4-C4-100-10_m1_exact_s0_20260721-233151.gurobi.log
20260722-000209,PSC4-C4-100-10,exact,0,0,16,1800,FEASIBLE,9131512.00,6614108.31,0.27568312,1799.17,1802.60,-1.00,-1.00,-1.00,0,-1.00,9118007.00,1,13.0.2,logs/PSC4-C4-100-10_m0_exact_s0_20260722-000209.gurobi.log
20260722-003212,PSC4-C5-100-10,exact,2,0,16,1800,FEASIBLE,51189649.00,50850049.38,0.00663415,1547.90,1826.74,50850049.38,52563724.00,276.24,13636,52563724.00,51189649.00,1,13.0.2,logs/PSC4-C5-100-10_m2_exact_s0_20260722-003212.gurobi.log
20260722-010239,PSC4-C5-100-10,exact,1,0,16,1800,FEASIBLE,51142813.00,50754969.81,0.00758353,1812.88,1815.30,-1.00,-1.00,-1.00,10796,-1.00,51142813.00,1,13.0.2,logs/PSC4-C5-100-10_m1_exact_s0_20260722-010239.gurobi.log
20260722-013255,PSC4-C5-100-10,exact,0,0,16,1800,FEASIBLE,52871319.00,50875872.88,0.03774156,1799.19,1803.41,-1.00,-1.00,-1.00,0,-1.00,52858523.00,1,13.0.2,logs/PSC4-C5-100-10_m0_exact_s0_20260722-013255.gurobi.log
20260722-020258,PSC5-C1-100-10,exact,2,0,16,1800,FEASIBLE,6527996.00,6526652.38,0.00020582,1525.12,1803.28,6520126.20,6546730.00,273.15,2744,6546730.00,6527996.00,1,13.0.2,logs/PSC5-C1-100-10_m2_exact_s0_20260722-020258.gurobi.log
20260722-023302,PSC5-C1-100-10,exact,1,0,16,1800,FEASIBLE,6528074.00,6526635.26,0.00022039,1799.74,1803.90,-1.00,-1.00,-1.00,3310,-1.00,6528074.00,1,13.0.2,logs/PSC5-C1-100-10_m1_exact_s0_20260722-023302.gurobi.log
20260722-030306,PSC5-C1-100-10,exact,0,0,16,1800,FEASIBLE,6529838.00,6521398.47,0.00129246,1799.25,1801.89,-1.00,-1.00,-1.00,0,-1.00,6529838.00,1,13.0.2,logs/PSC5-C1-100-10_m0_exact_s0_20260722-030306.gurobi.log
20260722-033308,PSC5-C2-100-10,exact,2,0,16,1800,FEASIBLE,5934726.00,5905996.11,0.00484098,1546.83,1821.51,5905996.11,6240673.00,272.03,8808,6240673.00,5934726.00,1,13.0.2,logs/PSC5-C2-100-10_m2_exact_s0_20260722-033308.gurobi.log
20260722-040330,PSC5-C2-100-10,exact,1,0,16,1800,FEASIBLE,5937458.00,5905489.86,0.00538415,1798.84,1801.27,-1.00,-1.00,-1.00,9974,-1.00,5937458.00,1,13.0.2,logs/PSC5-C2-100-10_m1_exact_s0_20260722-040330.gurobi.log
20260722-043331,PSC5-C2-100-10,exact,0,0,16,1800,FEASIBLE,6488749.00,5907774.82,0.08953562,1799.14,1801.11,-1.00,-1.00,-1.00,0,-1.00,6486991.00,1,13.0.2,logs/PSC5-C2-100-10_m0_exact_s0_20260722-043331.gurobi.log
20260722-050333,PSC5-C3-100-10,exact,2,0,16,1800,FEASIBLE,51192148.00,50446463.93,0.01456638,0.00,1819.87,50446463.93,51192148.00,271.26,9590,51192148.00,51192148.00,1,13.0.2,logs/PSC5-C3-100-10_m2_exact_s0_20260722-050333.gurobi.log
20260722-053353,PSC5-C3-100-10,exact,1,0,16,1800,FEASIBLE,51100947.00,50367902.13,0.01434503,1799.89,1801.77,-1.00,-1.00,-1.00,11104,-1.00,51100947.00,1,13.0.2,logs/PSC5-C3-100-10_m1_exact_s0_20260722-053353.gurobi.log
20260722-060355,PSC5-C3-100-10,exact,0,0,16,1800,FEASIBLE,52697643.00,50492266.22,0.04184963,1799.25,1802.88,-1.00,-1.00,-1.00,0,-1.00,52689003.00,1,13.0.2,logs/PSC5-C3-100-10_m0_exact_s0_20260722-060355.gurobi.log
20260722-063358,PSC5-C4-100-10,exact,2,0,16,1800,FEASIBLE,6812373.00,6604247.00,0.03055118,1535.22,1812.71,6604247.00,8095223.00,274.78,9092,8095223.00,6812373.00,1,13.0.2,logs/PSC5-C4-100-10_m2_exact_s0_20260722-063358.gurobi.log
20260722-070411,PSC5-C4-100-10,exact,1,0,16,1800,FEASIBLE,6831312.00,6543174.89,0.04217888,1820.79,1823.30,-1.00,-1.00,-1.00,8862,-1.00,6831312.00,1,13.0.2,logs/PSC5-C4-100-10_m1_exact_s0_20260722-070411.gurobi.log
20260722-073434,PSC5-C4-100-10,exact,0,0,16,1800,FEASIBLE,9043944.00,6609729.70,0.26915407,1799.22,1802.56,-1.00,-1.00,-1.00,0,-1.00,9028960.00,1,13.0.2,logs/PSC5-C4-100-10_m0_exact_s0_20260722-073434.gurobi.log
20260722-080437,PSC5-C5-100-10,exact,2,0,16,1800,FEASIBLE,51256556.00,50788801.25,0.00912575,1556.03,1834.68,50788801.25,52670686.00,276.01,13696,52670686.00,51256556.00,1,13.0.2,logs/PSC5-C5-100-10_m2_exact_s0_20260722-080437.gurobi.log
20260722-083512,PSC5-C5-100-10,exact,1,0,16,1800,FEASIBLE,51093650.00,50693666.41,0.00782844,1817.75,1820.34,-1.00,-1.00,-1.00,10794,-1.00,51093650.00,1,13.0.2,logs/PSC5-C5-100-10_m1_exact_s0_20260722-083512.gurobi.log
20260722-090533,PSC5-C5-100-10,exact,0,0,16,1800,FEASIBLE,52901776.00,50813217.99,0.03947992,1799.17,1803.06,-1.00,-1.00,-1.00,0,-1.00,52888937.00,1,13.0.2,logs/PSC5-C5-100-10_m0_exact_s0_20260722-090533.gurobi.log
20260723-014515,PSC1-C1-50-5,exact,2,0,16,1800,OPTIMAL,1923801.00,1923801.00,0.00000000,549.23,820.50,1915223.49,1949095.00,270.72,2384,1949095.00,1923801.00,1,13.0.2,logs/PSC1-C1-50-5_m2_exact_s0_20260723-014515.gurobi.log
20260723-015855,PSC1-C2-50-5,exact,2,0,16,1800,FEASIBLE,1647816.00,1625392.11,0.01360825,1531.10,1802.53,1625392.11,1717490.00,270.56,16465,1717490.00,1647816.00,1,13.0.2,logs/PSC1-C2-50-5_m2_exact_s0_20260723-015855.gurobi.log
20260723-022858,PSC1-C3-50-5,exact,2,0,16,1800,FEASIBLE,13109694.00,12985161.16,0.00949929,1534.58,1806.36,12985161.16,13412932.00,270.51,39696,13412932.00,13109694.00,1,13.0.2,logs/PSC1-C3-50-5_m2_exact_s0_20260723-022858.gurobi.log
20260723-025904,PSC1-C4-50-5,exact,2,0,16,1800,FEASIBLE,1908608.00,1841173.84,0.03533159,1531.89,1803.07,1841173.84,2351022.00,270.22,23729,2351022.00,1908608.00,1,13.0.2,logs/PSC1-C4-50-5_m2_exact_s0_20260723-025904.gurobi.log
20260723-032908,PSC1-C5-50-5,exact,2,0,16,1800,FEASIBLE,13171426.00,13091144.17,0.00609515,1531.72,1803.57,13091144.17,13282794.00,270.58,35249,13282794.00,13171426.00,1,13.0.2,logs/PSC1-C5-50-5_m2_exact_s0_20260723-032908.gurobi.log
20260723-035911,PSC2-C1-50-5,exact,2,0,16,1800,FEASIBLE,1930556.00,1928811.16,0.00090380,1529.19,1801.64,1921844.56,1955290.00,270.64,3335,1955290.00,1930556.00,1,13.0.2,logs/PSC2-C1-50-5_m2_exact_s0_20260723-035911.gurobi.log
20260723-042913,PSC2-C2-50-5,exact,2,0,16,1800,FEASIBLE,1642123.00,1629085.99,0.00793912,1531.53,1802.93,1629085.99,1648547.00,270.61,11273,1648547.00,1642123.00,1,13.0.2,logs/PSC2-C2-50-5_m2_exact_s0_20260723-042913.gurobi.log
20260723-045916,PSC2-C3-50-5,exact,2,0,16,1800,FEASIBLE,13103524.00,12991996.98,0.00851122,1533.58,1805.35,12991996.98,13291276.00,270.51,38270,13291276.00,13103524.00,1,13.0.2,logs/PSC2-C3-50-5_m2_exact_s0_20260723-045916.gurobi.log
20260723-052921,PSC2-C4-50-5,exact,2,0,16,1800,FEASIBLE,1913259.00,1842151.75,0.03716551,1531.80,1802.91,1842151.75,2088558.00,270.26,23278,2088558.00,1913259.00,1,13.0.2,logs/PSC2-C4-50-5_m2_exact_s0_20260723-052921.gurobi.log
20260723-055924,PSC2-C5-50-5,exact,2,0,16,1800,FEASIBLE,13115482.00,13033524.08,0.00624894,1530.54,1801.95,13033524.08,13206964.00,270.27,35446,13206964.00,13115482.00,1,13.0.2,logs/PSC2-C5-50-5_m2_exact_s0_20260723-055924.gurobi.log
20260723-062926,PSC3-C1-50-5,exact,2,0,16,1800,FEASIBLE,1931874.00,1928356.06,0.00182100,1528.94,1802.08,1922880.98,1953349.00,270.92,3794,1953349.00,1931874.00,1,13.0.2,logs/PSC3-C1-50-5_m2_exact_s0_20260723-062926.gurobi.log
20260723-065929,PSC3-C2-50-5,exact,2,0,16,1800,FEASIBLE,1644411.00,1627750.82,0.01013140,1531.73,1802.93,1627750.82,1728830.00,270.35,14021,1728830.00,1644411.00,1,13.0.2,logs/PSC3-C2-50-5_m2_exact_s0_20260723-065929.gurobi.log
20260723-072932,PSC3-C3-50-5,exact,2,0,16,1800,FEASIBLE,13033591.00,12916172.92,0.00900888,1531.74,1803.69,12916172.92,13216032.00,270.60,40122,13216032.00,13033591.00,1,13.0.2,logs/PSC3-C3-50-5_m2_exact_s0_20260723-072932.gurobi.log
20260723-075935,PSC3-C4-50-5,exact,2,0,16,1800,FEASIBLE,1901787.00,1840905.39,0.03201284,1532.52,1803.83,1840905.39,2112211.00,270.29,23391,2112211.00,1901787.00,1,13.0.2,logs/PSC3-C4-50-5_m2_exact_s0_20260723-075935.gurobi.log
20260723-082939,PSC3-C5-50-5,exact,2,0,16,1800,FEASIBLE,13166404.00,13081516.51,0.00644728,1530.49,1801.91,13081516.51,13173552.00,270.26,36747,13173552.00,13166404.00,1,13.0.2,logs/PSC3-C5-50-5_m2_exact_s0_20260723-082939.gurobi.log
20260723-085941,PSC4-C1-50-5,exact,2,0,16,1800,OPTIMAL,1909659.00,1909659.00,0.00000000,359.80,632.31,1906446.61,1936975.00,271.03,1581,1936975.00,1909659.00,1,13.0.2,logs/PSC4-C1-50-5_m2_exact_s0_20260723-085941.gurobi.log
20260723-091014,PSC4-C2-50-5,exact,2,0,16,1800,FEASIBLE,1654191.00,1632702.94,0.01299007,1531.74,1803.15,1632702.94,1677154.00,270.45,18043,1677154.00,1654191.00,1,13.0.2,logs/PSC4-C2-50-5_m2_exact_s0_20260723-091014.gurobi.log
20260723-094017,PSC4-C3-50-5,exact,2,0,16,1800,FEASIBLE,13115164.00,12987984.93,0.00969710,1533.19,1804.90,12987984.93,13234003.00,270.55,39607,13234003.00,13115164.00,1,13.0.2,logs/PSC4-C3-50-5_m2_exact_s0_20260723-094017.gurobi.log
20260723-101022,PSC4-C4-50-5,exact,2,0,16,1800,FEASIBLE,1898670.00,1834132.30,0.03399101,1530.12,1801.42,1834132.30,2326262.00,270.28,23540,2326262.00,1898670.00,1,13.0.2,logs/PSC4-C4-50-5_m2_exact_s0_20260723-101022.gurobi.log
20260723-104024,PSC4-C5-50-5,exact,2,0,16,1800,FEASIBLE,13165422.00,13092948.95,0.00550480,1533.40,1805.06,13092948.95,13200751.00,270.32,34828,13200751.00,13165422.00,1,13.0.2,logs/PSC4-C5-50-5_m2_exact_s0_20260723-104024.gurobi.log
20260723-111029,PSC5-C1-50-5,exact,2,0,16,1800,FEASIBLE,1895987.00,1894430.42,0.00082099,1529.10,1802.60,1890282.78,1915385.00,270.76,2970,1915385.00,1895987.00,1,13.0.2,logs/PSC5-C1-50-5_m2_exact_s0_20260723-111029.gurobi.log
20260723-114031,PSC5-C2-50-5,exact,2,0,16,1800,FEASIBLE,1642309.00,1627376.08,0.00909264,1529.65,1800.89,1627376.08,1655741.00,270.65,11640,1655741.00,1642309.00,1,13.0.2,logs/PSC5-C2-50-5_m2_exact_s0_20260723-114031.gurobi.log
20260723-121032,PSC5-C3-50-5,exact,2,0,16,1800,FEASIBLE,13082121.00,12946414.84,0.01037341,1530.12,1801.84,12946414.84,13422691.00,270.45,39426,13422691.00,13082121.00,1,13.0.2,logs/PSC5-C3-50-5_m2_exact_s0_20260723-121032.gurobi.log
20260723-124034,PSC5-C4-50-5,exact,2,0,16,1800,FEASIBLE,1920885.00,1841085.01,0.04154334,1532.84,1804.05,1841085.01,2169668.00,270.20,23955,2169668.00,1920885.00,1,13.0.2,logs/PSC5-C4-50-5_m2_exact_s0_20260723-124034.gurobi.log
20260723-131038,PSC5-C5-50-5,exact,2,0,16,1800,FEASIBLE,13119197.00,13049451.63,0.00531628,1530.87,1802.51,13049451.63,13298808.00,270.41,36790,13298808.00,13119197.00,1,13.0.2,logs/PSC5-C5-50-5_m2_exact_s0_20260723-131038.gurobi.log
20260723-134041,PSC1-C1-50-5,exact,1,0,16,900,OPTIMAL,1923801.00,1923801.00,0.00000000,206.33,206.74,-1.00,-1.00,-1.00,1183,-1.00,1923801.00,1,13.0.2,logs/PSC1-C1-50-5_m1_exact_s0_20260723-134041.gurobi.log
20260723-134408,PSC1-C1-50-5,exact-pap,1,0,16,900,OPTIMAL,1923801.00,1923801.00,0.00000000,197.43,197.86,-1.00,-1.00,-1.00,2913,-1.00,1923801.00,1,13.0.2,logs/PSC1-C1-50-5_m1_exact-pap_s0_20260723-134408.gurobi.log
20260723-134726,PSC1-C2-50-5,exact,1,0,16,900,FEASIBLE,1652895.00,1618427.35,0.02085290,902.04,902.70,-1.00,-1.00,-1.00,13405,-1.00,1652895.00,1,13.0.2,logs/PSC1-C2-50-5_m1_exact_s0_20260723-134726.gurobi.log
20260723-140229,PSC1-C2-50-5,exact-pap,1,0,16,900,FEASIBLE,1648792.00,1624850.18,0.01452082,902.76,903.36,-1.00,-1.00,-1.00,12647,-1.00,1648792.00,1,13.0.2,logs/PSC1-C2-50-5_m1_exact-pap_s0_20260723-140229.gurobi.log
20260723-141732,PSC1-C3-50-5,exact,1,0,16,900,FEASIBLE,13162966.00,12818337.27,0.02618169,904.59,904.98,-1.00,-1.00,-1.00,20564,-1.00,13162966.00,1,13.0.2,logs/PSC1-C3-50-5_m1_exact_s0_20260723-141732.gurobi.log
20260723-143237,PSC1-C3-50-5,exact-pap,1,0,16,900,FEASIBLE,13173308.00,12823150.14,0.02658086,909.96,910.30,-1.00,-1.00,-1.00,17721,-1.00,13173308.00,1,13.0.2,logs/PSC1-C3-50-5_m1_exact-pap_s0_20260723-143237.gurobi.log
20260723-144747,PSC1-C4-50-5,exact,1,0,16,900,FEASIBLE,1910810.00,1786167.21,0.06523034,899.97,900.28,-1.00,-1.00,-1.00,10764,-1.00,1910810.00,1,13.0.2,logs/PSC1-C4-50-5_m1_exact_s0_20260723-144747.gurobi.log
20260723-150248,PSC1-C4-50-5,exact-pap,1,0,16,900,FEASIBLE,1906389.00,1803161.63,0.05414812,901.04,901.51,-1.00,-1.00,-1.00,10545,-1.00,1906389.00,1,13.0.2,logs/PSC1-C4-50-5_m1_exact-pap_s0_20260723-150248.gurobi.log
20260723-151749,PSC1-C5-50-5,exact,1,0,16,900,FEASIBLE,13166927.00,12974252.31,0.01463323,901.36,901.95,-1.00,-1.00,-1.00,14922,-1.00,13166927.00,1,13.0.2,logs/PSC1-C5-50-5_m1_exact_s0_20260723-151749.gurobi.log
20260723-154126,PSC1-C5-50-5,exact-pap,1,0,16,900,FEASIBLE,13165291.00,12982521.79,0.01388266,900.16,900.44,-1.00,-1.00,-1.00,11697,-1.00,13165291.00,1,13.0.2,logs/PSC1-C5-50-5_m1_exact-pap_s0_20260723-154126.gurobi.log
20260723-160539,PSC2-C1-50-5,exact,1,0,16,900,FEASIBLE,1931886.00,1928080.39,0.00196990,899.80,900.35,-1.00,-1.00,-1.00,2468,-1.00,1931886.00,1,13.0.2,logs/PSC2-C1-50-5_m1_exact_s0_20260723-160539.gurobi.log
20260723-162039,PSC2-C1-50-5,exact-pap,1,0,16,900,FEASIBLE,1930040.00,1928481.79,0.00080735,899.88,900.41,-1.00,-1.00,-1.00,3187,-1.00,1930040.00,1,13.0.2,logs/PSC2-C1-50-5_m1_exact-pap_s0_20260723-162039.gurobi.log
20260723-163540,PSC2-C2-50-5,exact,1,0,16,900,FEASIBLE,1648809.00,1628673.07,0.01221241,900.86,901.85,-1.00,-1.00,-1.00,12790,-1.00,1648809.00,1,13.0.2,logs/PSC2-C2-50-5_m1_exact_s0_20260723-163540.gurobi.log
20260723-165042,PSC2-C2-50-5,exact-pap,1,0,16,900,FEASIBLE,1644329.00,1632813.19,0.00700335,899.95,900.55,-1.00,-1.00,-1.00,9309,-1.00,1644329.00,1,13.0.2,logs/PSC2-C2-50-5_m1_exact-pap_s0_20260723-165042.gurobi.log
20260723-170542,PSC2-C3-50-5,exact,1,0,16,900,FEASIBLE,13179937.00,12826024.13,0.02685239,903.30,903.66,-1.00,-1.00,-1.00,19553,-1.00,13179937.00,1,13.0.2,logs/PSC2-C3-50-5_m1_exact_s0_20260723-170542.gurobi.log
20260723-172046,PSC2-C3-50-5,exact-pap,1,0,16,900,FEASIBLE,13145168.00,12831385.18,0.02387058,902.09,902.36,-1.00,-1.00,-1.00,16953,-1.00,13145168.00,1,13.0.2,logs/PSC2-C3-50-5_m1_exact-pap_s0_20260723-172046.gurobi.log
20260723-173548,PSC2-C4-50-5,exact,1,0,16,900,FEASIBLE,1926958.00,1788696.99,0.07175092,902.31,902.92,-1.00,-1.00,-1.00,11515,-1.00,1926958.00,1,13.0.2,logs/PSC2-C4-50-5_m1_exact_s0_20260723-173548.gurobi.log
20260723-175051,PSC2-C4-50-5,exact-pap,1,0,16,900,FEASIBLE,1913152.00,1804180.58,0.05695910,901.69,902.14,-1.00,-1.00,-1.00,11059,-1.00,1913152.00,1,13.0.2,logs/PSC2-C4-50-5_m1_exact-pap_s0_20260723-175051.gurobi.log
20260723-180554,PSC2-C5-50-5,exact,1,0,16,900,FEASIBLE,13098582.00,12916844.54,0.01387459,901.60,902.17,-1.00,-1.00,-1.00,14618,-1.00,13098582.00,1,13.0.2,logs/PSC2-C5-50-5_m1_exact_s0_20260723-180554.gurobi.log
20260723-182056,PSC2-C5-50-5,exact-pap,1,0,16,900,FEASIBLE,13097030.00,12922558.13,0.01332148,901.07,901.34,-1.00,-1.00,-1.00,11707,-1.00,13097030.00,1,13.0.2,logs/PSC2-C5-50-5_m1_exact-pap_s0_20260723-182056.gurobi.log
20260723-183557,PSC3-C1-50-5,exact,1,0,16,900,FEASIBLE,1931526.00,1928822.18,0.00139983,900.06,900.73,-1.00,-1.00,-1.00,3277,-1.00,1931526.00,1,13.0.2,logs/PSC3-C1-50-5_m1_exact_s0_20260723-183557.gurobi.log
20260723-185058,PSC3-C1-50-5,exact-pap,1,0,16,900,FEASIBLE,1932223.00,1928967.24,0.00168498,899.88,900.40,-1.00,-1.00,-1.00,4513,-1.00,1932223.00,1,13.0.2,logs/PSC3-C1-50-5_m1_exact-pap_s0_20260723-185058.gurobi.log
20260723-190558,PSC3-C2-50-5,exact,1,0,16,900,FEASIBLE,1648330.00,1622119.14,0.01590146,900.61,901.05,-1.00,-1.00,-1.00,10422,-1.00,1648330.00,1,13.0.2,logs/PSC3-C2-50-5_m1_exact_s0_20260723-190558.gurobi.log
20260723-192100,PSC3-C2-50-5,exact-pap,1,0,16,900,FEASIBLE,1645945.00,1627736.46,0.01106266,900.61,901.28,-1.00,-1.00,-1.00,10597,-1.00,1645945.00,1,13.0.2,logs/PSC3-C2-50-5_m1_exact-pap_s0_20260723-192100.gurobi.log
20260723-193601,PSC3-C3-50-5,exact,1,0,16,900,FEASIBLE,13182049.00,12748769.38,0.03286891,900.48,900.81,-1.00,-1.00,-1.00,18705,-1.00,13182049.00,1,13.0.2,logs/PSC3-C3-50-5_m1_exact_s0_20260723-193601.gurobi.log
20260723-195102,PSC3-C3-50-5,exact-pap,1,0,16,900,FEASIBLE,13059738.00,12752756.54,0.02350594,904.54,904.83,-1.00,-1.00,-1.00,17459,-1.00,13059738.00,1,13.0.2,logs/PSC3-C3-50-5_m1_exact-pap_s0_20260723-195102.gurobi.log
20260723-200607,PSC3-C4-50-5,exact,1,0,16,900,FEASIBLE,1906795.00,1782324.35,0.06527741,901.96,902.29,-1.00,-1.00,-1.00,12359,-1.00,1906795.00,1,13.0.2,logs/PSC3-C4-50-5_m1_exact_s0_20260723-200607.gurobi.log
20260723-202109,PSC3-C4-50-5,exact-pap,1,0,16,900,FEASIBLE,1924033.00,1801588.96,0.06363926,905.10,905.52,-1.00,-1.00,-1.00,11423,-1.00,1924033.00,1,13.0.2,logs/PSC3-C4-50-5_m1_exact-pap_s0_20260723-202109.gurobi.log
20260723-203615,PSC3-C5-50-5,exact,1,0,16,900,FEASIBLE,13160674.00,12964367.73,0.01491613,900.88,901.25,-1.00,-1.00,-1.00,15396,-1.00,13160674.00,1,13.0.2,logs/PSC3-C5-50-5_m1_exact_s0_20260723-203615.gurobi.log
20260723-205116,PSC3-C5-50-5,exact-pap,1,0,16,900,FEASIBLE,13166758.00,12971544.46,0.01482624,901.40,899.22,-1.00,-1.00,-1.00,11412,-1.00,13166758.00,1,13.0.2,logs/PSC3-C5-50-5_m1_exact-pap_s0_20260723-205116.gurobi.log
20260723-210618,PSC4-C1-50-5,exact,1,0,16,900,OPTIMAL,1909659.00,1909659.00,0.00000000,221.32,221.68,-1.00,-1.00,-1.00,793,-1.00,1909659.00,1,13.0.2,logs/PSC4-C1-50-5_m1_exact_s0_20260723-210618.gurobi.log
20260723-211000,PSC4-C1-50-5,exact-pap,1,0,16,900,OPTIMAL,1909659.00,1909659.00,0.00000000,69.79,70.28,-1.00,-1.00,-1.00,612,-1.00,1909659.00,1,13.0.2,logs/PSC4-C1-50-5_m1_exact-pap_s0_20260723-211000.gurobi.log
20260723-211111,PSC4-C2-50-5,exact,1,0,16,900,FEASIBLE,1649537.00,1625942.35,0.01430380,902.26,902.59,-1.00,-1.00,-1.00,9080,-1.00,1649537.00,1,13.0.2,logs/PSC4-C2-50-5_m1_exact_s0_20260723-211111.gurobi.log
20260723-212613,PSC4-C2-50-5,exact-pap,1,0,16,900,FEASIBLE,1653207.00,1631388.00,0.01319798,899.98,900.60,-1.00,-1.00,-1.00,10121,-1.00,1653207.00,1,13.0.2,logs/PSC4-C2-50-5_m1_exact-pap_s0_20260723-212613.gurobi.log
20260723-214114,PSC4-C3-50-5,exact,1,0,16,900,FEASIBLE,13150504.00,12821425.63,0.02502401,903.73,904.10,-1.00,-1.00,-1.00,18964,-1.00,13150504.00,1,13.0.2,logs/PSC4-C3-50-5_m1_exact_s0_20260723-214114.gurobi.log
20260723-215618,PSC4-C3-50-5,exact-pap,1,0,16,900,FEASIBLE,13156970.00,12825897.89,0.02516325,901.25,901.50,-1.00,-1.00,-1.00,15923,-1.00,13156970.00,1,13.0.2,logs/PSC4-C3-50-5_m1_exact-pap_s0_20260723-215618.gurobi.log
20260723-221120,PSC4-C4-50-5,exact,1,0,16,900,FEASIBLE,1913754.00,1776106.31,0.07192549,901.07,901.43,-1.00,-1.00,-1.00,11625,-1.00,1913754.00,1,13.0.2,logs/PSC4-C4-50-5_m1_exact_s0_20260723-221120.gurobi.log
20260723-222621,PSC4-C4-50-5,exact-pap,1,0,16,900,FEASIBLE,1919247.00,1794342.71,0.06507984,905.16,905.60,-1.00,-1.00,-1.00,11603,-1.00,1919247.00,1,13.0.2,logs/PSC4-C4-50-5_m1_exact-pap_s0_20260723-222621.gurobi.log
20260723-224127,PSC4-C5-50-5,exact,1,0,16,900,FEASIBLE,13167923.00,12978673.59,0.01437200,901.84,902.37,-1.00,-1.00,-1.00,15086,-1.00,13167923.00,1,13.0.2,logs/PSC4-C5-50-5_m1_exact_s0_20260723-224127.gurobi.log
20260723-225629,PSC4-C5-50-5,exact-pap,1,0,16,900,FEASIBLE,13172777.00,12980507.65,0.01459596,901.99,902.35,-1.00,-1.00,-1.00,13921,-1.00,13172777.00,1,13.0.2,logs/PSC4-C5-50-5_m1_exact-pap_s0_20260723-225629.gurobi.log
20260723-231132,PSC5-C1-50-5,exact,1,0,16,900,OPTIMAL,1895151.00,1895151.00,0.00000000,879.58,879.98,-1.00,-1.00,-1.00,2176,-1.00,1895151.00,1,13.0.2,logs/PSC5-C1-50-5_m1_exact_s0_20260723-231132.gurobi.log
20260723-232612,PSC5-C1-50-5,exact-pap,1,0,16,900,OPTIMAL,1895151.00,1895151.00,0.00000000,492.60,493.00,-1.00,-1.00,-1.00,2431,-1.00,1895151.00,1,13.0.2,logs/PSC5-C1-50-5_m1_exact-pap_s0_20260723-232612.gurobi.log
20260723-233425,PSC5-C2-50-5,exact,1,0,16,900,FEASIBLE,1644457.00,1627088.61,0.01056178,901.96,902.34,-1.00,-1.00,-1.00,10741,-1.00,1644457.00,1,13.0.2,logs/PSC5-C2-50-5_m1_exact_s0_20260723-233425.gurobi.log
20260723-234927,PSC5-C2-50-5,exact-pap,1,0,16,900,FEASIBLE,1641860.00,1631056.20,0.00658022,900.10,900.41,-1.00,-1.00,-1.00,9661,-1.00,1641860.00,1,13.0.2,logs/PSC5-C2-50-5_m1_exact-pap_s0_20260723-234927.gurobi.log
20260724-000428,PSC5-C3-50-5,exact,1,0,16,900,FEASIBLE,13174323.00,12778662.40,0.03003271,904.64,905.04,-1.00,-1.00,-1.00,19792,-1.00,13174323.00,1,13.0.2,logs/PSC5-C3-50-5_m1_exact_s0_20260724-000428.gurobi.log
20260724-001933,PSC5-C3-50-5,exact-pap,1,0,16,900,FEASIBLE,13096529.00,12783387.13,0.02391029,903.55,903.84,-1.00,-1.00,-1.00,19043,-1.00,13096529.00,1,13.0.2,logs/PSC5-C3-50-5_m1_exact-pap_s0_20260724-001933.gurobi.log
20260724-003437,PSC5-C4-50-5,exact,1,0,16,900,FEASIBLE,1904791.00,1785119.57,0.06282654,900.88,901.26,-1.00,-1.00,-1.00,13194,-1.00,1904791.00,1,13.0.2,logs/PSC5-C4-50-5_m1_exact_s0_20260724-003437.gurobi.log
20260724-004938,PSC5-C4-50-5,exact-pap,1,0,16,900,FEASIBLE,1917178.00,1799908.75,0.06116764,900.06,900.33,-1.00,-1.00,-1.00,10779,-1.00,1917178.00,1,13.0.2,logs/PSC5-C4-50-5_m1_exact-pap_s0_20260724-004938.gurobi.log
20260724-010439,PSC5-C5-50-5,exact,1,0,16,900,FEASIBLE,13134755.00,12938301.71,0.01495675,902.43,903.10,-1.00,-1.00,-1.00,16564,-1.00,13134755.00,1,13.0.2,logs/PSC5-C5-50-5_m1_exact_s0_20260724-010439.gurobi.log
20260724-011942,PSC5-C5-50-5,exact-pap,1,0,16,900,FEASIBLE,13134769.00,12946210.28,0.01435569,900.47,900.91,-1.00,-1.00,-1.00,12815,-1.00,13134769.00,1,13.0.2,logs/PSC5-C5-50-5_m1_exact-pap_s0_20260724-011942.gurobi.log
20260724-013443,PSC4-C1-100-10,exact,1,0,16,14400,OPTIMAL,6524060.00,6524060.00,0.00000000,10446.92,10450.09,-1.00,-1.00,-1.00,6931,-1.00,6524060.00,1,13.0.2,logs/PSC4-C1-100-10_m1_exact_s0_20260724-013443.gurobi.log
20260724-042853,PSC2-C1-100-5,exact,2,0,16,14400,OPTIMAL,3778175.00,3778175.00,0.00000000,2801.87,3406.06,3773231.21,3807463.00,601.94,976,3807463.00,3778175.00,1,13.0.2,logs/PSC2-C1-100-5_m2_exact_s0_20260724-042853.gurobi.log
20260724-052540,PSC5-C1-100-10,exact,2,0,16,14400,FEASIBLE,6527742.00,6527029.47,0.00010915,13795.13,14417.74,6520143.94,6546730.00,603.14,1839,6546730.00,6527742.00,1,13.0.2,logs/PSC5-C1-100-10_m2_exact_s0_20260724-052540.gurobi.log
20260724-092558,PSC4-C1-50-10,exact,1,0,16,14400,FEASIBLE,3277686.00,3276667.29,0.00031080,14399.74,14404.46,-1.00,-1.00,-1.00,5589,-1.00,3277686.00,1,13.0.2,logs/PSC4-C1-50-10_m1_exact_s0_20260724-092558.gurobi.log
20260724-132602,PSC2-C1-100-10,exact,1,0,16,14400,FEASIBLE,6515898.00,6509428.94,0.00099281,14398.70,14414.80,-1.00,-1.00,-1.00,5759,-1.00,6515898.00,1,13.0.2,logs/PSC2-C1-100-10_m1_exact_s0_20260724-132602.gurobi.log
20260724-172617,PSC1-C1-100-10,exact,1,0,16,14400,FEASIBLE,6518438.00,6517113.36,0.00020321,14398.51,14421.73,-1.00,-1.00,-1.00,1534,-1.00,6518438.00,1,13.0.2,logs/PSC1-C1-100-10_m1_exact_s0_20260724-172617.gurobi.log
20260724-212639,PSC3-C1-50-10,exact,1,0,16,14400,FEASIBLE,3278064.00,3276192.73,0.00057085,14400.13,14403.08,-1.00,-1.00,-1.00,11460,-1.00,3278064.00,1,13.0.2,logs/PSC3-C1-50-10_m1_exact_s0_20260724-212639.gurobi.log
20260725-012645,PSC1-C1-50-10,exact,1,0,16,14400,FEASIBLE,3271921.00,3268861.27,0.00093515,14400.02,14404.36,-1.00,-1.00,-1.00,15191,-1.00,3271921.00,1,13.0.2,logs/PSC1-C1-50-10_m1_exact_s0_20260725-012645.gurobi.log
20260725-052650,PSC2-C1-50-10,exact,1,0,16,14400,FEASIBLE,3276975.00,3274460.69,0.00076726,14399.81,14405.00,-1.00,-1.00,-1.00,8060,-1.00,3276975.00,1,13.0.2,logs/PSC2-C1-50-10_m1_exact_s0_20260725-052650.gurobi.log
20260725-092655,PSC5-C1-100-10,exact,1,0,16,14400,FEASIBLE,6528112.00,6525536.35,0.00039455,14398.50,14430.09,-1.00,-1.00,-1.00,805,-1.00,6528112.00,1,13.0.2,logs/PSC5-C1-100-10_m1_exact_s0_20260725-092655.gurobi.log
20260725-132725,PSC4-C1-50-10,exact,2,0,16,14400,FEASIBLE,3277686.00,3276799.38,0.00027050,13798.63,14402.99,3269832.98,3323971.00,601.11,5262,3323971.00,3277686.00,1,13.0.2,logs/PSC4-C1-50-10_m2_exact_s0_20260725-132725.gurobi.log
20260725-172729,PSC2-C1-100-10,exact,2,0,16,14400,FEASIBLE,6514652.00,6509620.39,0.00077235,13795.12,14405.55,6502621.30,6616161.00,603.20,6146,6616161.00,6514652.00,1,13.0.2,logs/PSC2-C1-100-10_m2_exact_s0_20260725-172729.gurobi.log
20260725-212737,PSC1-C1-100-10,exact,2,0,16,14400,FEASIBLE,6518709.00,6517055.93,0.00025359,13794.98,14405.57,6510592.25,6679383.00,603.24,3615,6679383.00,6518709.00,1,13.0.2,logs/PSC1-C1-100-10_m2_exact_s0_20260725-212737.gurobi.log
20260726-012743,PSC3-C1-50-10,exact,2,0,16,14400,FEASIBLE,3278064.00,3276025.03,0.00062200,13798.90,14404.39,3267907.62,3304798.00,601.06,14030,3304798.00,3278064.00,1,13.0.2,logs/PSC3-C1-50-10_m2_exact_s0_20260726-012743.gurobi.log
20260726-052747,PSC1-C1-50-10,exact,2,0,16,14400,FEASIBLE,3273307.00,3268539.23,0.00145656,13799.10,14405.76,3262051.33,3295323.00,601.00,24707,3295323.00,3273307.00,1,13.0.2,logs/PSC1-C1-50-10_m2_exact_s0_20260726-052747.gurobi.log
20260726-092753,PSC2-C1-50-10,exact,2,0,16,14400,FEASIBLE,3278903.00,3273543.40,0.00163457,13799.14,14403.42,3265632.78,3299032.00,600.81,21610,3299032.00,3278903.00,1,13.0.2,logs/PSC2-C1-50-10_m2_exact_s0_20260726-092753.gurobi.log
20260728-083349,PSC1-C1-100-5,exact-cert,1,0,16,1800,FEASIBLE,3788735.00,3788481.97,0.00006678,1799.21,1801.46,-1.00,-1.00,-1.00,1017,-1.00,3788735.00,1,13.0.2,logs/PSC1-C1-100-5_m1_exact-cert_s0_20260728-083349.gurobi.log
20260728-090351,PSC1-C1-50-5,exact-cert,1,0,16,1800,OPTIMAL,1923801.00,1923801.00,0.00000000,1264.28,1264.78,-1.00,-1.00,-1.00,4393,-1.00,1923801.00,1,13.0.2,logs/PSC1-C1-50-5_m1_exact-cert_s0_20260728-090351.gurobi.log
20260728-092456,PSC2-C1-100-5,exact-cert,2,0,16,14400,FEASIBLE,3778175.00,3777697.23,0.00012645,13796.93,14405.51,3773097.52,3878392.00,601.92,1162,3878392.00,3778175.00,1,13.0.2,logs/PSC2-C1-100-5_m2_exact-cert_s0_20260728-092456.gurobi.log
20260728-132502,PSC2-C1-50-5,exact-cert,1,0,16,14400,FEASIBLE,1931302.00,1928967.40,0.00120882,14400.13,14401.55,-1.00,-1.00,-1.00,11934,-1.00,1931302.00,1,13.0.2,logs/PSC2-C1-50-5_m1_exact-cert_s0_20260728-132502.gurobi.log
20260728-172504,PSC3-C1-100-10,exact-cert,1,0,16,1800,FEASIBLE,6517199.00,6515184.03,0.00030918,1798.08,1802.22,-1.00,-1.00,-1.00,791,-1.00,6517199.00,1,13.0.2,logs/PSC3-C1-100-10_m1_exact-cert_s0_20260728-172504.gurobi.log
20260728-175506,PSC3-C1-100-5,exact-cert,2,0,16,1800,FEASIBLE,3786682.00,3786229.15,0.00011959,1526.74,1801.86,3781225.78,3825688.00,271.98,471,3825688.00,3786682.00,1,13.0.2,logs/PSC3-C1-100-5_m2_exact-cert_s0_20260728-175506.gurobi.log
20260728-182508,PSC3-C1-50-5,exact-cert,1,0,16,14400,FEASIBLE,1930380.00,1929579.98,0.00041444,14399.99,14403.93,-1.00,-1.00,-1.00,4054,-1.00,1930380.00,1,13.0.2,logs/PSC3-C1-50-5_m1_exact-cert_s0_20260728-182508.gurobi.log
20260728-222512,PSC4-C1-100-10,exact-cert,1,0,16,14400,OPTIMAL,6524060.00,6524060.00,0.00000000,5690.68,5693.95,-1.00,-1.00,-1.00,2136,-1.00,6524060.00,1,13.0.2,logs/PSC4-C1-100-10_m1_exact-cert_s0_20260728-222512.gurobi.log
20260729-000007,PSC4-C1-100-5,exact-cert,1,0,16,1800,OPTIMAL,3779530.00,3779530.00,0.00000000,404.26,402.37,-1.00,-1.00,-1.00,896,-1.00,3779530.00,1,13.0.2,logs/PSC4-C1-100-5_m1_exact-cert_s0_20260729-000007.gurobi.log
20260729-000653,PSC4-C1-50-5,exact-cert,1,0,16,1800,OPTIMAL,1909659.00,1909659.00,0.00000000,1164.30,1164.71,-1.00,-1.00,-1.00,1020,-1.00,1909659.00,1,13.0.2,logs/PSC4-C1-50-5_m1_exact-cert_s0_20260729-000653.gurobi.log
20260729-002618,PSC5-C1-100-5,exact-cert,1,0,16,1800,OPTIMAL,3797750.00,3797750.00,0.00000000,584.64,586.29,-1.00,-1.00,-1.00,306,-1.00,3797750.00,1,13.0.2,logs/PSC5-C1-100-5_m1_exact-cert_s0_20260729-002618.gurobi.log
20260729-003604,PSC5-C1-50-5,exact-cert,1,0,16,1800,FEASIBLE,1895450.00,1894288.21,0.00061294,1799.97,1801.18,-1.00,-1.00,-1.00,7623,-1.00,1895450.00,1,13.0.2,logs/PSC5-C1-50-5_m1_exact-cert_s0_20260729-003604.gurobi.log
20260729-171405,PSC2-C1-100-5,exact,1,0,16,14400,OPTIMAL,3778175.00,3778175.00,0.00000000,12619.55,12640.43,-1.00,-1.00,-1.00,1949,-1.00,3778175.00,1,13.0.2,logs/PSC2-C1-100-5_m1_exact_s0_20260729-171405.gurobi.log
20260729-204427,PSC4-C1-100-10,exact,2,0,16,14400,OPTIMAL,6524060.00,6524060.00,0.00000000,5171.76,5776.99,6516674.05,6579045.00,603.49,2143,6579045.00,6524060.00,1,13.0.2,logs/PSC4-C1-100-10_m2_exact_s0_20260729-204427.gurobi.log
20260729-222046,PSC2-C1-50-5,exact,2,0,16,14400,OPTIMAL,1930040.00,1930040.00,0.00000000,2731.12,3333.17,1922314.32,1955422.00,600.91,3125,1955422.00,1930040.00,1,13.0.2,logs/PSC2-C1-50-5_m2_exact_s0_20260729-222046.gurobi.log
20260729-231620,PSC3-C1-50-5,exact,2,0,16,14400,OPTIMAL,1930380.00,1930380.00,0.00000000,8933.57,9535.29,1923070.21,1953349.00,601.04,6679,1953349.00,1930380.00,1,13.0.2,logs/PSC3-C1-50-5_m2_exact_s0_20260729-231620.gurobi.log
20260730-015516,PSC1-C1-50-5,exact-pap,1,0,16,1800,OPTIMAL,1923801.00,1923801.00,0.00000000,195.93,196.32,-1.00,-1.00,-1.00,2913,-1.00,1923801.00,1,13.0.2,logs/PSC1-C1-50-5_m1_exact-pap_s0_20260730-015516.gurobi.log
20260730-015833,PSC1-C1-50-5,exact-pap,2,0,16,1800,OPTIMAL,1923801.00,1923801.00,0.00000000,187.98,459.17,1915223.49,1949095.00,270.61,1306,1949095.00,1923801.00,1,13.0.2,logs/PSC1-C1-50-5_m2_exact-pap_s0_20260730-015833.gurobi.log
20260730-020612,PSC1-C1-50-10,exact-pap,1,0,16,900,FEASIBLE,3277024.00,3268074.23,0.00273106,899.56,900.64,-1.00,-1.00,-1.00,8702,-1.00,3277024.00,1,13.0.2,logs/PSC1-C1-50-10_m1_exact-pap_s0_20260730-020612.gurobi.log
20260730-022113,PSC1-C1-50-10,exact-pap,2,0,16,900,FEASIBLE,3273569.00,3268768.41,0.00146647,764.50,901.56,3261879.40,3295996.00,135.92,6974,3295996.00,3273569.00,1,13.0.2,logs/PSC1-C1-50-10_m2_exact-pap_s0_20260730-022113.gurobi.log
20260730-023615,PSC1-C2-50-5,exact-pap,1,0,16,1800,FEASIBLE,1642443.00,1625154.61,0.01052602,1800.02,1800.40,-1.00,-1.00,-1.00,16301,-1.00,1642443.00,1,13.0.2,logs/PSC1-C2-50-5_m1_exact-pap_s0_20260730-023615.gurobi.log
20260730-030615,PSC1-C2-50-5,exact-pap,2,0,16,1800,FEASIBLE,1638673.00,1625432.89,0.00807977,1530.19,1801.46,1625432.89,1719011.00,270.40,9603,1719011.00,1638673.00,1,13.0.2,logs/PSC1-C2-50-5_m2_exact-pap_s0_20260730-030615.gurobi.log
20260730-033617,PSC1-C2-50-10,exact-pap,1,0,16,900,FEASIBLE,3001895.00,2965126.77,0.01224834,902.47,903.14,-1.00,-1.00,-1.00,14574,-1.00,3001895.00,1,13.0.2,logs/PSC1-C2-50-10_m1_exact-pap_s0_20260730-033617.gurobi.log
20260730-035120,PSC1-C2-50-10,exact-pap,2,0,16,900,FEASIBLE,3005378.00,2967907.13,0.01246794,766.97,902.94,2967907.13,3059826.00,135.28,14770,3059826.00,3005378.00,1,13.0.2,logs/PSC1-C2-50-10_m2_exact-pap_s0_20260730-035120.gurobi.log
20260730-040624,PSC1-C3-50-5,exact-pap,1,0,16,1800,FEASIBLE,13173308.00,12823624.77,0.02654483,1802.39,1802.79,-1.00,-1.00,-1.00,25571,-1.00,13173308.00,1,13.0.2,logs/PSC1-C3-50-5_m1_exact-pap_s0_20260730-040624.gurobi.log
20260730-043627,PSC1-C3-50-5,exact-pap,2,0,16,1800,FEASIBLE,13081993.00,12985161.16,0.00740192,1535.84,1807.26,12985161.16,13412932.00,270.54,48369,13412932.00,13081993.00,1,13.0.2,logs/PSC1-C3-50-5_m2_exact-pap_s0_20260730-043627.gurobi.log
20260730-050634,PSC1-C3-50-10,exact-pap,1,0,16,900,FEASIBLE,25768897.00,25283640.20,0.01883110,903.38,903.93,-1.00,-1.00,-1.00,19518,-1.00,25768897.00,1,13.0.2,logs/PSC1-C3-50-10_m1_exact-pap_s0_20260730-050634.gurobi.log
20260730-052138,PSC1-C3-50-10,exact-pap,2,0,16,900,FEASIBLE,25690598.00,25529237.54,0.00628092,760.34,902.83,25529237.54,26271076.00,141.89,33877,26271076.00,25690598.00,1,13.0.2,logs/PSC1-C3-50-10_m2_exact-pap_s0_20260730-052138.gurobi.log
20260730-053641,PSC1-C4-50-5,exact-pap,1,0,16,1800,FEASIBLE,1906389.00,1802221.17,0.05464144,1803.59,1803.93,-1.00,-1.00,-1.00,19665,-1.00,1906389.00,1,13.0.2,logs/PSC1-C4-50-5_m1_exact-pap_s0_20260730-053641.gurobi.log
20260730-060645,PSC1-C4-50-5,exact-pap,2,0,16,1800,FEASIBLE,1923463.00,1841173.84,0.04278177,1530.83,1801.93,1841173.84,2351022.00,270.31,26001,2351022.00,1923463.00,1,13.0.2,logs/PSC1-C4-50-5_m2_exact-pap_s0_20260730-060645.gurobi.log
20260730-063647,PSC1-C4-50-10,exact-pap,1,0,16,900,FEASIBLE,3528437.00,3302019.07,0.06416947,903.45,904.05,-1.00,-1.00,-1.00,11994,-1.00,3528437.00,1,13.0.2,logs/PSC1-C4-50-10_m1_exact-pap_s0_20260730-063647.gurobi.log
20260730-065152,PSC1-C4-50-10,exact-pap,2,0,16,900,FEASIBLE,3532969.00,3359422.89,0.04912189,773.35,909.35,3359422.89,3734501.00,135.29,16334,3734501.00,3532969.00,1,13.0.2,logs/PSC1-C4-50-10_m2_exact-pap_s0_20260730-065152.gurobi.log
20260730-070701,PSC1-C5-50-5,exact-pap,1,0,16,1800,FEASIBLE,13165291.00,12984238.69,0.01375225,1802.37,1802.75,-1.00,-1.00,-1.00,20027,-1.00,13165291.00,1,13.0.2,logs/PSC1-C5-50-5_m1_exact-pap_s0_20260730-070701.gurobi.log
20260730-073704,PSC1-C5-50-5,exact-pap,2,0,16,1800,FEASIBLE,13182429.00,13091144.17,0.00692474,1532.33,1803.58,13091144.17,13282794.00,270.25,43857,13282794.00,13182429.00,1,13.0.2,logs/PSC1-C5-50-5_m2_exact-pap_s0_20260730-073704.gurobi.log
20260730-080708,PSC1-C5-50-10,exact-pap,1,0,16,900,FEASIBLE,25765915.00,25444931.86,0.01245766,901.78,902.40,-1.00,-1.00,-1.00,14000,-1.00,25765915.00,1,13.0.2,logs/PSC1-C5-50-10_m1_exact-pap_s0_20260730-080708.gurobi.log
20260730-082211,PSC1-C5-50-10,exact-pap,2,0,16,900,FEASIBLE,25750042.00,25582381.31,0.00651108,766.40,902.36,25582381.31,25995321.00,135.27,30052,25995321.00,25750042.00,1,13.0.2,logs/PSC1-C5-50-10_m2_exact-pap_s0_20260730-082211.gurobi.log
20260730-083713,PSC2-C1-50-5,exact-pap,1,0,16,1800,FEASIBLE,1930040.00,1929449.73,0.00030583,1799.91,1800.56,-1.00,-1.00,-1.00,3497,-1.00,1930040.00,1,13.0.2,logs/PSC2-C1-50-5_m1_exact-pap_s0_20260730-083713.gurobi.log
20260730-090714,PSC2-C1-50-5,exact-pap,2,0,16,1800,FEASIBLE,1930836.00,1929146.54,0.00087499,1529.28,1800.50,1921835.26,1955290.00,270.55,4075,1955290.00,1930836.00,1,13.0.2,logs/PSC2-C1-50-5_m2_exact-pap_s0_20260730-090714.gurobi.log
20260730-093715,PSC2-C1-50-10,exact-pap,1,0,16,900,FEASIBLE,3278903.00,3273506.64,0.00164578,899.56,900.58,-1.00,-1.00,-1.00,5878,-1.00,3278903.00,1,13.0.2,logs/PSC2-C1-50-10_m1_exact-pap_s0_20260730-093715.gurobi.log
20260730-095216,PSC2-C1-50-10,exact-pap,2,0,16,900,FEASIBLE,3278825.00,3273715.30,0.00155839,763.82,900.73,3265430.10,3300033.00,135.68,5036,3300033.00,3278825.00,1,13.0.2,logs/PSC2-C1-50-10_m2_exact-pap_s0_20260730-095216.gurobi.log
20260730-100717,PSC2-C2-50-5,exact-pap,1,0,16,1800,FEASIBLE,1642819.00,1633553.17,0.00564020,1802.86,1803.32,-1.00,-1.00,-1.00,13999,-1.00,1642819.00,1,13.0.2,logs/PSC2-C2-50-5_m1_exact-pap_s0_20260730-100717.gurobi.log
20260730-103720,PSC2-C2-50-5,exact-pap,2,0,16,1800,FEASIBLE,1642235.00,1633061.66,0.00558589,1531.08,1802.36,1629072.21,1648547.00,270.56,13842,1648547.00,1642235.00,1,13.0.2,logs/PSC2-C2-50-5_m2_exact-pap_s0_20260730-103720.gurobi.log
20260730-110723,PSC2-C2-50-10,exact-pap,1,0,16,900,FEASIBLE,3022834.00,2978958.21,0.01451479,907.02,907.68,-1.00,-1.00,-1.00,14818,-1.00,3022834.00,1,13.0.2,logs/PSC2-C2-50-10_m1_exact-pap_s0_20260730-110723.gurobi.log
20260730-112231,PSC2-C2-50-10,exact-pap,2,0,16,900,FEASIBLE,3021369.00,2981512.30,0.01319160,764.85,900.80,2981512.30,3152704.00,135.25,13380,3152704.00,3021369.00,1,13.0.2,logs/PSC2-C2-50-10_m2_exact-pap_s0_20260730-112231.gurobi.log
20260730-113732,PSC2-C3-50-5,exact-pap,1,0,16,1800,FEASIBLE,13145168.00,12832508.29,0.02378514,1803.16,1803.58,-1.00,-1.00,-1.00,26303,-1.00,13145168.00,1,13.0.2,logs/PSC2-C3-50-5_m1_exact-pap_s0_20260730-113732.gurobi.log
20260730-120736,PSC2-C3-50-5,exact-pap,2,0,16,1800,FEASIBLE,13117565.00,12991996.98,0.00957251,1531.90,1803.25,12991996.98,13291276.00,270.50,46478,13291276.00,13117565.00,1,13.0.2,logs/PSC2-C3-50-5_m2_exact-pap_s0_20260730-120736.gurobi.log
20260730-123739,PSC2-C3-50-10,exact-pap,1,0,16,900,FEASIBLE,25831603.00,25290267.89,0.02095631,905.84,906.38,-1.00,-1.00,-1.00,19670,-1.00,25831603.00,1,13.0.2,logs/PSC2-C3-50-10_m1_exact-pap_s0_20260730-123739.gurobi.log
20260730-125246,PSC2-C3-50-10,exact-pap,2,0,16,900,FEASIBLE,25792122.00,25544912.57,0.00958469,730.31,907.34,25544912.57,26439470.00,176.32,34442,26439470.00,25792122.00,1,13.0.2,logs/PSC2-C3-50-10_m2_exact-pap_s0_20260730-125246.gurobi.log
20260730-130753,PSC2-C4-50-5,exact-pap,1,0,16,1800,FEASIBLE,1927418.00,1806546.13,0.06271181,1805.09,1805.47,-1.00,-1.00,-1.00,20215,-1.00,1927418.00,1,13.0.2,logs/PSC2-C4-50-5_m1_exact-pap_s0_20260730-130753.gurobi.log
20260730-133759,PSC2-C4-50-5,exact-pap,2,0,16,1800,FEASIBLE,1912065.00,1842151.75,0.03656426,1531.29,1800.62,1842151.75,2088558.00,270.42,24645,2088558.00,1912065.00,1,13.0.2,logs/PSC2-C4-50-5_m2_exact-pap_s0_20260730-133759.gurobi.log
20260730-140802,PSC2-C4-50-10,exact-pap,1,0,16,900,FEASIBLE,3521324.00,3302938.23,0.06201808,902.86,903.48,-1.00,-1.00,-1.00,12258,-1.00,3521324.00,1,13.0.2,logs/PSC2-C4-50-10_m1_exact-pap_s0_20260730-140802.gurobi.log
20260730-142305,PSC2-C4-50-10,exact-pap,2,0,16,900,FEASIBLE,3530407.00,3356970.33,0.04912654,767.14,903.14,3356970.33,3814950.00,135.29,16326,3814950.00,3530407.00,1,13.0.2,logs/PSC2-C4-50-10_m2_exact-pap_s0_20260730-142305.gurobi.log
20260730-143809,PSC2-C5-50-5,exact-pap,1,0,16,1800,FEASIBLE,13097030.00,12925078.05,0.01312908,1804.57,1805.05,-1.00,-1.00,-1.00,19347,-1.00,13097030.00,1,13.0.2,logs/PSC2-C5-50-5_m1_exact-pap_s0_20260730-143809.gurobi.log
20260730-150814,PSC2-C5-50-5,exact-pap,2,0,16,1800,FEASIBLE,13116124.00,13033524.08,0.00629759,1531.78,1803.00,13033524.08,13206964.00,270.27,40488,13206964.00,13116124.00,1,13.0.2,logs/PSC2-C5-50-5_m2_exact-pap_s0_20260730-150814.gurobi.log
20260730-153817,PSC2-C5-50-10,exact-pap,1,0,16,900,FEASIBLE,25665905.00,25359010.99,0.01195726,906.69,907.26,-1.00,-1.00,-1.00,15448,-1.00,25665905.00,1,13.0.2,logs/PSC2-C5-50-10_m1_exact-pap_s0_20260730-153817.gurobi.log
20260730-155325,PSC2-C5-50-10,exact-pap,2,0,16,900,FEASIBLE,25672978.00,25503921.92,0.00658498,771.76,907.76,25503921.92,25830694.00,135.29,30475,25830694.00,25672978.00,1,13.0.2,logs/PSC2-C5-50-10_m2_exact-pap_s0_20260730-155325.gurobi.log
20260730-160833,PSC3-C1-50-5,exact-pap,1,0,16,1800,FEASIBLE,1930938.00,1929535.41,0.00072638,1800.01,1800.86,-1.00,-1.00,-1.00,5473,-1.00,1930938.00,1,13.0.2,logs/PSC3-C1-50-5_m1_exact-pap_s0_20260730-160833.gurobi.log
20260730-163834,PSC3-C1-50-5,exact-pap,2,0,16,1800,FEASIBLE,1932616.00,1928652.61,0.00205079,1529.08,1802.26,1922894.15,1953349.00,270.79,7239,1953349.00,1932616.00,1,13.0.2,logs/PSC3-C1-50-5_m2_exact-pap_s0_20260730-163834.gurobi.log
20260730-170836,PSC3-C1-50-10,exact-pap,1,0,16,900,FEASIBLE,3279557.00,3275486.79,0.00124109,900.33,901.40,-1.00,-1.00,-1.00,9552,-1.00,3279557.00,1,13.0.2,logs/PSC3-C1-50-10_m1_exact-pap_s0_20260730-170836.gurobi.log
20260730-172338,PSC3-C1-50-10,exact-pap,2,0,16,900,FEASIBLE,3278064.00,3276085.86,0.00060345,763.40,900.97,3267567.60,3306158.00,136.08,6354,3306158.00,3278064.00,1,13.0.2,logs/PSC3-C1-50-10_m2_exact-pap_s0_20260730-172338.gurobi.log
20260730-173839,PSC3-C2-50-5,exact-pap,1,0,16,1800,FEASIBLE,1643437.00,1627759.93,0.00953920,1799.91,1800.24,-1.00,-1.00,-1.00,10921,-1.00,1643437.00,1,13.0.2,logs/PSC3-C2-50-5_m1_exact-pap_s0_20260730-173839.gurobi.log
20260730-180840,PSC3-C2-50-5,exact-pap,2,0,16,1800,FEASIBLE,1644591.00,1627750.82,0.01023974,1529.76,1801.01,1627750.82,1728830.00,270.36,13423,1728830.00,1644591.00,1,13.0.2,logs/PSC3-C2-50-5_m2_exact-pap_s0_20260730-180840.gurobi.log
20260730-183841,PSC3-C2-50-10,exact-pap,1,0,16,900,FEASIBLE,3013964.00,2975223.04,0.01285382,909.40,910.05,-1.00,-1.00,-1.00,13262,-1.00,3013964.00,1,13.0.2,logs/PSC3-C2-50-10_m1_exact-pap_s0_20260730-183841.gurobi.log
20260730-185351,PSC3-C2-50-10,exact-pap,2,0,16,900,FEASIBLE,3034741.00,2977853.68,0.01874536,766.23,902.19,2977853.68,3192607.00,135.26,15534,3192607.00,3034741.00,1,13.0.2,logs/PSC3-C2-50-10_m2_exact-pap_s0_20260730-185351.gurobi.log
20260730-190854,PSC3-C3-50-5,exact-pap,1,0,16,1800,FEASIBLE,13059738.00,12753375.23,0.02345857,1807.92,1808.37,-1.00,-1.00,-1.00,25049,-1.00,13059738.00,1,13.0.2,logs/PSC3-C3-50-5_m1_exact-pap_s0_20260730-190854.gurobi.log
20260730-193902,PSC3-C3-50-5,exact-pap,2,0,16,1800,FEASIBLE,13031920.00,12916172.92,0.00888181,1532.36,1803.71,12916172.92,13216032.00,270.42,45633,13216032.00,13031920.00,1,13.0.2,logs/PSC3-C3-50-5_m2_exact-pap_s0_20260730-193902.gurobi.log
20260730-200906,PSC3-C3-50-10,exact-pap,1,0,16,900,FEASIBLE,25651497.00,25181874.45,0.01830780,903.97,904.42,-1.00,-1.00,-1.00,18044,-1.00,25651497.00,1,13.0.2,logs/PSC3-C3-50-10_m1_exact-pap_s0_20260730-200906.gurobi.log
20260730-202411,PSC3-C3-50-10,exact-pap,2,0,16,900,FEASIBLE,25660210.00,25435642.00,0.00875160,735.59,911.62,25435642.00,26277299.00,175.35,34799,26277299.00,25660210.00,1,13.0.2,logs/PSC3-C3-50-10_m2_exact-pap_s0_20260730-202411.gurobi.log
20260730-203923,PSC3-C4-50-5,exact-pap,1,0,16,1800,FEASIBLE,1907690.00,1802266.05,0.05526262,1804.98,1805.33,-1.00,-1.00,-1.00,19235,-1.00,1907690.00,1,13.0.2,logs/PSC3-C4-50-5_m1_exact-pap_s0_20260730-203923.gurobi.log
20260730-210928,PSC3-C4-50-5,exact-pap,2,0,16,1800,FEASIBLE,1911771.00,1840905.39,0.03706804,1531.33,1802.40,1840905.39,2112211.00,270.26,24854,2112211.00,1911771.00,1,13.0.2,logs/PSC3-C4-50-5_m2_exact-pap_s0_20260730-210928.gurobi.log
20260730-213931,PSC3-C4-50-10,exact-pap,1,0,16,900,FEASIBLE,3519002.00,3298586.88,0.06263569,902.90,903.47,-1.00,-1.00,-1.00,12406,-1.00,3519002.00,1,13.0.2,logs/PSC3-C4-50-10_m1_exact-pap_s0_20260730-213931.gurobi.log
20260730-215434,PSC3-C4-50-10,exact-pap,2,0,16,900,FEASIBLE,3530520.00,3352200.46,0.05050801,770.22,906.19,3352200.46,3586116.00,135.30,15868,3586116.00,3530520.00,1,13.0.2,logs/PSC3-C4-50-10_m2_exact-pap_s0_20260730-215434.gurobi.log
20260730-220941,PSC3-C5-50-5,exact-pap,1,0,16,1800,FEASIBLE,13161265.00,12972890.20,0.01431282,1803.76,1804.09,-1.00,-1.00,-1.00,19862,-1.00,13161265.00,1,13.0.2,logs/PSC3-C5-50-5_m1_exact-pap_s0_20260730-220941.gurobi.log
20260730-223945,PSC3-C5-50-5,exact-pap,2,0,16,1800,FEASIBLE,13168129.00,13081516.51,0.00657743,1530.69,1801.95,13081516.51,13173552.00,270.29,43771,13173552.00,13168129.00,1,13.0.2,logs/PSC3-C5-50-5_m2_exact-pap_s0_20260730-223945.gurobi.log
20260730-230947,PSC3-C5-50-10,exact-pap,1,0,16,900,FEASIBLE,25767188.00,25435646.66,0.01286680,901.81,902.41,-1.00,-1.00,-1.00,14338,-1.00,25767188.00,1,13.0.2,logs/PSC3-C5-50-10_m1_exact-pap_s0_20260730-230947.gurobi.log
20260730-232450,PSC3-C5-50-10,exact-pap,2,0,16,900,FEASIBLE,25749425.00,25572682.94,0.00686392,769.52,905.49,25572682.94,26055503.00,135.27,30852,26055503.00,25749425.00,1,13.0.2,logs/PSC3-C5-50-10_m2_exact-pap_s0_20260730-232450.gurobi.log
20260730-233956,PSC4-C1-50-5,exact-pap,1,0,16,1800,OPTIMAL,1909659.00,1909659.00,0.00000000,65.52,65.87,-1.00,-1.00,-1.00,612,-1.00,1909659.00,1,13.0.2,logs/PSC4-C1-50-5_m1_exact-pap_s0_20260730-233956.gurobi.log
20260730-234102,PSC4-C1-50-5,exact-pap,2,0,16,1800,OPTIMAL,1909659.00,1909659.00,0.00000000,377.00,649.71,1906444.39,1936975.00,270.78,2478,1936975.00,1909659.00,1,13.0.2,logs/PSC4-C1-50-5_m2_exact-pap_s0_20260730-234102.gurobi.log
20260730-235152,PSC4-C1-50-10,exact-pap,1,0,16,900,FEASIBLE,3278208.00,3275816.35,0.00072956,899.97,900.83,-1.00,-1.00,-1.00,10206,-1.00,3278208.00,1,13.0.2,logs/PSC4-C1-50-10_m1_exact-pap_s0_20260730-235152.gurobi.log
20260731-000653,PSC4-C1-50-10,exact-pap,2,0,16,900,FEASIBLE,3277686.00,3276558.67,0.00034394,763.83,900.63,3269343.88,3324263.00,135.70,6208,3324263.00,3277686.00,1,13.0.2,logs/PSC4-C1-50-10_m2_exact-pap_s0_20260731-000653.gurobi.log
20260731-002153,PSC4-C2-50-5,exact-pap,1,0,16,1800,FEASIBLE,1651407.00,1631388.00,0.01212239,1800.74,1801.17,-1.00,-1.00,-1.00,13991,-1.00,1651407.00,1,13.0.2,logs/PSC4-C2-50-5_m1_exact-pap_s0_20260731-002153.gurobi.log
20260731-005155,PSC4-C2-50-5,exact-pap,2,0,16,1800,FEASIBLE,1651094.00,1632699.34,0.01114089,1531.66,1803.04,1632699.34,1677154.00,270.49,14508,1677154.00,1651094.00,1,13.0.2,logs/PSC4-C2-50-5_m2_exact-pap_s0_20260731-005155.gurobi.log
20260731-012158,PSC4-C2-50-10,exact-pap,1,0,16,900,FEASIBLE,3012002.00,2975318.81,0.01217901,899.88,900.53,-1.00,-1.00,-1.00,14376,-1.00,3012002.00,1,13.0.2,logs/PSC4-C2-50-10_m1_exact-pap_s0_20260731-012158.gurobi.log
20260731-013659,PSC4-C2-50-10,exact-pap,2,0,16,900,FEASIBLE,3013738.00,2977215.67,0.01211861,764.46,900.44,2977215.67,3134708.00,135.26,13988,3134708.00,3013738.00,1,13.0.2,logs/PSC4-C2-50-10_m2_exact-pap_s0_20260731-013659.gurobi.log
20260731-015200,PSC4-C3-50-5,exact-pap,1,0,16,1800,FEASIBLE,13156970.00,12825897.89,0.02516325,1804.95,1805.30,-1.00,-1.00,-1.00,26343,-1.00,13156970.00,1,13.0.2,logs/PSC4-C3-50-5_m1_exact-pap_s0_20260731-015200.gurobi.log
20260731-022205,PSC4-C3-50-5,exact-pap,2,0,16,1800,FEASIBLE,13108277.00,12987984.93,0.00917680,1537.44,1808.75,12987984.93,13234003.00,270.43,47509,13234003.00,13108277.00,1,13.0.2,logs/PSC4-C3-50-5_m2_exact-pap_s0_20260731-022205.gurobi.log
20260731-025214,PSC4-C3-50-10,exact-pap,1,0,16,900,FEASIBLE,25858011.00,25284884.97,0.02216435,899.97,900.49,-1.00,-1.00,-1.00,19204,-1.00,25858011.00,1,13.0.2,logs/PSC4-C3-50-10_m1_exact-pap_s0_20260731-025214.gurobi.log
20260731-030715,PSC4-C3-50-10,exact-pap,2,0,16,900,FEASIBLE,25723289.00,25531188.79,0.00746795,738.17,907.77,25531188.79,26245645.00,169.04,32320,26245645.00,25723289.00,1,13.0.2,logs/PSC4-C3-50-10_m2_exact-pap_s0_20260731-030715.gurobi.log
20260731-032223,PSC4-C4-50-5,exact-pap,1,0,16,1800,FEASIBLE,1914536.00,1796081.04,0.06187137,1807.99,1808.27,-1.00,-1.00,-1.00,16431,-1.00,1914536.00,1,13.0.2,logs/PSC4-C4-50-5_m1_exact-pap_s0_20260731-032223.gurobi.log
20260731-035231,PSC4-C4-50-5,exact-pap,2,0,16,1800,FEASIBLE,1913426.00,1834132.30,0.04144069,1531.93,1802.83,1834132.30,2326262.00,270.23,24215,2326262.00,1913426.00,1,13.0.2,logs/PSC4-C4-50-5_m2_exact-pap_s0_20260731-035231.gurobi.log
20260731-042234,PSC4-C4-50-10,exact-pap,1,0,16,900,FEASIBLE,3525178.00,3293228.15,0.06579805,905.34,905.93,-1.00,-1.00,-1.00,11960,-1.00,3525178.00,1,13.0.2,logs/PSC4-C4-50-10_m1_exact-pap_s0_20260731-042234.gurobi.log
20260731-043740,PSC4-C4-50-10,exact-pap,2,0,16,900,FEASIBLE,3511193.00,3350324.71,0.04581585,769.98,905.85,3350324.71,4157319.00,135.28,17292,4157319.00,3511193.00,1,13.0.2,logs/PSC4-C4-50-10_m2_exact-pap_s0_20260731-043740.gurobi.log
20260731-045246,PSC4-C5-50-5,exact-pap,1,0,16,1800,FEASIBLE,13172777.00,12982483.87,0.01444594,1807.03,1807.52,-1.00,-1.00,-1.00,19091,-1.00,13172777.00,1,13.0.2,logs/PSC4-C5-50-5_m1_exact-pap_s0_20260731-045246.gurobi.log
20260731-052254,PSC4-C5-50-5,exact-pap,2,0,16,1800,FEASIBLE,13184871.00,13092948.95,0.00697178,1533.27,1804.58,13092948.95,13200751.00,270.38,41843,13200751.00,13184871.00,1,13.0.2,logs/PSC4-C5-50-5_m2_exact-pap_s0_20260731-052254.gurobi.log
20260731-055259,PSC4-C5-50-10,exact-pap,1,0,16,900,FEASIBLE,25765815.00,25438057.72,0.01272063,902.71,903.35,-1.00,-1.00,-1.00,14082,-1.00,25765815.00,1,13.0.2,logs/PSC4-C5-50-10_m1_exact-pap_s0_20260731-055259.gurobi.log
20260731-060803,PSC4-C5-50-10,exact-pap,2,0,16,900,FEASIBLE,25754101.00,25590056.77,0.00636964,769.82,905.91,25590056.77,25957796.00,135.27,32744,25957796.00,25754101.00,1,13.0.2,logs/PSC4-C5-50-10_m2_exact-pap_s0_20260731-060803.gurobi.log
20260731-062309,PSC5-C1-50-5,exact-pap,1,0,16,1800,OPTIMAL,1895151.00,1895151.00,0.00000000,518.19,518.57,-1.00,-1.00,-1.00,2431,-1.00,1895151.00,1,13.0.2,logs/PSC5-C1-50-5_m1_exact-pap_s0_20260731-062309.gurobi.log
20260731-063147,PSC5-C1-50-5,exact-pap,2,0,16,1800,OPTIMAL,1895151.00,1895151.00,0.00000000,946.15,1218.63,1890263.98,1915385.00,270.88,3621,1915385.00,1895151.00,1,13.0.2,logs/PSC5-C1-50-5_m2_exact-pap_s0_20260731-063147.gurobi.log
20260731-065206,PSC5-C1-50-10,exact-pap,1,0,16,900,FEASIBLE,3275672.00,3267209.54,0.00258343,899.76,900.84,-1.00,-1.00,-1.00,4982,-1.00,3275672.00,1,13.0.2,logs/PSC5-C1-50-10_m1_exact-pap_s0_20260731-065206.gurobi.log
20260731-070707,PSC5-C1-50-10,exact-pap,2,0,16,900,FEASIBLE,3281438.00,3266227.92,0.00463519,763.88,900.72,3261778.96,3296052.00,135.67,6894,3296052.00,3281438.00,1,13.0.2,logs/PSC5-C1-50-10_m2_exact-pap_s0_20260731-070707.gurobi.log
20260731-072208,PSC5-C2-50-5,exact-pap,1,0,16,1800,FEASIBLE,1641860.00,1632258.85,0.00584773,1800.95,1801.40,-1.00,-1.00,-1.00,11487,-1.00,1641860.00,1,13.0.2,logs/PSC5-C2-50-5_m1_exact-pap_s0_20260731-072208.gurobi.log
20260731-075210,PSC5-C2-50-5,exact-pap,2,0,16,1800,FEASIBLE,1642302.00,1629784.77,0.00762176,1529.48,1800.82,1627376.08,1655191.00,270.50,8369,1655191.00,1642302.00,1,13.0.2,logs/PSC5-C2-50-5_m2_exact-pap_s0_20260731-075210.gurobi.log
20260731-082211,PSC5-C2-50-10,exact-pap,1,0,16,900,FEASIBLE,3007450.00,2972560.94,0.01160088,899.80,900.50,-1.00,-1.00,-1.00,11768,-1.00,3007450.00,1,13.0.2,logs/PSC5-C2-50-10_m1_exact-pap_s0_20260731-082211.gurobi.log
20260731-083712,PSC5-C2-50-10,exact-pap,2,0,16,900,FEASIBLE,3018143.00,2975206.00,0.01422630,771.61,907.62,2975206.00,3040381.00,135.31,14188,3040381.00,3018143.00,1,13.0.2,logs/PSC5-C2-50-10_m2_exact-pap_s0_20260731-083712.gurobi.log
20260731-085220,PSC5-C3-50-5,exact-pap,1,0,16,1800,FEASIBLE,13096529.00,12784101.27,0.02385577,1807.28,1807.77,-1.00,-1.00,-1.00,25123,-1.00,13096529.00,1,13.0.2,logs/PSC5-C3-50-5_m1_exact-pap_s0_20260731-085220.gurobi.log
20260731-092228,PSC5-C3-50-5,exact-pap,2,0,16,1800,FEASIBLE,13063346.00,12945205.24,0.00904368,1534.40,1805.76,12945205.24,13449420.00,270.45,44691,13449420.00,13063346.00,1,13.0.2,logs/PSC5-C3-50-5_m2_exact-pap_s0_20260731-092228.gurobi.log
20260731-095234,PSC5-C3-50-10,exact-pap,1,0,16,900,FEASIBLE,25788959.00,25242999.29,0.02117029,911.01,911.46,-1.00,-1.00,-1.00,20578,-1.00,25788959.00,1,13.0.2,logs/PSC5-C3-50-10_m1_exact-pap_s0_20260731-095234.gurobi.log
20260731-100745,PSC5-C3-50-10,exact-pap,2,0,16,900,FEASIBLE,25695664.00,25489991.01,0.00800419,729.74,904.02,25489991.01,26213372.00,173.64,33132,26213372.00,25695664.00,1,13.0.2,logs/PSC5-C3-50-10_m2_exact-pap_s0_20260731-100745.gurobi.log
20260731-102249,PSC5-C4-50-5,exact-pap,1,0,16,1800,FEASIBLE,1913043.00,1800476.34,0.05884168,1802.72,1803.11,-1.00,-1.00,-1.00,19921,-1.00,1913043.00,1,13.0.2,logs/PSC5-C4-50-5_m1_exact-pap_s0_20260731-102249.gurobi.log
20260731-105253,PSC5-C4-50-5,exact-pap,2,0,16,1800,FEASIBLE,1903495.00,1840601.25,0.03304119,1530.95,1802.21,1840601.25,2169668.00,270.54,25869,2169668.00,1903495.00,1,13.0.2,logs/PSC5-C4-50-5_m2_exact-pap_s0_20260731-105253.gurobi.log
20260731-112255,PSC5-C4-50-10,exact-pap,1,0,16,900,FEASIBLE,3524946.00,3292166.58,0.06603773,900.91,901.47,-1.00,-1.00,-1.00,12620,-1.00,3524946.00,1,13.0.2,logs/PSC5-C4-50-10_m1_exact-pap_s0_20260731-112255.gurobi.log
20260731-113757,PSC5-C4-50-10,exact-pap,2,0,16,900,FEASIBLE,3513304.00,3350110.88,0.04645004,771.99,907.88,3350110.88,4003498.00,135.29,16562,4003498.00,3513304.00,1,13.0.2,logs/PSC5-C4-50-10_m2_exact-pap_s0_20260731-113757.gurobi.log
20260731-115305,PSC5-C5-50-5,exact-pap,1,0,16,1800,FEASIBLE,13134424.00,12946377.82,0.01431705,1800.11,1800.41,-1.00,-1.00,-1.00,15241,-1.00,13134424.00,1,13.0.2,logs/PSC5-C5-50-5_m1_exact-pap_s0_20260731-115305.gurobi.log
20260731-122306,PSC5-C5-50-5,exact-pap,2,0,16,1800,FEASIBLE,13129971.00,13049451.63,0.00613249,1530.85,1802.25,13049451.63,13298808.00,270.32,40267,13298808.00,13129971.00,1,13.0.2,logs/PSC5-C5-50-5_m2_exact-pap_s0_20260731-122306.gurobi.log
20260731-125308,PSC5-C5-50-10,exact-pap,1,0,16,900,FEASIBLE,25722075.00,25405721.78,0.01229890,901.42,902.07,-1.00,-1.00,-1.00,13218,-1.00,25722075.00,1,13.0.2,logs/PSC5-C5-50-10_m1_exact-pap_s0_20260731-125308.gurobi.log
20260731-130810,PSC5-C5-50-10,exact-pap,2,0,16,900,FEASIBLE,25745557.00,25542548.36,0.00788519,774.11,910.14,25542548.36,26066311.00,135.28,29938,26066311.00,25745557.00,1,13.0.2,logs/PSC5-C5-50-10_m2_exact-pap_s0_20260731-130810.gurobi.log
20260731-132322,PSC1-C1-50-5,exact-agg,1,0,16,1800,OPTIMAL,1923801.00,1923801.00,0.00000000,706.28,706.67,-1.00,-1.00,-1.00,817,-1.00,1923801.00,1,13.0.2,logs/PSC1-C1-50-5_m1_exact-agg_s0_20260731-132322.gurobi.log
20260731-133509,PSC1-C2-50-5,exact-agg,1,0,16,1800,FEASIBLE,1641105.00,1622059.95,0.01160502,1800.33,1801.43,-1.00,-1.00,-1.00,6735,-1.00,1641105.00,1,13.0.2,logs/PSC1-C2-50-5_m1_exact-agg_s0_20260731-133509.gurobi.log
20260731-140510,PSC1-C3-50-5,exact-agg,1,0,16,1800,FEASIBLE,13212224.00,12818353.56,0.02981106,1802.13,1803.07,-1.00,-1.00,-1.00,9061,-1.00,13212224.00,1,13.0.2,logs/PSC1-C3-50-5_m1_exact-agg_s0_20260731-140510.gurobi.log
20260731-143514,PSC1-C4-50-5,exact-agg,1,0,16,1800,FEASIBLE,1908894.00,1786377.92,0.06418171,1802.74,1803.42,-1.00,-1.00,-1.00,7130,-1.00,1908894.00,1,13.0.2,logs/PSC1-C4-50-5_m1_exact-agg_s0_20260731-143514.gurobi.log
20260731-150517,PSC1-C5-50-5,exact-agg,1,0,16,1800,FEASIBLE,13170361.00,12973158.08,0.01497324,1800.51,1801.84,-1.00,-1.00,-1.00,8194,-1.00,13170361.00,1,13.0.2,logs/PSC1-C5-50-5_m1_exact-agg_s0_20260731-150517.gurobi.log
20260731-153519,PSC2-C1-50-5,exact-agg,1,0,16,1800,FEASIBLE,1930768.00,1928292.91,0.00128192,1799.82,1801.57,-1.00,-1.00,-1.00,2210,-1.00,1930768.00,1,13.0.2,logs/PSC2-C1-50-5_m1_exact-agg_s0_20260731-153519.gurobi.log
20260731-160521,PSC2-C2-50-5,exact-agg,1,0,16,1800,FEASIBLE,1641307.00,1627312.69,0.00852632,1800.38,1801.23,-1.00,-1.00,-1.00,7158,-1.00,1641307.00,1,13.0.2,logs/PSC2-C2-50-5_m1_exact-agg_s0_20260731-160521.gurobi.log
20260731-163523,PSC2-C3-50-5,exact-agg,1,0,16,1800,FEASIBLE,13206431.00,12826435.84,0.02877349,1802.71,1803.57,-1.00,-1.00,-1.00,11095,-1.00,13206431.00,1,13.0.2,logs/PSC2-C3-50-5_m1_exact-agg_s0_20260731-163523.gurobi.log
20260731-170526,PSC2-C4-50-5,exact-agg,1,0,16,1800,FEASIBLE,1916679.00,1787254.97,0.06752515,1803.75,1804.59,-1.00,-1.00,-1.00,8631,-1.00,1916679.00,1,13.0.2,logs/PSC2-C4-50-5_m1_exact-agg_s0_20260731-170526.gurobi.log
20260731-173531,PSC2-C5-50-5,exact-agg,1,0,16,1800,FEASIBLE,13103456.00,12919333.39,0.01405145,1800.61,1802.07,-1.00,-1.00,-1.00,9744,-1.00,13103456.00,1,13.0.2,logs/PSC2-C5-50-5_m1_exact-agg_s0_20260731-173531.gurobi.log
20260731-180533,PSC3-C1-50-5,exact-agg,1,0,16,1800,FEASIBLE,1931001.00,1928844.54,0.00111676,1799.76,1802.87,-1.00,-1.00,-1.00,2100,-1.00,1931001.00,1,13.0.2,logs/PSC3-C1-50-5_m1_exact-agg_s0_20260731-180533.gurobi.log
20260731-183536,PSC3-C2-50-5,exact-agg,1,0,16,1800,FEASIBLE,1642140.00,1624181.06,0.01093630,1800.41,1801.61,-1.00,-1.00,-1.00,7152,-1.00,1642140.00,1,13.0.2,logs/PSC3-C2-50-5_m1_exact-agg_s0_20260731-183536.gurobi.log
20260731-190538,PSC3-C3-50-5,exact-agg,1,0,16,1800,FEASIBLE,13139906.00,12749025.68,0.02974757,1803.38,1804.27,-1.00,-1.00,-1.00,10672,-1.00,13139906.00,1,13.0.2,logs/PSC3-C3-50-5_m1_exact-agg_s0_20260731-190538.gurobi.log
20260731-193543,PSC3-C4-50-5,exact-agg,1,0,16,1800,FEASIBLE,1917783.00,1785897.84,0.06876960,1801.48,1802.51,-1.00,-1.00,-1.00,8428,-1.00,1917783.00,1,13.0.2,logs/PSC3-C4-50-5_m1_exact-agg_s0_20260731-193543.gurobi.log
20260731-200546,PSC3-C5-50-5,exact-agg,1,0,16,1800,FEASIBLE,13156411.00,12961402.30,0.01482233,1801.36,1802.78,-1.00,-1.00,-1.00,9573,-1.00,13156411.00,1,13.0.2,logs/PSC3-C5-50-5_m1_exact-agg_s0_20260731-200546.gurobi.log
20260731-203549,PSC4-C1-50-5,exact-agg,1,0,16,1800,OPTIMAL,1909659.00,1909659.00,0.00000000,963.75,964.12,-1.00,-1.00,-1.00,518,-1.00,1909659.00,1,13.0.2,logs/PSC4-C1-50-5_m1_exact-agg_s0_20260731-203549.gurobi.log
20260731-205153,PSC4-C2-50-5,exact-agg,1,0,16,1800,FEASIBLE,1647503.00,1628195.16,0.01171946,1800.00,1797.76,-1.00,-1.00,-1.00,7935,-1.00,1647503.00,1,13.0.2,logs/PSC4-C2-50-5_m1_exact-agg_s0_20260731-205153.gurobi.log
20260731-212154,PSC4-C3-50-5,exact-agg,1,0,16,1800,FEASIBLE,13225408.00,12821598.85,0.03053283,1802.38,1803.34,-1.00,-1.00,-1.00,10921,-1.00,13225408.00,1,13.0.2,logs/PSC4-C3-50-5_m1_exact-agg_s0_20260731-212154.gurobi.log
20260731-215158,PSC4-C4-50-5,exact-agg,1,0,16,1800,FEASIBLE,1909637.00,1773437.25,0.07132232,1803.72,1804.52,-1.00,-1.00,-1.00,8366,-1.00,1909637.00,1,13.0.2,logs/PSC4-C4-50-5_m1_exact-agg_s0_20260731-215158.gurobi.log
20260731-222202,PSC4-C5-50-5,exact-agg,1,0,16,1800,FEASIBLE,13178255.00,12977516.98,0.01523252,1801.89,1803.27,-1.00,-1.00,-1.00,9632,-1.00,13178255.00,1,13.0.2,logs/PSC4-C5-50-5_m1_exact-agg_s0_20260731-222202.gurobi.log
20260731-225206,PSC5-C1-50-5,exact-agg,1,0,16,1800,FEASIBLE,1895151.00,1894447.68,0.00037111,1799.81,1801.51,-1.00,-1.00,-1.00,1293,-1.00,1895151.00,1,13.0.2,logs/PSC5-C1-50-5_m1_exact-agg_s0_20260731-225206.gurobi.log
20260731-232208,PSC5-C2-50-5,exact-agg,1,0,16,1800,FEASIBLE,1644876.00,1626167.63,0.01137373,1801.02,1801.92,-1.00,-1.00,-1.00,7673,-1.00,1644876.00,1,13.0.2,logs/PSC5-C2-50-5_m1_exact-agg_s0_20260731-232208.gurobi.log
20260731-235210,PSC5-C3-50-5,exact-agg,1,0,16,1800,FEASIBLE,13149818.00,12778801.43,0.02821458,1802.37,1803.20,-1.00,-1.00,-1.00,10122,-1.00,13149818.00,1,13.0.2,logs/PSC5-C3-50-5_m1_exact-agg_s0_20260731-235210.gurobi.log
20260801-002213,PSC5-C4-50-5,exact-agg,1,0,16,1800,FEASIBLE,1911741.00,1781806.21,0.06796673,1800.64,1801.39,-1.00,-1.00,-1.00,7765,-1.00,1911741.00,1,13.0.2,logs/PSC5-C4-50-5_m1_exact-agg_s0_20260801-002213.gurobi.log
20260801-005215,PSC5-C5-50-5,exact-agg,1,0,16,1800,FEASIBLE,13133787.00,12936941.51,0.01498772,1800.65,1801.96,-1.00,-1.00,-1.00,9253,-1.00,13133787.00,1,13.0.2,logs/PSC5-C5-50-5_m1_exact-agg_s0_20260801-005215.gurobi.log
20260801-012218,PSC1-C1-50-5,exact-noldb,2,0,16,1800,OPTIMAL,1923801.00,1923801.00,0.00000000,231.73,502.91,1915223.49,1949095.00,270.57,1018,1949095.00,1923801.00,1,13.0.2,logs/PSC1-C1-50-5_m2_exact-noldb_s0_20260801-012218.gurobi.log
20260801-013041,PSC1-C2-50-5,exact-noldb,2,0,16,1800,FEASIBLE,1645741.00,1620748.27,0.01518631,1530.23,1801.61,1625440.56,1719011.00,270.39,14042,1719011.00,1645741.00,1,13.0.2,logs/PSC1-C2-50-5_m2_exact-noldb_s0_20260801-013041.gurobi.log
20260801-020043,PSC1-C3-50-5,exact-noldb,2,0,16,1800,FEASIBLE,13229078.00,12818737.42,0.03101808,1533.67,1805.15,12985161.16,13412932.00,270.49,29691,13412932.00,13229078.00,1,13.0.2,logs/PSC1-C3-50-5_m2_exact-noldb_s0_20260801-020043.gurobi.log
20260801-023048,PSC1-C4-50-5,exact-noldb,2,0,16,1800,FEASIBLE,1909892.00,1786014.27,0.06486112,1531.61,1802.62,1841173.84,2351022.00,270.40,17529,2351022.00,1909892.00,1,13.0.2,logs/PSC1-C4-50-5_m2_exact-noldb_s0_20260801-023048.gurobi.log
20260801-030051,PSC1-C5-50-5,exact-noldb,2,0,16,1800,FEASIBLE,13170020.00,12972320.19,0.01501135,1531.45,1802.84,13091144.17,13282794.00,270.53,21297,13282794.00,13170020.00,1,13.0.2,logs/PSC1-C5-50-5_m2_exact-noldb_s0_20260801-030051.gurobi.log
20260801-033054,PSC2-C1-50-5,exact-noldb,2,0,16,1800,FEASIBLE,1931210.00,1928400.36,0.00145486,1529.39,1800.94,1921942.07,1955290.00,270.58,3443,1955290.00,1931210.00,1,13.0.2,logs/PSC2-C1-50-5_m2_exact-noldb_s0_20260801-033054.gurobi.log
20260801-040055,PSC2-C2-50-5,exact-noldb,2,0,16,1800,FEASIBLE,1646754.00,1626192.17,0.01248628,1531.07,1802.58,1629113.22,1648547.00,270.44,13672,1648547.00,1646754.00,1,13.0.2,logs/PSC2-C2-50-5_m2_exact-noldb_s0_20260801-040055.gurobi.log
20260801-043058,PSC2-C3-50-5,exact-noldb,2,0,16,1800,FEASIBLE,13249799.00,12826751.74,0.03192858,1532.24,1803.39,12991996.98,13291276.00,270.37,29298,13291276.00,13249799.00,1,13.0.2,logs/PSC2-C3-50-5_m2_exact-noldb_s0_20260801-043058.gurobi.log
20260801-050102,PSC2-C4-50-5,exact-noldb,2,0,16,1800,FEASIBLE,1923245.00,1787257.84,0.07070714,1533.49,1804.45,1842151.75,2088558.00,270.28,17392,2088558.00,1923245.00,1,13.0.2,logs/PSC2-C4-50-5_m2_exact-noldb_s0_20260801-050102.gurobi.log
20260801-053106,PSC2-C5-50-5,exact-noldb,2,0,16,1800,FEASIBLE,13107513.00,12915122.58,0.01467787,1531.35,1802.80,13033524.08,13206964.00,270.26,21824,13206964.00,13107513.00,1,13.0.2,logs/PSC2-C5-50-5_m2_exact-noldb_s0_20260801-053106.gurobi.log
20260801-060109,PSC3-C1-50-5,exact-noldb,2,0,16,1800,FEASIBLE,1930380.00,1929157.12,0.00063349,1528.84,1802.23,1922908.73,1953349.00,270.84,2480,1953349.00,1930380.00,1,13.0.2,logs/PSC3-C1-50-5_m2_exact-noldb_s0_20260801-060109.gurobi.log
20260801-063112,PSC3-C2-50-5,exact-noldb,2,0,16,1800,FEASIBLE,1644808.00,1623164.97,0.01315839,1529.88,1801.76,1627750.82,1728830.00,270.56,13425,1728830.00,1644808.00,1,13.0.2,logs/PSC3-C2-50-5_m2_exact-noldb_s0_20260801-063112.gurobi.log
20260801-070114,PSC3-C3-50-5,exact-noldb,2,0,16,1800,FEASIBLE,13117751.00,12749212.01,0.02809468,1535.77,1807.14,12916172.92,13210635.00,270.48,27924,13210635.00,13117751.00,1,13.0.2,logs/PSC3-C3-50-5_m2_exact-noldb_s0_20260801-070114.gurobi.log
20260801-073121,PSC3-C4-50-5,exact-noldb,2,0,16,1800,FEASIBLE,1918980.00,1784055.89,0.07031033,1532.02,1803.15,1840905.39,2112211.00,270.46,17296,2112211.00,1918980.00,1,13.0.2,logs/PSC3-C4-50-5_m2_exact-noldb_s0_20260801-073121.gurobi.log
20260801-080124,PSC3-C5-50-5,exact-noldb,2,0,16,1800,FEASIBLE,13157172.00,12961795.86,0.01484940,1532.30,1803.42,13081516.51,13173552.00,270.25,20801,13173552.00,13157172.00,1,13.0.2,logs/PSC3-C5-50-5_m2_exact-noldb_s0_20260801-080124.gurobi.log
20260801-083128,PSC4-C1-50-5,exact-noldb,2,0,16,1800,OPTIMAL,1909659.00,1909659.00,0.00000000,889.21,1161.73,1906447.65,1936975.00,271.02,931,1936975.00,1909659.00,1,13.0.2,logs/PSC4-C1-50-5_m2_exact-noldb_s0_20260801-083128.gurobi.log
20260801-085050,PSC4-C2-50-5,exact-noldb,2,0,16,1800,FEASIBLE,1648135.00,1627661.41,0.01242228,1529.69,1800.56,1632764.59,1677154.00,270.42,10519,1677154.00,1648135.00,1,13.0.2,logs/PSC4-C2-50-5_m2_exact-noldb_s0_20260801-085050.gurobi.log
20260801-092051,PSC4-C3-50-5,exact-noldb,2,0,16,1800,FEASIBLE,13224929.00,12821942.95,0.03047170,0.00,1801.47,12987984.93,13224929.00,270.47,28173,13224929.00,13224929.00,1,13.0.2,logs/PSC4-C3-50-5_m2_exact-noldb_s0_20260801-092051.gurobi.log
20260801-095053,PSC4-C4-50-5,exact-noldb,2,0,16,1800,FEASIBLE,1908770.00,1774536.50,0.07032461,1531.75,1802.78,1834132.30,2326262.00,270.40,16243,2326262.00,1908770.00,1,13.0.2,logs/PSC4-C4-50-5_m2_exact-noldb_s0_20260801-095053.gurobi.log
20260801-102056,PSC4-C5-50-5,exact-noldb,2,0,16,1800,FEASIBLE,13170396.00,12977823.55,0.01462161,1533.16,1804.13,13092948.95,13200751.00,270.23,20597,13200751.00,13170396.00,1,13.0.2,logs/PSC4-C5-50-5_m2_exact-noldb_s0_20260801-102056.gurobi.log
20260801-105100,PSC5-C1-50-5,exact-noldb,2,0,16,1800,FEASIBLE,1895151.00,1894666.77,0.00025551,1527.53,1801.38,1890308.03,1913188.00,272.12,951,1913188.00,1895151.00,1,13.0.2,logs/PSC5-C1-50-5_m2_exact-noldb_s0_20260801-105100.gurobi.log
20260801-112101,PSC5-C2-50-5,exact-noldb,2,0,16,1800,FEASIBLE,1648935.00,1623800.88,0.01524264,1530.60,1801.86,1627376.08,1655741.00,270.50,14944,1655741.00,1648935.00,1,13.0.2,logs/PSC5-C2-50-5_m2_exact-noldb_s0_20260801-112101.gurobi.log
20260801-115104,PSC5-C3-50-5,exact-noldb,2,0,16,1800,FEASIBLE,13196377.00,12778947.61,0.03163212,1530.14,1801.42,12946414.84,13422691.00,270.45,27606,13422691.00,13196377.00,1,13.0.2,logs/PSC5-C3-50-5_m2_exact-noldb_s0_20260801-115104.gurobi.log
20260801-122105,PSC5-C4-50-5,exact-noldb,2,0,16,1800,FEASIBLE,1911290.00,1783782.80,0.06671264,1533.22,1804.05,1841085.01,2169668.00,270.21,17079,2169668.00,1911290.00,1,13.0.2,logs/PSC5-C4-50-5_m2_exact-noldb_s0_20260801-122105.gurobi.log
20260801-125109,PSC5-C5-50-5,exact-noldb,2,0,16,1800,FEASIBLE,13138683.00,12937905.91,0.01528137,1533.20,1804.42,13049451.63,13298808.00,270.28,21457,13298808.00,13138683.00,1,13.0.2,logs/PSC5-C5-50-5_m2_exact-noldb_s0_20260801-125109.gurobi.log
20260801-132115,PSC4-C1-100-5,exact-var1,1,0,16,1800,OPTIMAL,3779530.00,3779530.00,0.00000000,88.74,90.24,-1.00,-1.00,-1.00,508,-1.00,3779530.00,1,13.0.2,logs/PSC4-C1-100-5_m1_exact-var1_s0_20260801-132115.gurobi.log
20260801-132245,PSC4-C1-50-5,exact-var1,1,0,16,1800,OPTIMAL,1909659.00,1909659.00,0.00000000,195.31,195.69,-1.00,-1.00,-1.00,793,-1.00,1909659.00,1,13.0.2,logs/PSC4-C1-50-5_m1_exact-var1_s0_20260801-132245.gurobi.log
20260801-132601,PSC5-C1-100-5,exact-var1,1,0,16,1800,OPTIMAL,3797750.00,3797750.00,0.00000000,215.96,217.51,-1.00,-1.00,-1.00,363,-1.00,3797750.00,1,13.0.2,logs/PSC5-C1-100-5_m1_exact-var1_s0_20260801-132601.gurobi.log
20260801-132939,PSC1-C1-50-5,exact-var1,1,0,16,1800,OPTIMAL,1923801.00,1923801.00,0.00000000,196.67,197.08,-1.00,-1.00,-1.00,1183,-1.00,1923801.00,1,13.0.2,logs/PSC1-C1-50-5_m1_exact-var1_s0_20260801-132939.gurobi.log
20260801-133256,PSC5-C1-50-5,exact-var1,1,0,16,1800,OPTIMAL,1895151.00,1895151.00,0.00000000,908.61,909.04,-1.00,-1.00,-1.00,2176,-1.00,1895151.00,1,13.0.2,logs/PSC5-C1-50-5_m1_exact-var1_s0_20260801-133256.gurobi.log
20260801-134806,PSC4-C1-100-5,exact-var2,1,0,16,1800,OPTIMAL,3779530.00,3779530.00,0.00000000,91.42,92.93,-1.00,-1.00,-1.00,508,-1.00,3779530.00,1,13.0.2,logs/PSC4-C1-100-5_m1_exact-var2_s0_20260801-134806.gurobi.log
20260801-134939,PSC4-C1-50-5,exact-var2,1,0,16,1800,OPTIMAL,1909659.00,1909659.00,0.00000000,201.73,202.12,-1.00,-1.00,-1.00,793,-1.00,1909659.00,1,13.0.2,logs/PSC4-C1-50-5_m1_exact-var2_s0_20260801-134939.gurobi.log
20260801-135301,PSC5-C1-100-5,exact-var2,1,0,16,1800,OPTIMAL,3797750.00,3797750.00,0.00000000,220.50,222.04,-1.00,-1.00,-1.00,363,-1.00,3797750.00,1,13.0.2,logs/PSC5-C1-100-5_m1_exact-var2_s0_20260801-135301.gurobi.log
20260801-135643,PSC1-C1-50-5,exact-var2,1,0,16,1800,OPTIMAL,1923801.00,1923801.00,0.00000000,201.27,201.66,-1.00,-1.00,-1.00,1183,-1.00,1923801.00,1,13.0.2,logs/PSC1-C1-50-5_m1_exact-var2_s0_20260801-135643.gurobi.log
20260801-140005,PSC5-C1-50-5,exact-var2,1,0,16,1800,OPTIMAL,1895151.00,1895151.00,0.00000000,916.78,917.21,-1.00,-1.00,-1.00,2176,-1.00,1895151.00,1,13.0.2,logs/PSC5-C1-50-5_m1_exact-var2_s0_20260801-140005.gurobi.log
20260801-141523,PSC4-C1-100-5,exact-var3,1,0,16,1800,OPTIMAL,3779530.00,3779530.00,0.00000000,90.52,92.08,-1.00,-1.00,-1.00,508,-1.00,3779530.00,1,13.0.2,logs/PSC4-C1-100-5_m1_exact-var3_s0_20260801-141523.gurobi.log
20260801-141655,PSC4-C1-50-5,exact-var3,1,0,16,1800,OPTIMAL,1909659.00,1909659.00,0.00000000,203.77,204.16,-1.00,-1.00,-1.00,793,-1.00,1909659.00,1,13.0.2,logs/PSC4-C1-50-5_m1_exact-var3_s0_20260801-141655.gurobi.log
20260801-142020,PSC5-C1-100-5,exact-var3,1,0,16,1800,OPTIMAL,3797750.00,3797750.00,0.00000000,220.05,221.63,-1.00,-1.00,-1.00,363,-1.00,3797750.00,1,13.0.2,logs/PSC5-C1-100-5_m1_exact-var3_s0_20260801-142020.gurobi.log
20260801-142401,PSC1-C1-50-5,exact-var3,1,0,16,1800,OPTIMAL,1923801.00,1923801.00,0.00000000,202.45,202.85,-1.00,-1.00,-1.00,1183,-1.00,1923801.00,1,13.0.2,logs/PSC1-C1-50-5_m1_exact-var3_s0_20260801-142401.gurobi.log
20260801-142724,PSC5-C1-50-5,exact-var3,1,0,16,1800,OPTIMAL,1895151.00,1895151.00,0.00000000,927.39,927.82,-1.00,-1.00,-1.00,2176,-1.00,1895151.00,1,13.0.2,logs/PSC5-C1-50-5_m1_exact-var3_s0_20260801-142724.gurobi.log
20260801-175414,PSC4-C1-100-10,exact-cert,2,0,16,14400,OPTIMAL,6524060.00,6524060.00,0.00000000,13762.81,14367.25,6516636.70,6559573.00,603.16,1364,6559573.00,6524060.00,1,13.0.2,logs/PSC4-C1-100-10_m2_exact-cert_s0_20260801-175414.gurobi.log
20260801-215344,PSC1-C1-100-5,exact-cert2,1,0,16,3600,OPTIMAL,3788735.00,3788735.00,0.00000000,2751.72,2753.29,-1.00,-1.00,-1.00,1017,-1.00,3788735.00,1,13.0.2,logs/PSC1-C1-100-5_m1_exact-cert2_s0_20260801-215344.gurobi.log
20260801-223938,PSC2-C1-100-5,exact-cert2,2,0,16,28800,FEASIBLE,3778181.00,3777957.25,0.00005922,28197.18,28804.72,3773046.22,4411134.00,601.93,1304,4411134.00,3778181.00,1,13.0.2,logs/PSC2-C1-100-5_m2_exact-cert2_s0_20260801-223938.gurobi.log
20260802-063943,PSC2-C1-50-5,exact-cert2,1,0,16,28800,FEASIBLE,1930280.00,1929399.66,0.00045607,28801.22,28804.95,-1.00,-1.00,-1.00,12920,-1.00,1930280.00,1,13.0.2,logs/PSC2-C1-50-5_m1_exact-cert2_s0_20260802-063943.gurobi.log
20260802-143948,PSC3-C1-100-10,exact-cert2,1,0,16,3600,FEASIBLE,6517199.00,6516230.49,0.00014861,3598.38,3602.36,-1.00,-1.00,-1.00,934,-1.00,6517199.00,1,13.0.2,logs/PSC3-C1-100-10_m1_exact-cert2_s0_20260802-143948.gurobi.log
20260802-153951,PSC3-C1-100-5,exact-cert2,2,0,16,3600,FEASIBLE,3786682.00,3786369.81,0.00008244,3056.57,3602.33,3781160.42,4323442.00,542.42,643,4323442.00,3786682.00,1,13.0.2,logs/PSC3-C1-100-5_m2_exact-cert2_s0_20260802-153951.gurobi.log
20260802-163953,PSC3-C1-50-5,exact-cert2,1,0,16,28800,FEASIBLE,1930380.00,1929710.33,0.00034691,28800.07,28802.82,-1.00,-1.00,-1.00,4094,-1.00,1930380.00,1,13.0.2,logs/PSC3-C1-50-5_m1_exact-cert2_s0_20260802-163953.gurobi.log
20260803-003959,PSC5-C1-50-5,exact-cert2,1,0,16,3600,FEASIBLE,1895151.00,1894589.98,0.00029603,3600.07,3601.22,-1.00,-1.00,-1.00,7643,-1.00,1895151.00,1,13.0.2,logs/PSC5-C1-50-5_m1_exact-cert2_s0_20260803-003959.gurobi.log
20260805-010304,PSC1-C1-50-5,exact,1,0,16,1800,OPTIMAL,1923801.00,1923801.00,0.00000000,212.02,212.43,-1.00,-1.00,-1.00,1183,-1.00,1923801.00,1,13.0.2,logs/PSC1-C1-50-5_m1_exact_s0_20260805-010304.gurobi.log
20260805-010637,PSC1-C1-50-5,exact,2,0,16,1800,OPTIMAL,1923801.00,1923801.00,0.00000000,535.59,806.64,1915223.49,1949095.00,270.52,2384,1949095.00,1923801.00,1,13.0.2,logs/PSC1-C1-50-5_m2_exact_s0_20260805-010637.gurobi.log
20260805-012003,PSC1-C1-50-5,exact-nowarm,2,0,16,1800,OPTIMAL,1923801.00,1923801.00,0.00000000,639.43,910.62,1079801.00,1978219.00,270.59,3389,1978219.00,1923801.00,1,13.0.2,logs/PSC1-C1-50-5_m2_exact-nowarm_s0_20260805-012003.gurobi.log
20260805-013514,PSC1-C1-50-5,exact-nostart,2,0,16,1800,OPTIMAL,1923801.00,1923801.00,0.00000000,910.31,1181.33,1915223.49,1949095.00,270.53,2915,1949095.00,1923801.00,1,13.0.2,logs/PSC1-C1-50-5_m2_exact-nostart_s0_20260805-013514.gurobi.log
20260805-015456,PSC1-C1-50-5,exact-noldb,2,0,16,1800,OPTIMAL,1923801.00,1923801.00,0.00000000,235.44,506.41,1915223.49,1949095.00,270.50,1018,1949095.00,1923801.00,1,13.0.2,logs/PSC1-C1-50-5_m2_exact-noldb_s0_20260805-015456.gurobi.log
20260805-020322,PSC1-C2-50-5,exact,1,0,16,1800,FEASIBLE,1652895.00,1618816.14,0.02061768,1800.06,1801.04,-1.00,-1.00,-1.00,17640,-1.00,1652895.00,1,13.0.2,logs/PSC1-C2-50-5_m1_exact_s0_20260805-020322.gurobi.log
20260805-023323,PSC1-C2-50-5,exact,2,0,16,1800,FEASIBLE,1645528.00,1625397.75,0.01223331,1531.05,1802.21,1625397.75,1719011.00,270.42,15388,1719011.00,1645528.00,1,13.0.2,logs/PSC1-C2-50-5_m2_exact_s0_20260805-023323.gurobi.log
20260805-030325,PSC1-C2-50-5,exact-nowarm,2,0,16,1800,FEASIBLE,1649496.00,1619053.35,0.01845573,1529.64,1801.17,946215.74,1666264.00,270.59,16611,1666264.00,1649496.00,1,13.0.2,logs/PSC1-C2-50-5_m2_exact-nowarm_s0_20260805-030325.gurobi.log
20260805-033327,PSC1-C2-50-5,exact-nostart,2,0,16,1800,FEASIBLE,1648144.00,1625397.15,0.01380150,1532.98,1804.22,1625397.15,1717490.00,270.39,15658,1717490.00,1648144.00,1,13.0.2,logs/PSC1-C2-50-5_m2_exact-nostart_s0_20260805-033327.gurobi.log
20260805-040331,PSC1-C2-50-5,exact-noldb,2,0,16,1800,FEASIBLE,1645741.00,1620613.71,0.01526807,1530.43,1801.79,1625397.15,1719011.00,270.40,13518,1719011.00,1645741.00,1,13.0.2,logs/PSC1-C2-50-5_m2_exact-noldb_s0_20260805-040331.gurobi.log
20260805-043333,PSC1-C3-50-5,exact,1,0,16,1800,FEASIBLE,13162966.00,12818834.78,0.02614390,1804.57,1805.39,-1.00,-1.00,-1.00,31749,-1.00,13162966.00,1,13.0.2,logs/PSC1-C3-50-5_m1_exact_s0_20260805-043333.gurobi.log
20260805-050339,PSC1-C3-50-5,exact,2,0,16,1800,FEASIBLE,13109694.00,12985161.16,0.00949929,1532.45,1804.18,12985161.16,13412932.00,270.46,38971,13412932.00,13109694.00,1,13.0.2,logs/PSC1-C3-50-5_m2_exact_s0_20260805-050339.gurobi.log
20260805-053343,PSC1-C3-50-5,exact-nowarm,2,0,16,1800,FEASIBLE,13072861.00,12818688.92,0.01944273,0.00,1803.18,12396818.96,13072861.00,270.56,27410,13072861.00,13072861.00,1,13.0.2,logs/PSC1-C3-50-5_m2_exact-nowarm_s0_20260805-053343.gurobi.log
20260805-060346,PSC1-C3-50-5,exact-nostart,2,0,16,1800,FEASIBLE,13086352.00,12985161.16,0.00773255,1531.62,1803.36,12985161.16,13412932.00,270.45,38977,13412932.00,13086352.00,1,13.0.2,logs/PSC1-C3-50-5_m2_exact-nostart_s0_20260805-060346.gurobi.log
20260805-063350,PSC1-C3-50-5,exact-noldb,2,0,16,1800,FEASIBLE,13229078.00,12818685.13,0.03102203,1533.85,1805.28,12985161.16,13412932.00,270.48,28296,13412932.00,13229078.00,1,13.0.2,logs/PSC1-C3-50-5_m2_exact-noldb_s0_20260805-063350.gurobi.log
20260805-070355,PSC1-C4-50-5,exact,1,0,16,1800,FEASIBLE,1904762.00,1789563.94,0.06047898,1801.12,1801.68,-1.00,-1.00,-1.00,17631,-1.00,1904762.00,1,13.0.2,logs/PSC1-C4-50-5_m1_exact_s0_20260805-070355.gurobi.log
20260805-073357,PSC1-C4-50-5,exact,2,0,16,1800,FEASIBLE,1908608.00,1841173.84,0.03533159,1532.91,1804.13,1841173.84,2351022.00,270.22,23259,2351022.00,1908608.00,1,13.0.2,logs/PSC1-C4-50-5_m2_exact_s0_20260805-073357.gurobi.log
20260805-080401,PSC1-C4-50-5,exact-nowarm,2,0,16,1800,FEASIBLE,1904971.00,1785535.27,0.06269688,1532.06,1803.11,907198.12,1943370.00,270.46,16942,1943370.00,1904971.00,1,13.0.2,logs/PSC1-C4-50-5_m2_exact-nowarm_s0_20260805-080401.gurobi.log
20260805-083404,PSC1-C4-50-5,exact-nostart,2,0,16,1800,FEASIBLE,1915245.00,1841173.84,0.03867451,1531.94,1803.18,1841173.84,2351022.00,270.22,23379,2351022.00,1915245.00,1,13.0.2,logs/PSC1-C4-50-5_m2_exact-nostart_s0_20260805-083404.gurobi.log
20260805-090407,PSC1-C4-50-5,exact-noldb,2,0,16,1800,FEASIBLE,1909892.00,1785939.76,0.06490013,1529.77,1800.59,1841173.84,2351022.00,270.24,16894,2351022.00,1909892.00,1,13.0.2,logs/PSC1-C4-50-5_m2_exact-noldb_s0_20260805-090407.gurobi.log
20260805-093408,PSC1-C5-50-5,exact,1,0,16,1800,FEASIBLE,13166927.00,12974457.17,0.01461767,1803.37,1804.27,-1.00,-1.00,-1.00,21012,-1.00,13166927.00,1,13.0.2,logs/PSC1-C5-50-5_m1_exact_s0_20260805-093408.gurobi.log
20260805-100412,PSC1-C5-50-5,exact,2,0,16,1800,FEASIBLE,13171426.00,13091144.17,0.00609515,1531.08,1802.87,13091144.17,13282794.00,270.28,34579,13282794.00,13171426.00,1,13.0.2,logs/PSC1-C5-50-5_m2_exact_s0_20260805-100412.gurobi.log
20260805-103415,PSC1-C5-50-5,exact-nowarm,2,0,16,1800,FEASIBLE,13162437.00,12974125.37,0.01430675,0.00,1803.02,12410999.32,13162437.00,270.50,18460,13162437.00,13162437.00,1,13.0.2,logs/PSC1-C5-50-5_m2_exact-nowarm_s0_20260805-103415.gurobi.log
20260805-110419,PSC1-C5-50-5,exact-nostart,2,0,16,1800,FEASIBLE,13175514.00,13091144.17,0.00640353,1530.75,1802.49,13091144.17,13282794.00,270.46,33237,13282794.00,13175514.00,1,13.0.2,logs/PSC1-C5-50-5_m2_exact-nostart_s0_20260805-110419.gurobi.log
20260805-113421,PSC1-C5-50-5,exact-noldb,2,0,16,1800,FEASIBLE,13170020.00,12972320.19,0.01501135,1531.22,1802.37,13091144.17,13282794.00,270.26,20342,13282794.00,13170020.00,1,13.0.2,logs/PSC1-C5-50-5_m2_exact-noldb_s0_20260805-113421.gurobi.log
20260805-120424,PSC2-C1-50-5,exact,1,0,16,1800,FEASIBLE,1930514.00,1928676.28,0.00095193,1799.89,1800.79,-1.00,-1.00,-1.00,2825,-1.00,1930514.00,1,13.0.2,logs/PSC2-C1-50-5_m1_exact_s0_20260805-120424.gurobi.log
20260805-123424,PSC2-C1-50-5,exact,2,0,16,1800,FEASIBLE,1934076.00,1927424.90,0.00343890,1529.12,1800.81,1921835.26,1955290.00,270.70,3174,1955290.00,1934076.00,1,13.0.2,logs/PSC2-C1-50-5_m2_exact_s0_20260805-123424.gurobi.log
20260805-130425,PSC2-C1-50-5,exact-nowarm,2,0,16,1800,FEASIBLE,1931116.00,1928350.47,0.00143209,1529.11,1805.26,1082833.95,1992573.00,270.79,4122,1992573.00,1931116.00,1,13.0.2,logs/PSC2-C1-50-5_m2_exact-nowarm_s0_20260805-130425.gurobi.log
20260805-133431,PSC2-C1-50-5,exact-nostart,2,0,16,1800,FEASIBLE,1931170.00,1927608.23,0.00184436,1529.27,1801.15,1921835.26,1955290.00,270.50,1782,1955290.00,1931170.00,1,13.0.2,logs/PSC2-C1-50-5_m2_exact-nostart_s0_20260805-133431.gurobi.log
20260805-140432,PSC2-C1-50-5,exact-noldb,2,0,16,1800,FEASIBLE,1931210.00,1927870.11,0.00172943,1529.36,1800.74,1921835.26,1955290.00,270.50,3042,1955290.00,1931210.00,1,13.0.2,logs/PSC2-C1-50-5_m2_exact-noldb_s0_20260805-140432.gurobi.log
20260805-143433,PSC2-C2-50-5,exact,1,0,16,1800,FEASIBLE,1644649.00,1628711.88,0.00969029,1800.07,1800.44,-1.00,-1.00,-1.00,13534,-1.00,1644649.00,1,13.0.2,logs/PSC2-C2-50-5_m1_exact_s0_20260805-143433.gurobi.log
20260805-150433,PSC2-C2-50-5,exact,2,0,16,1800,FEASIBLE,1647921.00,1628910.82,0.01153586,0.00,1802.54,1628910.82,1647921.00,270.52,11261,1647921.00,1647921.00,1,13.0.2,logs/PSC2-C2-50-5_m2_exact_s0_20260805-150433.gurobi.log
20260805-153436,PSC2-C2-50-5,exact-nowarm,2,0,16,1800,FEASIBLE,1646594.00,1626029.63,0.01248904,1530.93,1802.59,951057.65,1671158.00,270.71,11429,1671158.00,1646594.00,1,13.0.2,logs/PSC2-C2-50-5_m2_exact-nowarm_s0_20260805-153436.gurobi.log
20260805-160439,PSC2-C2-50-5,exact-nostart,2,0,16,1800,FEASIBLE,1645603.00,1628948.17,0.01012081,1530.84,1802.80,1628948.17,1648547.00,270.66,10287,1648547.00,1645603.00,1,13.0.2,logs/PSC2-C2-50-5_m2_exact-nostart_s0_20260805-160439.gurobi.log
20260805-163442,PSC2-C2-50-5,exact-noldb,2,0,16,1800,FEASIBLE,1645994.00,1626345.03,0.01193745,1529.74,1801.69,1628843.95,1647921.00,270.72,11235,1647921.00,1645994.00,1,13.0.2,logs/PSC2-C2-50-5_m2_exact-noldb_s0_20260805-163442.gurobi.log
20260805-170443,PSC2-C3-50-5,exact,1,0,16,1800,FEASIBLE,13179937.00,12826293.83,0.02683193,1805.52,1806.18,-1.00,-1.00,-1.00,25758,-1.00,13179937.00,1,13.0.2,logs/PSC2-C3-50-5_m1_exact_s0_20260805-170443.gurobi.log
20260805-173450,PSC2-C3-50-5,exact,2,0,16,1800,FEASIBLE,13103524.00,12991996.98,0.00851122,1533.07,1804.81,12991996.98,13291276.00,270.49,35465,13291276.00,13103524.00,1,13.0.2,logs/PSC2-C3-50-5_m2_exact_s0_20260805-173450.gurobi.log
20260805-180455,PSC2-C3-50-5,exact-nowarm,2,0,16,1800,FEASIBLE,13077757.00,12826447.45,0.01921656,0.00,1801.50,12404596.74,13077757.00,270.50,23480,13077757.00,13077757.00,1,13.0.2,logs/PSC2-C3-50-5_m2_exact-nowarm_s0_20260805-180455.gurobi.log
20260805-183456,PSC2-C3-50-5,exact-nostart,2,0,16,1800,FEASIBLE,13111800.00,12991996.98,0.00913704,1536.04,1808.04,12991996.98,13297208.00,270.71,35032,13297208.00,13111800.00,1,13.0.2,logs/PSC2-C3-50-5_m2_exact-nostart_s0_20260805-183456.gurobi.log
20260805-190504,PSC2-C3-50-5,exact-noldb,2,0,16,1800,FEASIBLE,13210657.00,12826415.09,0.02908575,1535.20,1806.76,12991996.98,13297208.00,270.57,23802,13297208.00,13210657.00,1,13.0.2,logs/PSC2-C3-50-5_m2_exact-noldb_s0_20260805-190504.gurobi.log
20260805-193511,PSC2-C4-50-5,exact,1,0,16,1800,FEASIBLE,1926958.00,1788983.88,0.07160204,1803.70,1804.14,-1.00,-1.00,-1.00,16330,-1.00,1926958.00,1,13.0.2,logs/PSC2-C4-50-5_m1_exact_s0_20260805-193511.gurobi.log
20260805-200516,PSC2-C4-50-5,exact,2,0,16,1800,FEASIBLE,1915379.00,1842151.75,0.03823120,1530.21,1801.62,1842151.75,2088558.00,270.33,20298,2088558.00,1915379.00,1,13.0.2,logs/PSC2-C4-50-5_m2_exact_s0_20260805-200516.gurobi.log
20260805-203517,PSC2-C4-50-5,exact-nowarm,2,0,16,1800,FEASIBLE,1907205.00,1788489.38,0.06224586,1531.04,1801.98,909358.50,1927911.00,270.34,12606,1927911.00,1907205.00,1,13.0.2,logs/PSC2-C4-50-5_m2_exact-nowarm_s0_20260805-203517.gurobi.log
20260805-210519,PSC2-C4-50-5,exact-nostart,2,0,16,1800,FEASIBLE,1920380.00,1842151.75,0.04073582,1532.99,1804.63,1842151.75,2088558.00,270.59,22021,2088558.00,1920380.00,1,13.0.2,logs/PSC2-C4-50-5_m2_exact-nostart_s0_20260805-210519.gurobi.log
20260805-213524,PSC2-C4-50-5,exact-noldb,2,0,16,1800,FEASIBLE,1923245.00,1787091.77,0.07079349,1530.14,1801.19,1842151.75,2088558.00,270.30,15727,2088558.00,1923245.00,1,13.0.2,logs/PSC2-C4-50-5_m2_exact-noldb_s0_20260805-213524.gurobi.log
20260805-220525,PSC2-C5-50-5,exact,1,0,16,1800,FEASIBLE,13098582.00,12916948.76,0.01386663,1800.26,1801.24,-1.00,-1.00,-1.00,19333,-1.00,13098582.00,1,13.0.2,logs/PSC2-C5-50-5_m1_exact_s0_20260805-220525.gurobi.log
20260805-223527,PSC2-C5-50-5,exact,2,0,16,1800,FEASIBLE,13115482.00,13033524.08,0.00624894,1533.31,1804.93,13033524.08,13206964.00,270.30,33193,13206964.00,13115482.00,1,13.0.2,logs/PSC2-C5-50-5_m2_exact_s0_20260805-223527.gurobi.log
20260805-230532,PSC2-C5-50-5,exact-nowarm,2,0,16,1800,FEASIBLE,13112485.00,12914338.53,0.01511128,0.00,1802.67,12361729.44,13112485.00,270.31,18548,13112485.00,13112485.00,1,13.0.2,logs/PSC2-C5-50-5_m2_exact-nowarm_s0_20260805-230532.gurobi.log
20260805-233534,PSC2-C5-50-5,exact-nostart,2,0,16,1800,FEASIBLE,13125932.00,13033524.08,0.00704010,1531.65,1803.28,13033524.08,13206964.00,270.32,33290,13206964.00,13125932.00,1,13.0.2,logs/PSC2-C5-50-5_m2_exact-nostart_s0_20260805-233534.gurobi.log
20260806-000538,PSC2-C5-50-5,exact-noldb,2,0,16,1800,FEASIBLE,13107513.00,12915068.23,0.01468202,1530.32,1802.02,13033524.08,13206964.00,270.51,21009,13206964.00,13107513.00,1,13.0.2,logs/PSC2-C5-50-5_m2_exact-noldb_s0_20260806-000538.gurobi.log
20260806-003540,PSC3-C1-50-5,exact,1,0,16,1800,FEASIBLE,1931526.00,1929128.17,0.00124142,1800.02,1801.41,-1.00,-1.00,-1.00,4051,-1.00,1931526.00,1,13.0.2,logs/PSC3-C1-50-5_m1_exact_s0_20260806-003540.gurobi.log
20260806-010541,PSC3-C1-50-5,exact,2,0,16,1800,FEASIBLE,1930871.00,1928904.33,0.00101854,1528.99,1803.18,1922867.88,1953349.00,270.68,1869,1953349.00,1930871.00,1,13.0.2,logs/PSC3-C1-50-5_m2_exact_s0_20260806-010541.gurobi.log
20260806-013545,PSC3-C1-50-5,exact-nowarm,2,0,16,1800,FEASIBLE,1930871.00,1928990.64,0.00097384,1528.98,1799.18,1082877.48,1977376.00,270.70,2218,1977376.00,1930871.00,1,13.0.2,logs/PSC3-C1-50-5_m2_exact-nowarm_s0_20260806-013545.gurobi.log
20260806-020547,PSC3-C1-50-5,exact-nostart,2,0,16,1800,FEASIBLE,1931313.00,1928947.48,0.00122483,1529.11,1802.25,1922869.98,1953349.00,270.77,3067,1953349.00,1931313.00,1,13.0.2,logs/PSC3-C1-50-5_m2_exact-nostart_s0_20260806-020547.gurobi.log
20260806-023550,PSC3-C1-50-5,exact-noldb,2,0,16,1800,FEASIBLE,1930380.00,1929136.36,0.00064424,1528.32,1802.05,1922867.88,1953349.00,271.35,2455,1953349.00,1930380.00,1,13.0.2,logs/PSC3-C1-50-5_m2_exact-noldb_s0_20260806-023550.gurobi.log
20260806-030552,PSC3-C2-50-5,exact,1,0,16,1800,FEASIBLE,1648330.00,1622634.05,0.01558908,1801.27,1802.11,-1.00,-1.00,-1.00,16066,-1.00,1648330.00,1,13.0.2,logs/PSC3-C2-50-5_m1_exact_s0_20260806-030552.gurobi.log
20260806-033554,PSC3-C2-50-5,exact,2,0,16,1800,FEASIBLE,1644411.00,1627750.82,0.01013140,1530.22,1801.45,1627750.82,1728830.00,270.37,13891,1728830.00,1644411.00,1,13.0.2,logs/PSC3-C2-50-5_m2_exact_s0_20260806-033554.gurobi.log
20260806-040556,PSC3-C2-50-5,exact-nowarm,2,0,16,1800,FEASIBLE,1641251.00,1622902.39,0.01117965,1531.52,1803.72,947461.61,1667007.00,270.49,10752,1667007.00,1641251.00,1,13.0.2,logs/PSC3-C2-50-5_m2_exact-nowarm_s0_20260806-040556.gurobi.log
20260806-043559,PSC3-C2-50-5,exact-nostart,2,0,16,1800,FEASIBLE,1642316.00,1627750.82,0.00886868,1531.75,1803.26,1627750.82,1728830.00,270.66,12838,1728830.00,1642316.00,1,13.0.2,logs/PSC3-C2-50-5_m2_exact-nostart_s0_20260806-043559.gurobi.log
20260806-050603,PSC3-C2-50-5,exact-noldb,2,0,16,1800,FEASIBLE,1644808.00,1623117.31,0.01318737,1530.61,1802.06,1627750.82,1728830.00,270.33,13240,1728830.00,1644808.00,1,13.0.2,logs/PSC3-C2-50-5_m2_exact-noldb_s0_20260806-050603.gurobi.log
20260806-053605,PSC3-C3-50-5,exact,1,0,16,1800,FEASIBLE,13182049.00,12749238.52,0.03283332,1806.60,1807.35,-1.00,-1.00,-1.00,30865,-1.00,13182049.00,1,13.0.2,logs/PSC3-C3-50-5_m1_exact_s0_20260806-053605.gurobi.log
20260806-060612,PSC3-C3-50-5,exact,2,0,16,1800,FEASIBLE,13025649.00,12916172.92,0.00840465,1534.36,1805.95,12916172.92,13210635.00,270.46,37182,13210635.00,13025649.00,1,13.0.2,logs/PSC3-C3-50-5_m2_exact_s0_20260806-060612.gurobi.log
20260806-063618,PSC3-C3-50-5,exact-nowarm,2,0,16,1800,FEASIBLE,13004771.00,12749328.21,0.01964224,0.00,1801.86,12331499.80,13004771.00,270.46,27025,13004771.00,13004771.00,1,13.0.2,logs/PSC3-C3-50-5_m2_exact-nowarm_s0_20260806-063618.gurobi.log
20260806-070620,PSC3-C3-50-5,exact-nostart,2,0,16,1800,FEASIBLE,13035880.00,12916172.92,0.00918289,1531.08,1802.82,12916172.92,13210635.00,270.50,40022,13210635.00,13035880.00,1,13.0.2,logs/PSC3-C3-50-5_m2_exact-nostart_s0_20260806-070620.gurobi.log
20260806-073623,PSC3-C3-50-5,exact-noldb,2,0,16,1800,FEASIBLE,13117751.00,12749190.05,0.02809635,1535.14,1806.46,12916172.92,13210635.00,270.46,27144,13210635.00,13117751.00,1,13.0.2,logs/PSC3-C3-50-5_m2_exact-noldb_s0_20260806-073623.gurobi.log
20260806-080630,PSC3-C4-50-5,exact,1,0,16,1800,FEASIBLE,1906795.00,1784157.29,0.06431615,1803.95,1804.55,-1.00,-1.00,-1.00,18284,-1.00,1906795.00,1,13.0.2,logs/PSC3-C4-50-5_m1_exact_s0_20260806-080630.gurobi.log
20260806-083634,PSC3-C4-50-5,exact,2,0,16,1800,FEASIBLE,1901787.00,1840905.39,0.03201284,1530.92,1802.32,1840905.39,2112211.00,270.27,22017,2112211.00,1901787.00,1,13.0.2,logs/PSC3-C4-50-5_m2_exact_s0_20260806-083634.gurobi.log
20260806-090637,PSC3-C4-50-5,exact-nowarm,2,0,16,1800,FEASIBLE,1914613.00,1782851.71,0.06881876,1530.17,1801.17,907954.84,1931872.00,270.30,16079,1931872.00,1914613.00,1,13.0.2,logs/PSC3-C4-50-5_m2_exact-nowarm_s0_20260806-090637.gurobi.log
20260806-093638,PSC3-C4-50-5,exact-nostart,2,0,16,1800,FEASIBLE,1902448.00,1840905.39,0.03234917,1529.91,1801.41,1840905.39,2112211.00,270.47,21959,2112211.00,1902448.00,1,13.0.2,logs/PSC3-C4-50-5_m2_exact-nostart_s0_20260806-093638.gurobi.log
20260806-100640,PSC3-C4-50-5,exact-noldb,2,0,16,1800,FEASIBLE,1916191.00,1788071.98,0.06686130,1534.29,1805.32,1840905.39,2112211.00,270.50,16334,2112211.00,1916191.00,1,13.0.2,logs/PSC3-C4-50-5_m2_exact-noldb_s0_20260806-100640.gurobi.log
20260806-103645,PSC3-C5-50-5,exact,1,0,16,1800,FEASIBLE,13160674.00,12964568.20,0.01490089,1803.00,1803.72,-1.00,-1.00,-1.00,21746,-1.00,13160674.00,1,13.0.2,logs/PSC3-C5-50-5_m1_exact_s0_20260806-103645.gurobi.log
20260806-110649,PSC3-C5-50-5,exact,2,0,16,1800,FEASIBLE,13166404.00,13081516.51,0.00644728,1530.45,1801.87,13081516.51,13173552.00,270.25,32232,13173552.00,13166404.00,1,13.0.2,logs/PSC3-C5-50-5_m2_exact_s0_20260806-110649.gurobi.log
20260806-113651,PSC3-C5-50-5,exact-nowarm,2,0,16,1800,FEASIBLE,13154676.00,12956545.56,0.01506160,0.00,1801.30,12403095.85,13154676.00,270.33,17348,13154676.00,13154676.00,1,13.0.2,logs/PSC3-C5-50-5_m2_exact-nowarm_s0_20260806-113651.gurobi.log
20260806-120652,PSC3-C5-50-5,exact-nostart,2,0,16,1800,FEASIBLE,13167863.00,13081516.51,0.00655737,1533.72,1805.72,13081516.51,13173552.00,270.56,31944,13173552.00,13167863.00,1,13.0.2,logs/PSC3-C5-50-5_m2_exact-nostart_s0_20260806-120652.gurobi.log
20260806-123658,PSC3-C5-50-5,exact-noldb,2,0,16,1800,FEASIBLE,13157172.00,12961723.92,0.01485487,1531.74,1802.98,13081516.51,13173552.00,270.31,19421,13173552.00,13157172.00,1,13.0.2,logs/PSC3-C5-50-5_m2_exact-noldb_s0_20260806-123658.gurobi.log
20260806-130701,PSC4-C1-50-5,exact,1,0,16,1800,OPTIMAL,1909659.00,1909659.00,0.00000000,247.24,247.68,-1.00,-1.00,-1.00,793,-1.00,1909659.00,1,13.0.2,logs/PSC4-C1-50-5_m1_exact_s0_20260806-130701.gurobi.log
20260806-131109,PSC4-C1-50-5,exact,2,0,16,1800,OPTIMAL,1909659.00,1909659.00,0.00000000,752.82,1025.24,1906438.38,1936975.00,270.92,940,1936975.00,1909659.00,1,13.0.2,logs/PSC4-C1-50-5_m2_exact_s0_20260806-131109.gurobi.log
20260806-132814,PSC4-C1-50-5,exact-nowarm,2,0,16,1800,OPTIMAL,1909659.00,1909659.00,0.00000000,377.40,648.42,1080431.00,1951845.00,270.47,1519,1951845.00,1909659.00,1,13.0.2,logs/PSC4-C1-50-5_m2_exact-nowarm_s0_20260806-132814.gurobi.log
20260806-133903,PSC4-C1-50-5,exact-nostart,2,0,16,1800,OPTIMAL,1909659.00,1909659.00,0.00000000,744.33,1016.51,1906423.10,1936975.00,270.67,1745,1936975.00,1909659.00,1,13.0.2,logs/PSC4-C1-50-5_m2_exact-nostart_s0_20260806-133903.gurobi.log
20260806-135559,PSC4-C1-50-5,exact-noldb,2,0,16,1800,OPTIMAL,1909659.00,1909659.00,0.00000000,944.40,1216.77,1906430.86,1936975.00,270.84,931,1936975.00,1909659.00,1,13.0.2,logs/PSC4-C1-50-5_m2_exact-noldb_s0_20260806-135559.gurobi.log
20260806-141616,PSC4-C2-50-5,exact,1,0,16,1800,FEASIBLE,1649537.00,1625942.35,0.01430380,1800.28,1800.91,-1.00,-1.00,-1.00,13935,-1.00,1649537.00,1,13.0.2,logs/PSC4-C2-50-5_m1_exact_s0_20260806-141616.gurobi.log
20260806-144617,PSC4-C2-50-5,exact,2,0,16,1800,FEASIBLE,1651388.00,1632651.56,0.01134587,1532.16,1803.48,1632651.56,1677154.00,270.49,14891,1677154.00,1651388.00,1,13.0.2,logs/PSC4-C2-50-5_m2_exact_s0_20260806-144617.gurobi.log
20260806-151621,PSC4-C2-50-5,exact-nowarm,2,0,16,1800,FEASIBLE,1650178.00,1625479.42,0.01496722,1530.81,1802.60,951972.45,1670765.00,270.78,13150,1670765.00,1650178.00,1,13.0.2,logs/PSC4-C2-50-5_m2_exact-nowarm_s0_20260806-151621.gurobi.log
20260806-154623,PSC4-C2-50-5,exact-nostart,2,0,16,1800,FEASIBLE,1654287.00,1632651.56,0.01307841,1532.82,1804.19,1632651.56,1677154.00,270.42,15934,1677154.00,1654287.00,1,13.0.2,logs/PSC4-C2-50-5_m2_exact-nostart_s0_20260806-154623.gurobi.log
20260806-161628,PSC4-C2-50-5,exact-noldb,2,0,16,1800,FEASIBLE,1649454.00,1627661.41,0.01321200,1529.61,1801.40,1632651.56,1677154.00,270.40,10374,1677154.00,1649454.00,1,13.0.2,logs/PSC4-C2-50-5_m2_exact-noldb_s0_20260806-161628.gurobi.log
20260806-164629,PSC4-C3-50-5,exact,1,0,16,1800,FEASIBLE,13150504.00,12821796.33,0.02499582,1800.54,1801.37,-1.00,-1.00,-1.00,27594,-1.00,13150504.00,1,13.0.2,logs/PSC4-C3-50-5_m1_exact_s0_20260806-164629.gurobi.log
20260806-171631,PSC4-C3-50-5,exact,2,0,16,1800,FEASIBLE,13112527.00,12986064.17,0.00964443,1535.27,1807.04,12986064.17,13234003.00,270.40,34697,13234003.00,13112527.00,1,13.0.2,logs/PSC4-C3-50-5_m2_exact_s0_20260806-171631.gurobi.log
20260806-174638,PSC4-C3-50-5,exact-nowarm,2,0,16,1800,FEASIBLE,13073530.00,12821478.64,0.01927952,0.00,1807.62,12401534.37,13073530.00,270.56,19725,13073530.00,13073530.00,1,13.0.2,logs/PSC4-C3-50-5_m2_exact-nowarm_s0_20260806-174638.gurobi.log
20260806-181646,PSC4-C3-50-5,exact-nostart,2,0,16,1800,FEASIBLE,13117069.00,12986064.17,0.00998736,1536.12,1807.66,12986064.17,13234003.00,270.39,34554,13234003.00,13117069.00,1,13.0.2,logs/PSC4-C3-50-5_m2_exact-nostart_s0_20260806-181646.gurobi.log
20260806-184653,PSC4-C3-50-5,exact-noldb,2,0,16,1800,FEASIBLE,13229762.00,12821679.45,0.03084580,1530.94,1802.35,12986064.17,13234003.00,270.54,23490,13234003.00,13229762.00,1,13.0.2,logs/PSC4-C3-50-5_m2_exact-noldb_s0_20260806-184653.gurobi.log
20260806-191656,PSC4-C4-50-5,exact,1,0,16,1800,FEASIBLE,1913754.00,1776960.15,0.07147933,1805.42,1805.97,-1.00,-1.00,-1.00,14810,-1.00,1913754.00,1,13.0.2,logs/PSC4-C4-50-5_m1_exact_s0_20260806-191656.gurobi.log
20260806-194702,PSC4-C4-50-5,exact,2,0,16,1800,FEASIBLE,1915160.00,1834131.85,0.04230881,1535.47,1807.23,1834131.85,2326262.00,270.26,21545,2326262.00,1915160.00,1,13.0.2,logs/PSC4-C4-50-5_m2_exact_s0_20260806-194702.gurobi.log
20260806-201709,PSC4-C4-50-5,exact-nowarm,2,0,16,1800,FEASIBLE,1905740.00,1774380.11,0.06892855,1534.59,1806.11,906061.21,1923378.00,270.52,15264,1923378.00,1905740.00,1,13.0.2,logs/PSC4-C4-50-5_m2_exact-nowarm_s0_20260806-201709.gurobi.log
20260806-204716,PSC4-C4-50-5,exact-nostart,2,0,16,1800,FEASIBLE,1901422.00,1833049.90,0.03595841,1531.53,1802.86,1833049.90,2326262.00,270.23,19059,2326262.00,1901422.00,1,13.0.2,logs/PSC4-C4-50-5_m2_exact-nostart_s0_20260806-204716.gurobi.log
20260806-211719,PSC4-C4-50-5,exact-noldb,2,0,16,1800,FEASIBLE,1909556.00,1774904.95,0.07051432,1534.57,1805.62,1833049.90,2326262.00,270.43,14830,2326262.00,1909556.00,1,13.0.2,logs/PSC4-C4-50-5_m2_exact-noldb_s0_20260806-211719.gurobi.log
20260806-214724,PSC4-C5-50-5,exact,1,0,16,1800,FEASIBLE,13167923.00,12978775.65,0.01436425,1801.84,1803.13,-1.00,-1.00,-1.00,18826,-1.00,13167923.00,1,13.0.2,logs/PSC4-C5-50-5_m1_exact_s0_20260806-214724.gurobi.log
20260806-221728,PSC4-C5-50-5,exact,2,0,16,1800,FEASIBLE,13188546.00,13092283.20,0.00729897,1530.93,1802.91,13092283.20,13200751.00,270.48,24614,13200751.00,13188546.00,1,13.0.2,logs/PSC4-C5-50-5_m2_exact_s0_20260806-221728.gurobi.log
20260806-224731,PSC4-C5-50-5,exact-nowarm,2,0,16,1800,FEASIBLE,13165803.00,12977711.65,0.01428636,0.00,1804.09,12415149.03,13165803.00,270.49,15455,13165803.00,13165803.00,1,13.0.2,logs/PSC4-C5-50-5_m2_exact-nowarm_s0_20260806-224731.gurobi.log
20260806-231735,PSC4-C5-50-5,exact-nostart,2,0,16,1800,FEASIBLE,13186746.00,13091944.85,0.00718912,1534.04,1805.95,13091944.85,13200751.00,270.56,25872,13200751.00,13186746.00,1,13.0.2,logs/PSC4-C5-50-5_m2_exact-nostart_s0_20260806-231735.gurobi.log
20260806-234741,PSC4-C5-50-5,exact-noldb,2,0,16,1800,FEASIBLE,13170396.00,12977689.26,0.01463181,1530.58,1801.78,13092948.95,13200751.00,270.29,17537,13200751.00,13170396.00,1,13.0.2,logs/PSC4-C5-50-5_m2_exact-noldb_s0_20260806-234741.gurobi.log
20260807-001743,PSC5-C1-50-5,exact,1,0,16,1800,OPTIMAL,1895151.00,1895151.00,0.00000000,1336.22,1334.24,-1.00,-1.00,-1.00,2176,-1.00,1895151.00,1,13.0.2,logs/PSC5-C1-50-5_m1_exact_s0_20260807-001743.gurobi.log
20260807-004000,PSC5-C1-50-5,exact,2,0,16,1800,FEASIBLE,1897010.00,1894367.14,0.00139317,1528.73,1802.95,1890153.48,1915385.00,270.86,5624,1915385.00,1897010.00,1,13.0.2,logs/PSC5-C1-50-5_m2_exact_s0_20260807-004000.gurobi.log
20260807-011003,PSC5-C1-50-5,exact-nowarm,2,0,16,1800,FEASIBLE,1896323.00,1894418.69,0.00100421,1528.62,1802.15,1076894.57,1940352.00,270.86,2894,1940352.00,1896323.00,1,13.0.2,logs/PSC5-C1-50-5_m2_exact-nowarm_s0_20260807-011003.gurobi.log
20260807-014005,PSC5-C1-50-5,exact-nostart,2,0,16,1800,FEASIBLE,1895151.00,1894532.78,0.00032621,1528.69,1803.31,1890191.08,1915385.00,271.10,3149,1915385.00,1895151.00,1,13.0.2,logs/PSC5-C1-50-5_m2_exact-nostart_s0_20260807-014005.gurobi.log
20260807-021008,PSC5-C1-50-5,exact-noldb,2,0,16,1800,FEASIBLE,1895151.00,1894553.18,0.00031545,1528.64,1801.68,1890086.43,1915375.00,270.86,2902,1915375.00,1895151.00,1,13.0.2,logs/PSC5-C1-50-5_m2_exact-noldb_s0_20260807-021008.gurobi.log
20260807-024010,PSC5-C2-50-5,exact,1,0,16,1800,FEASIBLE,1644421.00,1627688.35,0.01017540,1801.46,1802.16,-1.00,-1.00,-1.00,13769,-1.00,1644421.00,1,13.0.2,logs/PSC5-C2-50-5_m1_exact_s0_20260807-024010.gurobi.log
20260807-031013,PSC5-C2-50-5,exact,2,0,16,1800,FEASIBLE,1650329.00,1627376.08,0.01390809,1530.62,1802.26,1627376.08,1655769.00,270.58,14158,1655769.00,1650329.00,1,13.0.2,logs/PSC5-C2-50-5_m2_exact_s0_20260807-031013.gurobi.log
20260807-034015,PSC5-C2-50-5,exact-nowarm,2,0,16,1800,FEASIBLE,1647134.00,1623645.75,0.01426007,1531.85,1803.05,953567.00,1665914.00,270.21,14478,1665914.00,1647134.00,1,13.0.2,logs/PSC5-C2-50-5_m2_exact-nowarm_s0_20260807-034015.gurobi.log
20260807-041018,PSC5-C2-50-5,exact-nostart,2,0,16,1800,FEASIBLE,1649306.00,1627376.08,0.01329645,1531.18,1802.85,1627376.08,1655191.00,270.56,14003,1655191.00,1649306.00,1,13.0.2,logs/PSC5-C2-50-5_m2_exact-nostart_s0_20260807-041018.gurobi.log
20260807-044021,PSC5-C2-50-5,exact-noldb,2,0,16,1800,FEASIBLE,1646369.00,1623695.95,0.01377155,1530.59,1802.10,1627376.08,1655191.00,270.52,13215,1655191.00,1646369.00,1,13.0.2,logs/PSC5-C2-50-5_m2_exact-noldb_s0_20260807-044021.gurobi.log
20260807-051023,PSC5-C3-50-5,exact,1,0,16,1800,FEASIBLE,13174323.00,12779042.39,0.03000386,1807.48,1808.95,-1.00,-1.00,-1.00,25762,-1.00,13174323.00,1,13.0.2,logs/PSC5-C3-50-5_m1_exact_s0_20260807-051023.gurobi.log
20260807-054032,PSC5-C3-50-5,exact,2,0,16,1800,FEASIBLE,13083957.00,12943983.20,0.01069812,1530.24,1802.11,12943983.20,13449420.00,270.36,30324,13449420.00,13083957.00,1,13.0.2,logs/PSC5-C3-50-5_m2_exact_s0_20260807-054032.gurobi.log
20260807-061034,PSC5-C3-50-5,exact-nowarm,2,0,16,1800,FEASIBLE,13031989.00,12778589.21,0.01944444,0.00,1806.09,12359279.28,13031989.00,270.43,18610,13031989.00,13031989.00,1,13.0.2,logs/PSC5-C3-50-5_m2_exact-nowarm_s0_20260807-061034.gurobi.log
20260807-064041,PSC5-C3-50-5,exact-nostart,2,0,16,1800,FEASIBLE,13095375.00,12943983.20,0.01156071,1532.83,1805.19,12943983.20,13449420.00,270.37,28427,13449420.00,13095375.00,1,13.0.2,logs/PSC5-C3-50-5_m2_exact-nostart_s0_20260807-064041.gurobi.log
20260807-071046,PSC5-C3-50-5,exact-noldb,2,0,16,1800,FEASIBLE,13192188.00,12778618.13,0.03134960,1533.87,1804.87,12943983.20,13449420.00,270.36,20308,13449420.00,13192188.00,1,13.0.2,logs/PSC5-C3-50-5_m2_exact-noldb_s0_20260807-071046.gurobi.log
20260807-074051,PSC5-C4-50-5,exact,1,0,16,1800,FEASIBLE,1904791.00,1785631.07,0.06255801,1801.65,1802.39,-1.00,-1.00,-1.00,16929,-1.00,1904791.00,1,13.0.2,logs/PSC5-C4-50-5_m1_exact_s0_20260807-074051.gurobi.log
20260807-081053,PSC5-C4-50-5,exact,2,0,16,1800,FEASIBLE,1911636.00,1840600.96,0.03715929,1532.42,1803.77,1840600.96,2169668.00,270.38,20439,2169668.00,1911636.00,1,13.0.2,logs/PSC5-C4-50-5_m2_exact_s0_20260807-081053.gurobi.log
20260807-084057,PSC5-C4-50-5,exact-nowarm,2,0,16,1800,FEASIBLE,1911296.00,1783898.46,0.06665505,1534.24,1805.20,912191.01,1946175.00,270.30,14734,1946175.00,1911296.00,1,13.0.2,logs/PSC5-C4-50-5_m2_exact-nowarm_s0_20260807-084057.gurobi.log
20260807-091103,PSC5-C4-50-5,exact-nostart,2,0,16,1800,FEASIBLE,1915858.00,1840600.96,0.03928112,1530.09,1801.68,1840600.96,2169668.00,270.49,21209,2169668.00,1915858.00,1,13.0.2,logs/PSC5-C4-50-5_m2_exact-nostart_s0_20260807-091103.gurobi.log
20260807-094104,PSC5-C4-50-5,exact-noldb,2,0,16,1800,FEASIBLE,1911290.00,1783424.40,0.06690015,1535.26,1806.49,1840304.36,2169668.00,270.52,14764,2169668.00,1911290.00,1,13.0.2,logs/PSC5-C4-50-5_m2_exact-noldb_s0_20260807-094104.gurobi.log
20260807-101111,PSC5-C5-50-5,exact,1,0,16,1800,FEASIBLE,13134755.00,12938399.00,0.01494935,1802.26,1803.31,-1.00,-1.00,-1.00,20424,-1.00,13134755.00,1,13.0.2,logs/PSC5-C5-50-5_m1_exact_s0_20260807-101111.gurobi.log
20260807-104114,PSC5-C5-50-5,exact,2,0,16,1800,FEASIBLE,13119197.00,13049451.63,0.00531628,1532.93,1805.09,13049451.63,13298808.00,270.56,31677,13298808.00,13119197.00,1,13.0.2,logs/PSC5-C5-50-5_m2_exact_s0_20260807-104114.gurobi.log
20260807-111120,PSC5-C5-50-5,exact-nowarm,2,0,16,1800,FEASIBLE,13125021.00,12932695.35,0.01465336,0.00,1803.43,12376029.82,13125021.00,270.26,16670,13125021.00,13125021.00,1,13.0.2,logs/PSC5-C5-50-5_m2_exact-nowarm_s0_20260807-111120.gurobi.log
20260807-114123,PSC5-C5-50-5,exact-nostart,2,0,16,1800,FEASIBLE,13140265.00,13049450.72,0.00691115,1536.32,1808.45,13049450.72,13298808.00,270.36,28054,13298808.00,13140265.00,1,13.0.2,logs/PSC5-C5-50-5_m2_exact-nostart_s0_20260807-114123.gurobi.log
20260807-121132,PSC5-C5-50-5,exact-noldb,2,0,16,1800,FEASIBLE,13138683.00,12937810.96,0.01528860,1535.34,1807.21,13049451.63,13298808.00,270.36,18197,13298808.00,13138683.00,1,13.0.2,logs/PSC5-C5-50-5_m2_exact-noldb_s0_20260807-121132.gurobi.log
20260807-124139,PSC1-C1-50-10,exact,0,0,16,1800,FEASIBLE,3276261.00,3265047.58,0.00342263,1800.07,1800.89,-1.00,-1.00,-1.00,0,-1.00,3276261.00,1,13.0.2,logs/PSC1-C1-50-10_m0_exact_s0_20260807-124139.gurobi.log
20260807-131140,PSC1-C1-50-10,exact,1,0,16,1800,FEASIBLE,3272686.00,3267312.62,0.00164189,1799.94,1801.86,-1.00,-1.00,-1.00,6282,-1.00,3272686.00,1,13.0.2,logs/PSC1-C1-50-10_m1_exact_s0_20260807-131140.gurobi.log
20260807-134142,PSC1-C1-50-10,exact,2,0,16,1800,FEASIBLE,3275593.00,3265471.35,0.00309002,1528.07,1801.14,3261879.40,3295996.00,271.27,4892,3295996.00,3275593.00,1,13.0.2,logs/PSC1-C1-50-10_m2_exact_s0_20260807-134142.gurobi.log
20260807-141143,PSC1-C2-50-10,exact,0,0,16,1800,FEASIBLE,3007075.00,2971757.43,0.01174482,1799.93,1800.54,-1.00,-1.00,-1.00,0,-1.00,3007075.00,1,13.0.2,logs/PSC1-C2-50-10_m0_exact_s0_20260807-141143.gurobi.log
20260807-144144,PSC1-C2-50-10,exact,1,0,16,1800,FEASIBLE,3007770.00,2960762.08,0.01562883,1804.42,1805.71,-1.00,-1.00,-1.00,19554,-1.00,3007770.00,1,13.0.2,logs/PSC1-C2-50-10_m1_exact_s0_20260807-144144.gurobi.log
20260807-151150,PSC1-C2-50-10,exact,2,0,16,1800,FEASIBLE,3004860.00,2968043.77,0.01225223,1538.52,1809.77,2968043.77,3059826.00,270.40,20176,3059826.00,3004860.00,1,13.0.2,logs/PSC1-C2-50-10_m2_exact_s0_20260807-151150.gurobi.log
20260807-154200,PSC1-C3-50-10,exact,0,0,16,1800,FEASIBLE,25671360.49,25542307.92,0.00502710,1800.01,1800.54,-1.00,-1.00,-1.00,0,-1.00,25670391.00,1,13.0.2,logs/PSC1-C3-50-10_m0_exact_s0_20260807-154200.gurobi.log
20260807-161201,PSC1-C3-50-10,exact,1,0,16,1800,FEASIBLE,25860225.00,25280228.58,0.02242813,1809.47,1810.27,-1.00,-1.00,-1.00,31189,-1.00,25860225.00,1,13.0.2,logs/PSC1-C3-50-10_m1_exact_s0_20260807-161201.gurobi.log
20260807-164211,PSC1-C3-50-10,exact,2,0,16,1800,FEASIBLE,25692337.00,25541060.96,0.00588798,1529.82,1802.00,25541060.96,26271076.00,270.65,45943,26271076.00,25692337.00,1,13.0.2,logs/PSC1-C3-50-10_m2_exact_s0_20260807-164211.gurobi.log
20260807-171213,PSC1-C4-50-10,exact,0,0,16,1800,FEASIBLE,4088968.00,3378172.72,0.17383244,1799.85,1800.48,-1.00,-1.00,-1.00,0,-1.00,4081987.00,1,13.0.2,logs/PSC1-C4-50-10_m0_exact_s0_20260807-171213.gurobi.log
20260807-174214,PSC1-C4-50-10,exact,1,0,16,1800,FEASIBLE,3534541.00,3283153.10,0.07112321,1801.12,1801.78,-1.00,-1.00,-1.00,17008,-1.00,3534541.00,1,13.0.2,logs/PSC1-C4-50-10_m1_exact_s0_20260807-174214.gurobi.log
20260807-181216,PSC1-C4-50-10,exact,2,0,16,1800,FEASIBLE,3511901.00,3363808.90,0.04216864,1535.16,1806.55,3363808.90,3735048.00,270.34,25814,3735048.00,3511901.00,1,13.0.2,logs/PSC1-C4-50-10_m2_exact_s0_20260807-181216.gurobi.log
20260807-184222,PSC1-C5-50-10,exact,0,0,16,1800,FEASIBLE,25749258.00,25637882.30,0.00432539,1799.84,1800.41,-1.00,-1.00,-1.00,0,-1.00,25749258.00,1,13.0.2,logs/PSC1-C5-50-10_m0_exact_s0_20260807-184222.gurobi.log
20260807-191223,PSC1-C5-50-10,exact,1,0,16,1800,FEASIBLE,25766321.00,25436997.86,0.01278115,1801.22,1802.17,-1.00,-1.00,-1.00,25783,-1.00,25766321.00,1,13.0.2,logs/PSC1-C5-50-10_m1_exact_s0_20260807-191223.gurobi.log
20260807-194225,PSC1-C5-50-10,exact,2,0,16,1800,FEASIBLE,25774867.00,25608536.02,0.00645322,1532.20,1803.90,25608536.02,25995321.00,270.37,41325,25995321.00,25774867.00,1,13.0.2,logs/PSC1-C5-50-10_m2_exact_s0_20260807-194225.gurobi.log
20260807-201229,PSC2-C1-50-10,exact,0,0,16,1800,FEASIBLE,3279674.00,3270323.17,0.00285114,1800.03,1798.52,-1.00,-1.00,-1.00,0,-1.00,3279674.00,1,13.0.2,logs/PSC2-C1-50-10_m0_exact_s0_20260807-201229.gurobi.log
20260807-204230,PSC2-C1-50-10,exact,1,0,16,1800,FEASIBLE,3276975.00,3272000.31,0.00151807,1799.53,1800.66,-1.00,-1.00,-1.00,5576,-1.00,3276975.00,1,13.0.2,logs/PSC2-C1-50-10_m1_exact_s0_20260807-204230.gurobi.log
20260807-211231,PSC2-C1-50-10,exact,2,0,16,1800,FEASIBLE,3281102.00,3270830.78,0.00313042,1527.62,1801.74,3265456.68,3299309.00,271.40,6859,3299309.00,3281102.00,1,13.0.2,logs/PSC2-C1-50-10_m2_exact_s0_20260807-211231.gurobi.log
20260807-214233,PSC2-C2-50-10,exact,0,0,16,1800,FEASIBLE,3031205.00,2985810.36,0.01497577,1799.75,1800.52,-1.00,-1.00,-1.00,0,-1.00,3031205.00,1,13.0.2,logs/PSC2-C2-50-10_m0_exact_s0_20260807-214233.gurobi.log
20260807-221233,PSC2-C2-50-10,exact,1,0,16,1800,FEASIBLE,3017982.00,2974312.88,0.01446964,1801.24,1802.89,-1.00,-1.00,-1.00,19084,-1.00,3017982.00,1,13.0.2,logs/PSC2-C2-50-10_m1_exact_s0_20260807-221233.gurobi.log
20260807-224237,PSC2-C2-50-10,exact,2,0,16,1800,FEASIBLE,3017113.00,2982737.16,0.01139362,1535.42,1806.78,2982737.16,3152704.00,270.49,21184,3152704.00,3017113.00,1,13.0.2,logs/PSC2-C2-50-10_m2_exact_s0_20260807-224237.gurobi.log
20260807-231243,PSC2-C3-50-10,exact,0,0,16,1800,FEASIBLE,25669124.00,25551491.10,0.00458266,1799.98,1800.52,-1.00,-1.00,-1.00,0,-1.00,25669124.00,1,13.0.2,logs/PSC2-C3-50-10_m0_exact_s0_20260807-231243.gurobi.log
20260807-234244,PSC2-C3-50-10,exact,1,0,16,1800,FEASIBLE,26007814.00,25285700.66,0.02776525,1804.20,1804.86,-1.00,-1.00,-1.00,30857,-1.00,26007814.00,1,13.0.2,logs/PSC2-C3-50-10_m1_exact_s0_20260807-234244.gurobi.log
20260808-001249,PSC2-C3-50-10,exact,2,0,16,1800,FEASIBLE,25730041.00,25550826.57,0.00696518,1533.92,1805.87,25550826.57,26416725.00,270.71,47120,26416725.00,25730041.00,1,13.0.2,logs/PSC2-C3-50-10_m2_exact_s0_20260808-001249.gurobi.log
20260808-004255,PSC2-C4-50-10,exact,0,0,16,1800,FEASIBLE,4080489.00,3379922.57,0.17168688,1888.00,1888.57,-1.00,-1.00,-1.00,0,-1.00,4072841.00,1,13.0.2,logs/PSC2-C4-50-10_m0_exact_s0_20260808-004255.gurobi.log
20260808-011424,PSC2-C4-50-10,exact,1,0,16,1800,FEASIBLE,3524109.00,3285347.06,0.06775101,1799.84,1800.51,-1.00,-1.00,-1.00,18966,-1.00,3524109.00,1,13.0.2,logs/PSC2-C4-50-10_m1_exact_s0_20260808-011424.gurobi.log
20260808-014424,PSC2-C4-50-10,exact,2,0,16,1800,FEASIBLE,3516199.00,3365947.45,0.04273124,1538.83,1810.12,3365947.45,3814950.00,270.32,26969,3814950.00,3516199.00,1,13.0.2,logs/PSC2-C4-50-10_m2_exact_s0_20260808-014424.gurobi.log
20260808-021435,PSC2-C5-50-10,exact,0,0,16,1800,FEASIBLE,25685771.00,25553799.13,0.00513794,1799.91,1800.44,-1.00,-1.00,-1.00,0,-1.00,25685771.00,1,13.0.2,logs/PSC2-C5-50-10_m0_exact_s0_20260808-021435.gurobi.log
20260808-024435,PSC2-C5-50-10,exact,1,0,16,1800,FEASIBLE,25678848.00,25353461.19,0.01267139,1802.32,1803.53,-1.00,-1.00,-1.00,26213,-1.00,25678848.00,1,13.0.2,logs/PSC2-C5-50-10_m1_exact_s0_20260808-024435.gurobi.log
20260808-031439,PSC2-C5-50-10,exact,2,0,16,1800,FEASIBLE,25704657.00,25522123.08,0.00710120,1538.27,1810.74,25522123.08,25830694.00,270.34,40621,25830694.00,25704657.00,1,13.0.2,logs/PSC2-C5-50-10_m2_exact_s0_20260808-031439.gurobi.log
20260808-034450,PSC3-C1-50-10,exact,0,0,16,1800,FEASIBLE,3278712.00,3273697.51,0.00152941,1799.91,1800.66,-1.00,-1.00,-1.00,0,-1.00,3278712.00,1,13.0.2,logs/PSC3-C1-50-10_m0_exact_s0_20260808-034450.gurobi.log
20260808-041450,PSC3-C1-50-10,exact,1,0,16,1800,FEASIBLE,3278712.00,3274519.63,0.00127866,1799.55,1800.66,-1.00,-1.00,-1.00,5336,-1.00,3278712.00,1,13.0.2,logs/PSC3-C1-50-10_m1_exact_s0_20260808-041450.gurobi.log
20260808-044451,PSC3-C1-50-10,exact,2,0,16,1800,FEASIBLE,3279163.00,3272759.49,0.00195279,1528.57,1800.82,3267593.06,3305732.00,271.00,6511,3305732.00,3279163.00,1,13.0.2,logs/PSC3-C1-50-10_m2_exact_s0_20260808-044451.gurobi.log
20260808-051452,PSC3-C2-50-10,exact,0,0,16,1800,FEASIBLE,3013652.00,2982914.60,0.01019939,1799.89,1800.46,-1.00,-1.00,-1.00,0,-1.00,3013652.00,1,13.0.2,logs/PSC3-C2-50-10_m0_exact_s0_20260808-051452.gurobi.log
20260808-054453,PSC3-C2-50-10,exact,1,0,16,1800,FEASIBLE,3013614.00,2968678.45,0.01491085,1802.70,1803.48,-1.00,-1.00,-1.00,23567,-1.00,3013614.00,1,13.0.2,logs/PSC3-C2-50-10_m1_exact_s0_20260808-054453.gurobi.log
20260808-061456,PSC3-C2-50-10,exact,2,0,16,1800,FEASIBLE,3013822.00,2978355.61,0.01176791,1538.10,1809.46,2978355.61,3192607.00,270.33,21841,3192607.00,3013822.00,1,13.0.2,logs/PSC3-C2-50-10_m2_exact_s0_20260808-061456.gurobi.log
20260808-064506,PSC3-C3-50-10,exact,0,0,16,1800,FEASIBLE,25564438.00,25442632.90,0.00476463,1800.04,1800.60,-1.00,-1.00,-1.00,0,-1.00,25564438.00,1,13.0.2,logs/PSC3-C3-50-10_m0_exact_s0_20260808-064506.gurobi.log
20260808-071507,PSC3-C3-50-10,exact,1,0,16,1800,FEASIBLE,25962121.00,25173546.43,0.03037404,1807.17,1807.86,-1.00,-1.00,-1.00,31527,-1.00,25962121.00,1,13.0.2,logs/PSC3-C3-50-10_m1_exact_s0_20260808-071507.gurobi.log
20260808-074515,PSC3-C3-50-10,exact,2,0,16,1800,FEASIBLE,25610811.00,25439865.10,0.00667476,1544.49,1816.47,25439865.10,26277299.00,270.60,41304,26277299.00,25610811.00,1,13.0.2,logs/PSC3-C3-50-10_m2_exact_s0_20260808-074515.gurobi.log
20260808-081531,PSC3-C4-50-10,exact,0,0,16,1800,FEASIBLE,4270166.00,3370601.00,0.21066277,1799.56,1800.55,-1.00,-1.00,-1.00,0,-1.00,4260181.00,1,13.0.2,logs/PSC3-C4-50-10_m0_exact_s0_20260808-081531.gurobi.log
20260808-084532,PSC3-C4-50-10,exact,1,0,16,1800,FEASIBLE,3527689.00,3281068.34,0.06990998,1803.44,1804.81,-1.00,-1.00,-1.00,16562,-1.00,3527689.00,1,13.0.2,logs/PSC3-C4-50-10_m1_exact_s0_20260808-084532.gurobi.log
20260808-091537,PSC3-C4-50-10,exact,2,0,16,1800,FEASIBLE,3510622.00,3356252.79,0.04397204,1535.27,1807.23,3356252.79,3586116.00,270.59,23433,3586116.00,3510622.00,1,13.0.2,logs/PSC3-C4-50-10_m2_exact_s0_20260808-091537.gurobi.log
20260808-094544,PSC3-C5-50-10,exact,0,0,16,1800,FEASIBLE,25711149.00,25629980.29,0.00315695,1799.87,1800.42,-1.00,-1.00,-1.00,0,-1.00,25711149.00,1,13.0.2,logs/PSC3-C5-50-10_m0_exact_s0_20260808-094544.gurobi.log
20260808-101545,PSC3-C5-50-10,exact,1,0,16,1800,FEASIBLE,25747016.00,25427920.22,0.01239351,1804.54,1805.74,-1.00,-1.00,-1.00,24778,-1.00,25747016.00,1,13.0.2,logs/PSC3-C5-50-10_m1_exact_s0_20260808-101545.gurobi.log
20260808-104551,PSC3-C5-50-10,exact,2,0,16,1800,FEASIBLE,25747062.00,25587010.22,0.00621631,1529.75,1801.89,25587010.22,26055503.00,270.48,38963,26055503.00,25747062.00,1,13.0.2,logs/PSC3-C5-50-10_m2_exact_s0_20260808-104551.gurobi.log
20260808-111553,PSC4-C1-50-10,exact,0,0,16,1800,FEASIBLE,3280165.00,3273577.85,0.00200818,1800.00,1800.74,-1.00,-1.00,-1.00,0,-1.00,3280165.00,1,13.0.2,logs/PSC4-C1-50-10_m0_exact_s0_20260808-111553.gurobi.log
20260808-114554,PSC4-C1-50-10,exact,1,0,16,1800,FEASIBLE,3277833.00,3275495.43,0.00071315,1799.68,1801.50,-1.00,-1.00,-1.00,4387,-1.00,3277833.00,1,13.0.2,logs/PSC4-C1-50-10_m1_exact_s0_20260808-114554.gurobi.log
20260808-121555,PSC4-C1-50-10,exact,2,0,16,1800,FEASIBLE,3281794.00,3273044.35,0.00266612,1528.11,1801.41,3269495.77,3324263.00,271.13,4652,3324263.00,3281794.00,1,13.0.2,logs/PSC4-C1-50-10_m2_exact_s0_20260808-121555.gurobi.log
20260808-124557,PSC4-C2-50-10,exact,0,0,16,1800,FEASIBLE,3104599.62,2980909.70,0.03984086,1799.89,1800.53,-1.00,-1.00,-1.00,0,-1.00,3084149.00,1,13.0.2,logs/PSC4-C2-50-10_m0_exact_s0_20260808-124557.gurobi.log
20260808-131558,PSC4-C2-50-10,exact,1,0,16,1800,FEASIBLE,3012555.00,2970659.00,0.01390713,1800.14,1800.92,-1.00,-1.00,-1.00,16796,-1.00,3012555.00,1,13.0.2,logs/PSC4-C2-50-10_m1_exact_s0_20260808-131558.gurobi.log
20260808-134559,PSC4-C2-50-10,exact,2,0,16,1800,FEASIBLE,3013972.00,2977215.67,0.01219531,1532.11,1804.27,2977215.67,3134708.00,270.45,15219,3134708.00,3013972.00,1,13.0.2,logs/PSC4-C2-50-10_m2_exact_s0_20260808-134559.gurobi.log
20260808-141603,PSC4-C3-50-10,exact,0,0,16,1800,FEASIBLE,25991101.00,25546408.17,0.01710943,1799.63,1800.37,-1.00,-1.00,-1.00,0,-1.00,25991101.00,1,13.0.2,logs/PSC4-C3-50-10_m0_exact_s0_20260808-141603.gurobi.log
20260808-144604,PSC4-C3-50-10,exact,1,0,16,1800,FEASIBLE,25995506.00,25279769.01,0.02753310,1803.40,1804.48,-1.00,-1.00,-1.00,21954,-1.00,25995506.00,1,13.0.2,logs/PSC4-C3-50-10_m1_exact_s0_20260808-144604.gurobi.log
20260808-151608,PSC4-C3-50-10,exact,2,0,16,1800,FEASIBLE,25695264.00,25531188.79,0.00638543,1530.80,1820.46,25531188.79,26245645.00,288.32,35044,26245645.00,25695264.00,1,13.0.2,logs/PSC4-C3-50-10_m2_exact_s0_20260808-151608.gurobi.log
20260808-154629,PSC4-C4-50-10,exact,0,0,16,1800,FEASIBLE,4062479.00,3365925.62,0.17146018,1799.60,1800.50,-1.00,-1.00,-1.00,0,-1.00,4053822.00,1,13.0.2,logs/PSC4-C4-50-10_m0_exact_s0_20260808-154629.gurobi.log
20260808-161630,PSC4-C4-50-10,exact,1,0,16,1800,FEASIBLE,3510261.00,3271894.02,0.06790577,1800.12,1801.28,-1.00,-1.00,-1.00,17417,-1.00,3510261.00,1,13.0.2,logs/PSC4-C4-50-10_m1_exact_s0_20260808-161630.gurobi.log
20260808-164631,PSC4-C4-50-10,exact,2,0,16,1800,FEASIBLE,3498766.00,3355081.65,0.04106715,1539.23,1810.56,3355081.65,4129107.00,270.34,25360,4129107.00,3498766.00,1,13.0.2,logs/PSC4-C4-50-10_m2_exact_s0_20260808-164631.gurobi.log
20260808-171642,PSC4-C5-50-10,exact,0,0,16,1800,FEASIBLE,25712157.00,25639749.84,0.00281607,1799.92,1800.49,-1.00,-1.00,-1.00,0,-1.00,25712157.00,1,13.0.2,logs/PSC4-C5-50-10_m0_exact_s0_20260808-171642.gurobi.log
20260808-174642,PSC4-C5-50-10,exact,1,0,16,1800,FEASIBLE,25745724.00,25439204.86,0.01190563,1806.98,1807.92,-1.00,-1.00,-1.00,24567,-1.00,25745724.00,1,13.0.2,logs/PSC4-C5-50-10_m1_exact_s0_20260808-174642.gurobi.log
20260808-181650,PSC4-C5-50-10,exact,2,0,16,1800,FEASIBLE,25767530.00,25607448.57,0.00621253,1535.16,1806.95,25607448.57,25957796.00,270.44,42280,25957796.00,25767530.00,1,13.0.2,logs/PSC4-C5-50-10_m2_exact_s0_20260808-181650.gurobi.log
20260808-184657,PSC5-C1-50-10,exact,0,0,16,1800,FEASIBLE,3278055.00,3264484.21,0.00413989,1799.97,1800.60,-1.00,-1.00,-1.00,0,-1.00,3278055.00,1,13.0.2,logs/PSC5-C1-50-10_m0_exact_s0_20260808-184657.gurobi.log
20260808-191658,PSC5-C1-50-10,exact,1,0,16,1800,FEASIBLE,3279635.00,3264258.37,0.00468852,1800.09,1801.61,-1.00,-1.00,-1.00,6000,-1.00,3279635.00,1,13.0.2,logs/PSC5-C1-50-10_m1_exact_s0_20260808-191658.gurobi.log
20260808-194700,PSC5-C1-50-10,exact,2,0,16,1800,FEASIBLE,3292136.00,3262941.74,0.00886788,1529.33,1799.15,3261778.96,3296052.00,270.99,11467,3296052.00,3292136.00,1,13.0.2,logs/PSC5-C1-50-10_m2_exact_s0_20260808-194700.gurobi.log
20260808-201702,PSC5-C2-50-10,exact,0,0,16,1800,FEASIBLE,3028681.00,2980437.62,0.01592884,1799.90,1800.54,-1.00,-1.00,-1.00,0,-1.00,3028681.00,1,13.0.2,logs/PSC5-C2-50-10_m0_exact_s0_20260808-201702.gurobi.log
20260808-204702,PSC5-C2-50-10,exact,1,0,16,1800,FEASIBLE,3008718.00,2964755.83,0.01461159,1803.88,1805.21,-1.00,-1.00,-1.00,16778,-1.00,3008718.00,1,13.0.2,logs/PSC5-C2-50-10_m1_exact_s0_20260808-204702.gurobi.log
20260808-211708,PSC5-C2-50-10,exact,2,0,16,1800,FEASIBLE,3006982.00,2975584.58,0.01044151,1537.48,1808.80,2975584.58,3040381.00,270.44,19402,3040381.00,3006982.00,1,13.0.2,logs/PSC5-C2-50-10_m2_exact_s0_20260808-211708.gurobi.log
20260808-214717,PSC5-C3-50-10,exact,0,0,16,1800,FEASIBLE,25622345.00,25503777.92,0.00462749,1799.96,1800.59,-1.00,-1.00,-1.00,0,-1.00,25622345.00,1,13.0.2,logs/PSC5-C3-50-10_m0_exact_s0_20260808-214717.gurobi.log
20260808-221718,PSC5-C3-50-10,exact,1,0,16,1800,FEASIBLE,25998024.00,25235840.95,0.02931696,1803.98,1805.04,-1.00,-1.00,-1.00,27905,-1.00,25998024.00,1,13.0.2,logs/PSC5-C3-50-10_m1_exact_s0_20260808-221718.gurobi.log
20260808-224723,PSC5-C3-50-10,exact,2,0,16,1800,FEASIBLE,25660943.00,25489991.01,0.00666195,1494.98,1805.63,25489991.01,26213372.00,309.24,46763,26213372.00,25660943.00,1,13.0.2,logs/PSC5-C3-50-10_m2_exact_s0_20260808-224723.gurobi.log
20260808-231728,PSC5-C4-50-10,exact,0,0,16,1800,FEASIBLE,4095747.00,3376643.59,0.17557320,1799.95,1800.49,-1.00,-1.00,-1.00,0,-1.00,4088006.00,1,13.0.2,logs/PSC5-C4-50-10_m0_exact_s0_20260808-231728.gurobi.log
20260808-234729,PSC5-C4-50-10,exact,1,0,16,1800,FEASIBLE,3525627.00,3278706.83,0.07003582,1803.38,1804.23,-1.00,-1.00,-1.00,20337,-1.00,3525627.00,1,13.0.2,logs/PSC5-C4-50-10_m1_exact_s0_20260808-234729.gurobi.log
20260809-001733,PSC5-C4-50-10,exact,2,0,16,1800,FEASIBLE,3515479.00,3358984.64,0.04451580,1530.13,1801.35,3358984.64,4002236.00,270.25,29170,4002236.00,3515479.00,1,13.0.2,logs/PSC5-C4-50-10_m2_exact_s0_20260809-001733.gurobi.log
20260809-004735,PSC5-C5-50-10,exact,0,0,16,1800,FEASIBLE,25675676.00,25598345.04,0.00301184,1799.88,1800.37,-1.00,-1.00,-1.00,0,-1.00,25675676.00,1,13.0.2,logs/PSC5-C5-50-10_m0_exact_s0_20260809-004735.gurobi.log
20260809-011735,PSC5-C5-50-10,exact,1,0,16,1800,FEASIBLE,25720385.00,25397416.08,0.01255692,1803.10,1803.86,-1.00,-1.00,-1.00,26145,-1.00,25720385.00,1,13.0.2,logs/PSC5-C5-50-10_m1_exact_s0_20260809-011735.gurobi.log
20260809-014739,PSC5-C5-50-10,exact,2,0,16,1800,FEASIBLE,25727310.00,25576697.82,0.00585418,1531.94,1803.55,25576697.82,26066311.00,270.27,43618,26066311.00,25727310.00,1,13.0.2,logs/PSC5-C5-50-10_m2_exact_s0_20260809-014739.gurobi.log
20260809-021743,PSC1-C1-100-5,exact,1,0,16,1800,OPTIMAL,3788735.00,3788735.00,0.00000000,1360.91,1362.49,-1.00,-1.00,-1.00,1084,-1.00,3788735.00,1,13.0.2,logs/PSC1-C1-100-5_m1_exact_s0_20260809-021743.gurobi.log
20260809-024026,PSC1-C1-100-5,exact,2,0,16,1800,OPTIMAL,3788735.00,3788735.00,0.00000000,1048.58,1322.22,3783986.31,3820791.00,271.79,1006,3820791.00,3788735.00,1,13.0.2,logs/PSC1-C1-100-5_m2_exact_s0_20260809-024026.gurobi.log
20260809-030228,PSC1-C2-100-5,exact,1,0,16,1800,FEASIBLE,3201488.00,3186372.80,0.00472130,1799.37,1801.38,-1.00,-1.00,-1.00,6087,-1.00,3201488.00,1,13.0.2,logs/PSC1-C2-100-5_m1_exact_s0_20260809-030228.gurobi.log
20260809-033230,PSC1-C2-100-5,exact,2,0,16,1800,FEASIBLE,3207901.00,3190415.05,0.00545090,1528.18,1800.68,3190415.05,3315324.00,271.04,7784,3315324.00,3207901.00,1,13.0.2,logs/PSC1-C2-100-5_m2_exact_s0_20260809-033230.gurobi.log
20260809-040230,PSC1-C3-100-5,exact,1,0,16,1800,FEASIBLE,25767056.00,25347304.09,0.01629025,1799.79,1800.85,-1.00,-1.00,-1.00,11385,-1.00,25767056.00,1,13.0.2,logs/PSC1-C3-100-5_m1_exact_s0_20260809-040230.gurobi.log
20260809-043231,PSC1-C3-100-5,exact,2,0,16,1800,FEASIBLE,25779944.00,25471756.26,0.01195455,1535.17,1807.16,25471756.26,26151241.00,270.70,12227,26151241.00,25779944.00,1,13.0.2,logs/PSC1-C3-100-5_m2_exact_s0_20260809-043231.gurobi.log
20260809-050239,PSC1-C4-100-5,exact,1,0,16,1800,FEASIBLE,3674869.00,3521337.10,0.04177888,1801.20,1802.90,-1.00,-1.00,-1.00,8731,-1.00,3674869.00,1,13.0.2,logs/PSC1-C4-100-5_m1_exact_s0_20260809-050239.gurobi.log
20260809-053242,PSC1-C4-100-5,exact,2,0,16,1800,FEASIBLE,3671969.00,3583077.12,0.02420823,1530.59,1803.73,3583077.12,4122784.00,271.71,10207,4122784.00,3671969.00,1,13.0.2,logs/PSC1-C4-100-5_m2_exact_s0_20260809-053242.gurobi.log
20260809-060246,PSC1-C5-100-5,exact,1,0,16,1800,FEASIBLE,25887951.00,25665954.69,0.00857528,1803.68,1805.25,-1.00,-1.00,-1.00,11139,-1.00,25887951.00,1,13.0.2,logs/PSC1-C5-100-5_m1_exact_s0_20260809-060246.gurobi.log
20260809-063251,PSC1-C5-100-5,exact,2,0,16,1800,FEASIBLE,25936577.00,25776265.73,0.00618090,1537.03,1810.83,25776265.73,26753025.00,272.23,13561,26753025.00,25936577.00,1,13.0.2,logs/PSC1-C5-100-5_m2_exact_s0_20260809-063251.gurobi.log
20260809-070302,PSC2-C1-100-5,exact,1,0,16,1800,FEASIBLE,3778181.00,3777525.15,0.00017359,1799.34,1801.82,-1.00,-1.00,-1.00,1946,-1.00,3778181.00,1,13.0.2,logs/PSC2-C1-100-5_m1_exact_s0_20260809-070302.gurobi.log
20260809-073304,PSC2-C1-100-5,exact,2,0,16,1800,FEASIBLE,3778181.00,3777687.86,0.00013052,1527.01,1802.90,3773148.24,3807654.00,271.97,767,3807654.00,3778181.00,1,13.0.2,logs/PSC2-C1-100-5_m2_exact_s0_20260809-073304.gurobi.log
20260809-080307,PSC2-C2-100-5,exact,1,0,16,1800,FEASIBLE,3224975.00,3199941.48,0.00776239,1800.90,1802.93,-1.00,-1.00,-1.00,8788,-1.00,3224975.00,1,13.0.2,logs/PSC2-C2-100-5_m1_exact_s0_20260809-080307.gurobi.log
20260809-083310,PSC2-C2-100-5,exact,2,0,16,1800,FEASIBLE,3225056.00,3204641.77,0.00632989,1529.75,1803.40,3204641.77,3265428.00,271.40,8175,3265428.00,3225056.00,1,13.0.2,logs/PSC2-C2-100-5_m2_exact_s0_20260809-083310.gurobi.log
20260809-090314,PSC2-C3-100-5,exact,1,0,16,1800,FEASIBLE,25761317.00,25326353.83,0.01688435,1802.26,1803.38,-1.00,-1.00,-1.00,8385,-1.00,25761317.00,1,13.0.2,logs/PSC2-C3-100-5_m1_exact_s0_20260809-090314.gurobi.log
20260809-093317,PSC2-C3-100-5,exact,2,0,16,1800,FEASIBLE,25756303.00,25427726.08,0.01275715,1550.80,1823.25,25427726.08,26079869.00,270.80,7340,26079869.00,25756303.00,1,13.0.2,logs/PSC2-C3-100-5_m2_exact_s0_20260809-093317.gurobi.log
20260809-100341,PSC2-C4-100-5,exact,1,0,16,1800,FEASIBLE,3686694.00,3510779.13,0.04771616,1820.69,1823.31,-1.00,-1.00,-1.00,5414,-1.00,3686694.00,1,13.0.2,logs/PSC2-C4-100-5_m1_exact_s0_20260809-100341.gurobi.log
20260809-103405,PSC2-C4-100-5,exact,2,0,16,1800,FEASIBLE,4713736.00,3570157.61,0.24260552,0.00,1810.99,3570157.61,4713736.00,273.51,5564,4713736.00,4713736.00,1,13.0.2,logs/PSC2-C4-100-5_m2_exact_s0_20260809-103405.gurobi.log
20260809-110416,PSC2-C5-100-5,exact,1,0,16,1800,FEASIBLE,25780044.00,25552560.16,0.00882403,1799.72,1801.73,-1.00,-1.00,-1.00,7205,-1.00,25780044.00,1,13.0.2,logs/PSC2-C5-100-5_m1_exact_s0_20260809-110416.gurobi.log
20260809-113418,PSC2-C5-100-5,exact,2,0,16,1800,FEASIBLE,25814473.00,25636579.06,0.00689125,1539.15,1814.30,25636579.06,26997250.00,273.18,9103,26997250.00,25814473.00,1,13.0.2,logs/PSC2-C5-100-5_m2_exact_s0_20260809-113418.gurobi.log
20260809-120432,PSC3-C1-100-5,exact,1,0,16,1800,FEASIBLE,3786682.00,3786536.64,0.00003839,1798.35,1802.01,-1.00,-1.00,-1.00,557,-1.00,3786682.00,1,13.0.2,logs/PSC3-C1-100-5_m1_exact_s0_20260809-120432.gurobi.log
20260809-123435,PSC3-C1-100-5,exact,2,0,16,1800,OPTIMAL,3786682.00,3786682.00,0.00000000,1058.70,1333.50,3781345.72,3887284.00,272.31,459,3887284.00,3786682.00,1,13.0.2,logs/PSC3-C1-100-5_m2_exact_s0_20260809-123435.gurobi.log
20260809-125648,PSC3-C2-100-5,exact,1,0,16,1800,FEASIBLE,3224712.00,3200114.83,0.00762771,1798.75,1801.69,-1.00,-1.00,-1.00,5718,-1.00,3224712.00,1,13.0.2,logs/PSC3-C2-100-5_m1_exact_s0_20260809-125648.gurobi.log
20260809-132650,PSC3-C2-100-5,exact,2,0,16,1800,FEASIBLE,3219721.00,3204061.85,0.00486351,1528.09,1802.58,3204061.85,3404124.00,271.75,4410,3404124.00,3219721.00,1,13.0.2,logs/PSC3-C2-100-5_m2_exact_s0_20260809-132650.gurobi.log
20260809-135653,PSC3-C3-100-5,exact,1,0,16,1800,FEASIBLE,25630014.00,25196828.97,0.01690147,1810.81,1812.98,-1.00,-1.00,-1.00,7520,-1.00,25630014.00,1,13.0.2,logs/PSC3-C3-100-5_m1_exact_s0_20260809-135653.gurobi.log
20260809-142706,PSC3-C3-100-5,exact,2,0,16,1800,FEASIBLE,25707243.00,25299858.01,0.01584709,1549.94,1822.96,25299858.01,25929875.00,271.11,6243,25929875.00,25707243.00,1,13.0.2,logs/PSC3-C3-100-5_m2_exact_s0_20260809-142706.gurobi.log
20260809-145730,PSC3-C4-100-5,exact,1,0,16,1800,FEASIBLE,3690852.00,3521635.81,0.04584746,1798.86,1801.34,-1.00,-1.00,-1.00,5843,-1.00,3690852.00,1,13.0.2,logs/PSC3-C4-100-5_m1_exact_s0_20260809-145730.gurobi.log
20260809-152731,PSC3-C4-100-5,exact,2,0,16,1800,FEASIBLE,4469686.00,3583260.54,0.19831940,0.00,1807.83,3583260.54,4469686.00,272.90,5475,4469686.00,4469686.00,1,13.0.2,logs/PSC3-C4-100-5_m2_exact_s0_20260809-152731.gurobi.log
20260809-155739,PSC3-C5-100-5,exact,1,0,16,1800,FEASIBLE,25832311.00,25606912.49,0.00872545,1813.80,1815.69,-1.00,-1.00,-1.00,7787,-1.00,25832311.00,1,13.0.2,logs/PSC3-C5-100-5_m1_exact_s0_20260809-155739.gurobi.log
20260809-162755,PSC3-C5-100-5,exact,2,0,16,1800,FEASIBLE,25888361.00,25690318.07,0.00764988,1526.48,1804.00,25690318.07,27147243.00,274.74,6060,27147243.00,25888361.00,1,13.0.2,logs/PSC3-C5-100-5_m2_exact_s0_20260809-162755.gurobi.log
20260809-165759,PSC4-C1-100-5,exact,1,0,16,1800,OPTIMAL,3779530.00,3779530.00,0.00000000,191.13,193.89,-1.00,-1.00,-1.00,508,-1.00,3779530.00,1,13.0.2,logs/PSC4-C1-100-5_m1_exact_s0_20260809-165759.gurobi.log
20260809-170113,PSC4-C1-100-5,exact,2,0,16,1800,OPTIMAL,3779530.00,3779530.00,0.00000000,125.47,401.05,3774899.60,3815820.00,272.67,255,3815820.00,3779530.00,1,13.0.2,logs/PSC4-C1-100-5_m2_exact_s0_20260809-170113.gurobi.log
20260809-170755,PSC4-C2-100-5,exact,1,0,16,1800,FEASIBLE,3227791.00,3207978.65,0.00613805,1799.19,1800.75,-1.00,-1.00,-1.00,6063,-1.00,3227791.00,1,13.0.2,logs/PSC4-C2-100-5_m1_exact_s0_20260809-170755.gurobi.log
20260809-173755,PSC4-C2-100-5,exact,2,0,16,1800,FEASIBLE,3240221.00,3214498.76,0.00793842,1531.39,1805.13,3214498.76,3320841.00,271.34,8867,3320841.00,3240221.00,1,13.0.2,logs/PSC4-C2-100-5_m2_exact_s0_20260809-173755.gurobi.log
20260809-180801,PSC4-C3-100-5,exact,1,0,16,1800,FEASIBLE,25825919.00,25362377.71,0.01794869,1804.02,1805.36,-1.00,-1.00,-1.00,8730,-1.00,25825919.00,1,13.0.2,logs/PSC4-C3-100-5_m1_exact_s0_20260809-180801.gurobi.log
20260809-183806,PSC4-C3-100-5,exact,2,0,16,1800,FEASIBLE,25818389.00,25463739.74,0.01373630,1541.21,1813.74,25463739.74,26198847.00,270.93,8994,26198847.00,25818389.00,1,13.0.2,logs/PSC4-C3-100-5_m2_exact_s0_20260809-183806.gurobi.log
20260809-190820,PSC4-C4-100-5,exact,1,0,16,1800,FEASIBLE,3659889.00,3503444.72,0.04274564,1816.75,1818.97,-1.00,-1.00,-1.00,6166,-1.00,3659889.00,1,13.0.2,logs/PSC4-C4-100-5_m1_exact_s0_20260809-190820.gurobi.log
20260809-193840,PSC4-C4-100-5,exact,2,0,16,1800,FEASIBLE,3659155.00,3562342.35,0.02645765,1529.54,1805.26,3562342.35,4855349.00,272.81,5818,4855349.00,3659155.00,1,13.0.2,logs/PSC4-C4-100-5_m2_exact_s0_20260809-193840.gurobi.log
20260809-200845,PSC4-C5-100-5,exact,1,0,16,1800,FEASIBLE,25918702.00,25670563.58,0.00957372,1799.22,1801.70,-1.00,-1.00,-1.00,6479,-1.00,25918702.00,1,13.0.2,logs/PSC4-C5-100-5_m1_exact_s0_20260809-200845.gurobi.log
20260809-203847,PSC4-C5-100-5,exact,2,0,16,1800,FEASIBLE,25947284.00,25767719.37,0.00692036,1539.23,1815.82,25767719.37,26661099.00,273.45,7459,26661099.00,25947284.00,1,13.0.2,logs/PSC4-C5-100-5_m2_exact_s0_20260809-203847.gurobi.log
20260809-210903,PSC5-C1-100-5,exact,1,0,16,1800,OPTIMAL,3797750.00,3797750.00,0.00000000,323.62,325.92,-1.00,-1.00,-1.00,363,-1.00,3797750.00,1,13.0.2,logs/PSC5-C1-100-5_m1_exact_s0_20260809-210903.gurobi.log
20260809-211429,PSC5-C1-100-5,exact,2,0,16,1800,OPTIMAL,3797750.00,3797750.00,0.00000000,447.65,721.98,3792031.44,3820582.00,272.24,446,3820582.00,3797750.00,1,13.0.2,logs/PSC5-C1-100-5_m2_exact_s0_20260809-211429.gurobi.log
20260809-212631,PSC5-C2-100-5,exact,1,0,16,1800,FEASIBLE,3212546.00,3188371.97,0.00752488,1799.54,1801.76,-1.00,-1.00,-1.00,8634,-1.00,3212546.00,1,13.0.2,logs/PSC5-C2-100-5_m1_exact_s0_20260809-212631.gurobi.log
20260809-215633,PSC5-C2-100-5,exact,2,0,16,1800,FEASIBLE,3209744.00,3193486.52,0.00506504,1529.87,1803.03,3193486.52,3241867.00,271.36,7336,3241867.00,3209744.00,1,13.0.2,logs/PSC5-C2-100-5_m2_exact_s0_20260809-215633.gurobi.log
20260809-222637,PSC5-C3-100-5,exact,1,0,16,1800,FEASIBLE,25682532.00,25296215.83,0.01504198,1807.09,1808.36,-1.00,-1.00,-1.00,9200,-1.00,25682532.00,1,13.0.2,logs/PSC5-C3-100-5_m1_exact_s0_20260809-222637.gurobi.log
20260809-225645,PSC5-C3-100-5,exact,2,0,16,1800,FEASIBLE,25738221.00,25396446.78,0.01327886,1528.56,1800.58,25396446.78,26116000.00,270.65,10229,26116000.00,25738221.00,1,13.0.2,logs/PSC5-C3-100-5_m2_exact_s0_20260809-225645.gurobi.log
20260809-232649,PSC5-C4-100-5,exact,1,0,16,1800,FEASIBLE,3706540.00,3515411.29,0.05156526,1801.14,1803.38,-1.00,-1.00,-1.00,6921,-1.00,3706540.00,1,13.0.2,logs/PSC5-C4-100-5_m1_exact_s0_20260809-232649.gurobi.log
20260809-235652,PSC5-C4-100-5,exact,2,0,16,1800,FEASIBLE,3683944.00,3575532.60,0.02942808,1543.37,1819.25,3575532.60,4471565.00,272.88,6153,4471565.00,3683944.00,1,13.0.2,logs/PSC5-C4-100-5_m2_exact_s0_20260809-235652.gurobi.log
20260810-002712,PSC5-C5-100-5,exact,1,0,16,1800,FEASIBLE,25842768.00,25612499.63,0.00891036,1818.76,1821.22,-1.00,-1.00,-1.00,6995,-1.00,25842768.00,1,13.0.2,logs/PSC5-C5-100-5_m1_exact_s0_20260810-002712.gurobi.log
20260810-005733,PSC5-C5-100-5,exact,2,0,16,1800,FEASIBLE,25916891.00,25709950.93,0.00798476,1529.75,1804.81,25709950.93,26545519.00,272.63,7606,26545519.00,25916891.00,1,13.0.2,logs/PSC5-C5-100-5_m2_exact_s0_20260810-005733.gurobi.log
20260810-012738,PSC1-C1-100-10,exact,1,0,16,1800,FEASIBLE,6518714.00,6515633.35,0.00047259,1797.80,1803.07,-1.00,-1.00,-1.00,1023,-1.00,6518714.00,1,13.0.2,logs/PSC1-C1-100-10_m1_exact_s0_20260810-012738.gurobi.log
20260810-015742,PSC1-C1-100-10,exact,2,0,16,1800,FEASIBLE,6522235.00,6515340.99,0.00105700,1524.99,1804.58,6510557.97,6680104.00,273.05,2533,6680104.00,6522235.00,1,13.0.2,logs/PSC1-C1-100-10_m2_exact_s0_20260810-015742.gurobi.log
20260810-022747,PSC1-C2-100-10,exact,1,0,16,1800,FEASIBLE,5957163.00,5910021.02,0.00791349,1809.13,1812.46,-1.00,-1.00,-1.00,12291,-1.00,5957163.00,1,13.0.2,logs/PSC1-C2-100-10_m1_exact_s0_20260810-022747.gurobi.log
20260810-025759,PSC1-C2-100-10,exact,2,0,16,1800,FEASIBLE,5955558.00,5919292.46,0.00608936,1532.31,1808.63,5919292.46,6268039.00,272.87,11342,6268039.00,5955558.00,1,13.0.2,logs/PSC1-C2-100-10_m2_exact_s0_20260810-025759.gurobi.log
20260810-032808,PSC1-C3-100-10,exact,1,0,16,1800,FEASIBLE,51431188.00,50415680.03,0.01974498,1822.77,1825.03,-1.00,-1.00,-1.00,11793,-1.00,51431188.00,1,13.0.2,logs/PSC1-C3-100-10_m1_exact_s0_20260810-032808.gurobi.log
20260810-035834,PSC1-C3-100-10,exact,2,0,16,1800,FEASIBLE,51373407.00,50499186.83,0.01701698,1537.83,1811.73,50499186.83,51639943.00,271.38,11387,51639943.00,51373407.00,1,13.0.2,logs/PSC1-C3-100-10_m2_exact_s0_20260810-035834.gurobi.log
20260810-042846,PSC1-C4-100-10,exact,1,0,16,1800,FEASIBLE,6882614.00,6523083.50,0.05223749,1808.90,1811.80,-1.00,-1.00,-1.00,9141,-1.00,6882614.00,1,13.0.2,logs/PSC1-C4-100-10_m1_exact_s0_20260810-042846.gurobi.log
20260810-045858,PSC1-C4-100-10,exact,2,0,16,1800,FEASIBLE,6809764.00,6599582.37,0.03086475,1538.57,1817.02,6599582.37,8543847.00,275.31,7912,8543847.00,6809764.00,1,13.0.2,logs/PSC1-C4-100-10_m2_exact_s0_20260810-045858.gurobi.log
20260810-052915,PSC1-C5-100-10,exact,1,0,16,1800,FEASIBLE,51127979.00,50730515.75,0.00777389,1808.38,1810.97,-1.00,-1.00,-1.00,9686,-1.00,51127979.00,1,13.0.2,logs/PSC1-C5-100-10_m1_exact_s0_20260810-052915.gurobi.log
20260810-055926,PSC1-C5-100-10,exact,2,0,16,1800,FEASIBLE,51156356.00,50816127.23,0.00665076,1522.03,1802.60,50816127.23,52460062.00,277.45,13415,52460062.00,51156356.00,1,13.0.2,logs/PSC1-C5-100-10_m2_exact_s0_20260810-055926.gurobi.log
20260810-062929,PSC2-C1-100-10,exact,1,0,16,1800,FEASIBLE,6518143.00,6507903.06,0.00157099,1798.45,1803.89,-1.00,-1.00,-1.00,3462,-1.00,6518143.00,1,13.0.2,logs/PSC2-C1-100-10_m1_exact_s0_20260810-062929.gurobi.log
20260810-065933,PSC2-C1-100-10,exact,2,0,16,1800,FEASIBLE,6517080.00,6507805.47,0.00142311,1523.79,1803.76,6502610.29,6616161.00,274.01,3165,6616161.00,6517080.00,1,13.0.2,logs/PSC2-C1-100-10_m2_exact_s0_20260810-065933.gurobi.log
20260810-072937,PSC2-C2-100-10,exact,1,0,16,1800,FEASIBLE,5959202.00,5913253.70,0.00771048,1802.34,1805.24,-1.00,-1.00,-1.00,12496,-1.00,5959202.00,1,13.0.2,logs/PSC2-C2-100-10_m1_exact_s0_20260810-072937.gurobi.log
20260810-075943,PSC2-C2-100-10,exact,2,0,16,1800,FEASIBLE,5960461.00,5921658.05,0.00651006,1530.21,1805.87,5921658.05,6220652.00,272.45,10629,6220652.00,5960461.00,1,13.0.2,logs/PSC2-C2-100-10_m2_exact_s0_20260810-075943.gurobi.log
20260810-082949,PSC2-C3-100-10,exact,1,0,16,1800,FEASIBLE,51386272.00,50392330.02,0.01934256,1800.84,1803.12,-1.00,-1.00,-1.00,10527,-1.00,51386272.00,1,13.0.2,logs/PSC2-C3-100-10_m1_exact_s0_20260810-082949.gurobi.log
20260810-085952,PSC2-C3-100-10,exact,2,0,16,1800,FEASIBLE,51325645.00,50474744.98,0.01657846,1557.36,1831.36,50474744.98,51653633.00,271.44,10500,51653633.00,51325645.00,1,13.0.2,logs/PSC2-C3-100-10_m2_exact_s0_20260810-085952.gurobi.log
20260810-093024,PSC2-C4-100-10,exact,1,0,16,1800,FEASIBLE,6816943.00,6524157.08,0.04294974,1820.26,1823.85,-1.00,-1.00,-1.00,9034,-1.00,6816943.00,1,13.0.2,logs/PSC2-C4-100-10_m1_exact_s0_20260810-093024.gurobi.log
20260810-100048,PSC2-C4-100-10,exact,2,0,16,1800,FEASIBLE,6806915.00,6596825.09,0.03086419,1536.73,1816.88,6596825.09,8302557.00,276.03,5813,8302557.00,6806915.00,1,13.0.2,logs/PSC2-C4-100-10_m2_exact_s0_20260810-100048.gurobi.log
20260810-103105,PSC2-C5-100-10,exact,1,0,16,1800,FEASIBLE,51141098.00,50710994.41,0.00841014,1804.45,1808.99,-1.00,-1.00,-1.00,8232,-1.00,51141098.00,1,13.0.2,logs/PSC2-C5-100-10_m1_exact_s0_20260810-103105.gurobi.log
20260810-110115,PSC2-C5-100-10,exact,2,0,16,1800,FEASIBLE,51178365.00,50798392.32,0.00742448,1525.72,1814.90,50798392.32,52702774.00,283.57,7122,52702774.00,51178365.00,1,13.0.2,logs/PSC2-C5-100-10_m2_exact_s0_20260810-110115.gurobi.log
20260810-113130,PSC3-C1-100-10,exact,1,0,16,1800,FEASIBLE,6522520.00,6514081.94,0.00129368,1796.81,1803.70,-1.00,-1.00,-1.00,3892,-1.00,6522520.00,1,13.0.2,logs/PSC3-C1-100-10_m1_exact_s0_20260810-113130.gurobi.log
20260810-120134,PSC3-C1-100-10,exact,2,0,16,1800,FEASIBLE,6517199.00,6515124.54,0.00031831,1523.61,1802.64,6509284.82,6562065.00,274.05,940,6562065.00,6517199.00,1,13.0.2,logs/PSC3-C1-100-10_m2_exact_s0_20260810-120134.gurobi.log
20260810-123137,PSC3-C2-100-10,exact,1,0,16,1800,FEASIBLE,5964158.00,5912444.40,0.00867073,1802.90,1805.85,-1.00,-1.00,-1.00,11930,-1.00,5964158.00,1,13.0.2,logs/PSC3-C2-100-10_m1_exact_s0_20260810-123137.gurobi.log
20260810-130143,PSC3-C2-100-10,exact,2,0,16,1800,FEASIBLE,5955003.00,5921881.93,0.00556189,1529.85,1806.69,5921881.93,6477590.00,273.16,8838,6477590.00,5955003.00,1,13.0.2,logs/PSC3-C2-100-10_m2_exact_s0_20260810-130143.gurobi.log
20260810-133150,PSC3-C3-100-10,exact,1,0,16,1800,FEASIBLE,51402293.00,50351191.39,0.02044854,1806.69,1809.03,-1.00,-1.00,-1.00,10710,-1.00,51402293.00,1,13.0.2,logs/PSC3-C3-100-10_m1_exact_s0_20260810-133150.gurobi.log
20260810-140200,PSC3-C3-100-10,exact,2,0,16,1800,FEASIBLE,51151335.00,50434789.00,0.01400835,1574.96,1849.48,50434789.00,51679908.00,271.35,6646,51679908.00,51151335.00,1,13.0.2,logs/PSC3-C3-100-10_m2_exact_s0_20260810-140200.gurobi.log
20260810-143249,PSC3-C4-100-10,exact,1,0,16,1800,FEASIBLE,6809846.00,6517964.92,0.04286163,1825.29,1829.33,-1.00,-1.00,-1.00,5944,-1.00,6809846.00,1,13.0.2,logs/PSC3-C4-100-10_m1_exact_s0_20260810-143249.gurobi.log
20260810-150319,PSC3-C4-100-10,exact,2,0,16,1800,FEASIBLE,6793640.00,6595065.11,0.02922953,1544.65,1827.19,6595065.11,8625723.00,276.86,5332,8625723.00,6793640.00,1,13.0.2,logs/PSC3-C4-100-10_m2_exact_s0_20260810-150319.gurobi.log
20260810-153347,PSC3-C5-100-10,exact,1,0,16,1800,FEASIBLE,51065139.00,50663227.66,0.00787056,1814.32,1818.78,-1.00,-1.00,-1.00,8401,-1.00,51065139.00,1,13.0.2,logs/PSC3-C5-100-10_m1_exact_s0_20260810-153347.gurobi.log
20260810-160406,PSC3-C5-100-10,exact,2,0,16,1800,FEASIBLE,51102886.00,50749585.65,0.00691351,1534.70,1816.27,50749585.65,52685748.00,278.09,12666,52685748.00,51102886.00,1,13.0.2,logs/PSC3-C5-100-10_m2_exact_s0_20260810-160406.gurobi.log
20260810-163422,PSC4-C1-100-10,exact,1,0,16,1800,FEASIBLE,6530430.00,6521547.32,0.00136020,1798.44,1803.85,-1.00,-1.00,-1.00,4514,-1.00,6530430.00,1,13.0.2,logs/PSC4-C1-100-10_m1_exact_s0_20260810-163422.gurobi.log
20260810-170427,PSC4-C1-100-10,exact,2,0,16,1800,FEASIBLE,6533182.00,6520975.57,0.00186837,1524.90,1806.27,6516643.58,6579045.00,273.77,4831,6579045.00,6533182.00,1,13.0.2,logs/PSC4-C1-100-10_m2_exact_s0_20260810-170427.gurobi.log
20260810-173433,PSC4-C2-100-10,exact,1,0,16,1800,FEASIBLE,5972814.00,5922935.44,0.00835093,1814.35,1817.70,-1.00,-1.00,-1.00,10634,-1.00,5972814.00,1,13.0.2,logs/PSC4-C2-100-10_m1_exact_s0_20260810-173433.gurobi.log
20260810-180451,PSC4-C2-100-10,exact,2,0,16,1800,FEASIBLE,5968819.00,5931617.81,0.00623259,1525.56,1803.61,5931617.81,6416313.00,273.45,8281,6416313.00,5968819.00,1,13.0.2,logs/PSC4-C2-100-10_m2_exact_s0_20260810-180451.gurobi.log
20260810-183455,PSC4-C3-100-10,exact,1,0,16,1800,FEASIBLE,51458663.00,50427596.65,0.02003679,1824.51,1827.19,-1.00,-1.00,-1.00,9039,-1.00,51458663.00,1,13.0.2,logs/PSC4-C3-100-10_m1_exact_s0_20260810-183455.gurobi.log
20260810-190523,PSC4-C3-100-10,exact,2,0,16,1800,FEASIBLE,51258583.00,50488067.50,0.01503193,1526.51,1802.71,50488067.50,51730635.00,271.90,6492,51730635.00,51258583.00,1,13.0.2,logs/PSC4-C3-100-10_m2_exact_s0_20260810-190523.gurobi.log
20260810-193526,PSC4-C4-100-10,exact,1,0,16,1800,FEASIBLE,6806700.00,6524605.86,0.04144360,1812.58,1816.99,-1.00,-1.00,-1.00,6310,-1.00,6806700.00,1,13.0.2,logs/PSC4-C4-100-10_m1_exact_s0_20260810-193526.gurobi.log
20260810-200543,PSC4-C4-100-10,exact,2,0,16,1800,FEASIBLE,6791854.00,6603616.42,0.02771520,1564.79,1846.06,6603616.42,8502676.00,276.98,5740,8502676.00,6791854.00,1,13.0.2,logs/PSC4-C4-100-10_m2_exact_s0_20260810-200543.gurobi.log
20260810-203630,PSC4-C5-100-10,exact,1,0,16,1800,FEASIBLE,51158221.00,50745633.96,0.00806492,1799.84,1800.99,-1.00,-1.00,-1.00,9947,-1.00,51158221.00,1,13.0.2,logs/PSC4-C5-100-10_m1_exact_s0_20260810-203630.gurobi.log
20260810-210633,PSC4-C5-100-10,exact,2,0,16,1800,FEASIBLE,51208886.00,50829249.01,0.00741350,1523.20,1803.60,50829249.01,52563724.00,277.16,12855,52563724.00,51208886.00,1,13.0.2,logs/PSC4-C5-100-10_m2_exact_s0_20260810-210633.gurobi.log
20260810-213637,PSC5-C1-100-10,exact,1,0,16,1800,FEASIBLE,6528133.00,6524780.79,0.00051350,1798.28,1805.88,-1.00,-1.00,-1.00,615,-1.00,6528133.00,1,13.0.2,logs/PSC5-C1-100-10_m1_exact_s0_20260810-213637.gurobi.log
20260810-220643,PSC5-C1-100-10,exact,2,0,16,1800,FEASIBLE,6528227.00,6525061.48,0.00048490,1524.23,1802.21,6520123.31,6546730.00,273.75,1861,6546730.00,6528227.00,1,13.0.2,logs/PSC5-C1-100-10_m2_exact_s0_20260810-220643.gurobi.log
20260810-223646,PSC5-C2-100-10,exact,1,0,16,1800,FEASIBLE,5955907.00,5895890.01,0.01007688,1812.63,1815.74,-1.00,-1.00,-1.00,11658,-1.00,5955907.00,1,13.0.2,logs/PSC5-C2-100-10_m1_exact_s0_20260810-223646.gurobi.log
20260810-230702,PSC5-C2-100-10,exact,2,0,16,1800,FEASIBLE,5945996.00,5905996.11,0.00672720,1535.58,1811.18,5905996.11,6240673.00,272.41,10441,6240673.00,5945996.00,1,13.0.2,logs/PSC5-C2-100-10_m2_exact_s0_20260810-230702.gurobi.log
20260810-233713,PSC5-C3-100-10,exact,1,0,16,1800,FEASIBLE,51421395.00,50363005.25,0.02058267,1800.87,1803.18,-1.00,-1.00,-1.00,7724,-1.00,51421395.00,1,13.0.2,logs/PSC5-C3-100-10_m1_exact_s0_20260810-233713.gurobi.log
20260811-000717,PSC5-C3-100-10,exact,2,0,16,1800,FEASIBLE,51192148.00,50424606.55,0.01499334,0.00,1832.00,50424606.55,51192148.00,271.79,6120,51192148.00,51192148.00,1,13.0.2,logs/PSC5-C3-100-10_m2_exact_s0_20260811-000717.gurobi.log
20260811-003749,PSC5-C4-100-10,exact,1,0,16,1800,FEASIBLE,6814241.00,6521014.97,0.04303136,1806.58,1810.66,-1.00,-1.00,-1.00,6373,-1.00,6814241.00,1,13.0.2,logs/PSC5-C4-100-10_m1_exact_s0_20260811-003749.gurobi.log
20260811-010800,PSC5-C4-100-10,exact,2,0,16,1800,FEASIBLE,6844375.00,6599179.98,0.03582431,1535.38,1817.53,6599179.98,8095223.00,277.44,7522,8095223.00,6844375.00,1,13.0.2,logs/PSC5-C4-100-10_m2_exact_s0_20260811-010800.gurobi.log
20260811-013818,PSC5-C5-100-10,exact,1,0,16,1800,FEASIBLE,51087129.00,50683721.11,0.00789647,1813.08,1815.73,-1.00,-1.00,-1.00,12155,-1.00,51087129.00,1,13.0.2,logs/PSC5-C5-100-10_m1_exact_s0_20260811-013818.gurobi.log
20260811-020834,PSC5-C5-100-10,exact,2,0,16,1800,FEASIBLE,51145646.00,50767523.78,0.00739305,1524.65,1804.11,50767523.78,52670686.00,276.48,11779,52670686.00,51145646.00,1,13.0.2,logs/PSC5-C5-100-10_m2_exact_s0_20260811-020834.gurobi.log
20260811-023838,PSC1-C1-50-5,exact-fl,0,0,16,1800,OPTIMAL,1923801.00,1923801.00,0.00000000,1166.96,1167.39,-1.00,-1.00,-1.00,0,-1.00,1923801.00,1,13.0.2,logs/PSC1-C1-50-5_m0_exact-fl_s0_20260811-023838.gurobi.log
20260811-025806,PSC1-C2-50-5,exact-fl,0,0,16,1800,FEASIBLE,1637829.00,1630588.51,0.00442079,1800.08,1800.42,-1.00,-1.00,-1.00,0,-1.00,1637829.00,1,13.0.2,logs/PSC1-C2-50-5_m0_exact-fl_s0_20260811-025806.gurobi.log
20260811-032806,PSC1-C3-50-5,exact-fl,0,0,16,1800,FEASIBLE,13057130.00,13001448.56,0.00426445,1800.16,1800.47,-1.00,-1.00,-1.00,0,-1.00,13057130.00,1,13.0.2,logs/PSC1-C3-50-5_m0_exact-fl_s0_20260811-032806.gurobi.log
20260811-035807,PSC1-C4-50-5,exact-fl,0,0,16,1800,FEASIBLE,1886462.00,1846274.16,0.02130329,1800.02,1800.32,-1.00,-1.00,-1.00,0,-1.00,1886462.00,1,13.0.2,logs/PSC1-C4-50-5_m0_exact-fl_s0_20260811-035807.gurobi.log
20260811-042807,PSC1-C5-50-5,exact-fl,0,0,16,1800,FEASIBLE,13140841.00,13092755.12,0.00365927,1800.02,1800.33,-1.00,-1.00,-1.00,0,-1.00,13140795.00,1,13.0.2,logs/PSC1-C5-50-5_m0_exact-fl_s0_20260811-042807.gurobi.log
20260811-045808,PSC2-C1-50-5,exact-fl,0,0,16,1800,FEASIBLE,1930830.00,1927349.04,0.00180283,1800.57,1801.50,-1.00,-1.00,-1.00,0,-1.00,1930830.00,1,13.0.2,logs/PSC2-C1-50-5_m0_exact-fl_s0_20260811-045808.gurobi.log
20260811-052809,PSC2-C2-50-5,exact-fl,0,0,16,1800,FEASIBLE,1639257.00,1635374.10,0.00236870,1800.04,1800.39,-1.00,-1.00,-1.00,0,-1.00,1639257.00,1,13.0.2,logs/PSC2-C2-50-5_m0_exact-fl_s0_20260811-052809.gurobi.log
20260811-055810,PSC2-C3-50-5,exact-fl,0,0,16,1800,FEASIBLE,13069020.00,13010371.81,0.00448757,1799.98,1800.29,-1.00,-1.00,-1.00,0,-1.00,13069020.00,1,13.0.2,logs/PSC2-C3-50-5_m0_exact-fl_s0_20260811-055810.gurobi.log
20260811-062810,PSC2-C4-50-5,exact-fl,0,0,16,1800,FEASIBLE,1883202.00,1846571.72,0.01945106,1800.03,1800.37,-1.00,-1.00,-1.00,0,-1.00,1883202.00,1,13.0.2,logs/PSC2-C4-50-5_m0_exact-fl_s0_20260811-062810.gurobi.log
20260811-065811,PSC2-C5-50-5,exact-fl,0,0,16,1800,FEASIBLE,13079904.00,13035238.58,0.00341481,1800.04,1800.44,-1.00,-1.00,-1.00,0,-1.00,13079904.00,1,13.0.2,logs/PSC2-C5-50-5_m0_exact-fl_s0_20260811-065811.gurobi.log
20260811-072811,PSC3-C1-50-5,exact-fl,0,0,16,1800,FEASIBLE,1931829.00,1928024.55,0.00196935,1800.41,1801.58,-1.00,-1.00,-1.00,0,-1.00,1931829.00,1,13.0.2,logs/PSC3-C1-50-5_m0_exact-fl_s0_20260811-072811.gurobi.log
20260811-075813,PSC3-C2-50-5,exact-fl,0,0,16,1800,FEASIBLE,1640016.00,1632730.03,0.00444262,1800.00,1800.34,-1.00,-1.00,-1.00,0,-1.00,1640016.00,1,13.0.2,logs/PSC3-C2-50-5_m0_exact-fl_s0_20260811-075813.gurobi.log
20260811-082814,PSC3-C3-50-5,exact-fl,0,0,16,1800,FEASIBLE,12992199.00,12932373.30,0.00460474,1800.02,1800.36,-1.00,-1.00,-1.00,0,-1.00,12992199.00,1,13.0.2,logs/PSC3-C3-50-5_m0_exact-fl_s0_20260811-082814.gurobi.log
20260811-085814,PSC3-C4-50-5,exact-fl,0,0,16,1800,FEASIBLE,1883057.00,1845199.78,0.02010413,1800.05,1800.35,-1.00,-1.00,-1.00,0,-1.00,1883057.00,1,13.0.2,logs/PSC3-C4-50-5_m0_exact-fl_s0_20260811-085814.gurobi.log
20260811-092814,PSC3-C5-50-5,exact-fl,0,0,16,1800,FEASIBLE,13133328.00,13082355.95,0.00388112,1800.01,1800.39,-1.00,-1.00,-1.00,0,-1.00,13133091.00,1,13.0.2,logs/PSC3-C5-50-5_m0_exact-fl_s0_20260811-092814.gurobi.log
20260811-095815,PSC4-C1-50-5,exact-fl,0,0,16,1800,OPTIMAL,1909659.00,1909659.00,0.00000000,943.58,944.00,-1.00,-1.00,-1.00,0,-1.00,1909659.00,1,13.0.2,logs/PSC4-C1-50-5_m0_exact-fl_s0_20260811-095815.gurobi.log
20260811-101359,PSC4-C2-50-5,exact-fl,0,0,16,1800,FEASIBLE,1643887.00,1636171.59,0.00469339,1800.05,1800.36,-1.00,-1.00,-1.00,0,-1.00,1643887.00,1,13.0.2,logs/PSC4-C2-50-5_m0_exact-fl_s0_20260811-101359.gurobi.log
20260811-104400,PSC4-C3-50-5,exact-fl,0,0,16,1800,FEASIBLE,13062129.00,13005759.30,0.00431551,1800.05,1800.39,-1.00,-1.00,-1.00,0,-1.00,13062129.00,1,13.0.2,logs/PSC4-C3-50-5_m0_exact-fl_s0_20260811-104400.gurobi.log
20260811-111400,PSC4-C4-50-5,exact-fl,0,0,16,1800,FEASIBLE,1878199.00,1839723.90,0.02048510,1800.02,1800.34,-1.00,-1.00,-1.00,0,-1.00,1878199.00,1,13.0.2,logs/PSC4-C4-50-5_m0_exact-fl_s0_20260811-111400.gurobi.log
20260811-114400,PSC4-C5-50-5,exact-fl,0,0,16,1800,FEASIBLE,13136870.00,13095122.72,0.00317787,1800.15,1800.47,-1.00,-1.00,-1.00,0,-1.00,13136870.00,1,13.0.2,logs/PSC4-C5-50-5_m0_exact-fl_s0_20260811-114400.gurobi.log
20260811-121401,PSC5-C1-50-5,exact-fl,0,0,16,1800,OPTIMAL,1895151.00,1895151.00,0.00000000,894.64,895.04,-1.00,-1.00,-1.00,0,-1.00,1895151.00,1,13.0.2,logs/PSC5-C1-50-5_m0_exact-fl_s0_20260811-121401.gurobi.log
20260811-122856,PSC5-C2-50-5,exact-fl,0,0,16,1800,FEASIBLE,1639236.00,1632251.10,0.00426107,1799.96,1800.32,-1.00,-1.00,-1.00,0,-1.00,1639236.00,1,13.0.2,logs/PSC5-C2-50-5_m0_exact-fl_s0_20260811-122856.gurobi.log
20260811-125857,PSC5-C3-50-5,exact-fl,0,0,16,1800,FEASIBLE,13019935.01,12962438.45,0.00441604,1800.09,1800.37,-1.00,-1.00,-1.00,0,-1.00,13019542.00,1,13.0.2,logs/PSC5-C3-50-5_m0_exact-fl_s0_20260811-125857.gurobi.log
20260811-132857,PSC5-C4-50-5,exact-fl,0,0,16,1800,FEASIBLE,1883544.00,1844061.71,0.02096170,1800.02,1800.35,-1.00,-1.00,-1.00,0,-1.00,1883544.00,1,13.0.2,logs/PSC5-C4-50-5_m0_exact-fl_s0_20260811-132857.gurobi.log
20260811-135858,PSC5-C5-50-5,exact-fl,0,0,16,1800,FEASIBLE,13103721.00,13051153.97,0.00401161,1800.05,1800.36,-1.00,-1.00,-1.00,0,-1.00,13103721.00,1,13.0.2,logs/PSC5-C5-50-5_m0_exact-fl_s0_20260811-135858.gurobi.log
20260811-142858,PSC1-C1-50-10,exact-fl,0,0,16,1800,FEASIBLE,3273074.00,3264432.56,0.00264016,1800.14,1800.89,-1.00,-1.00,-1.00,0,-1.00,3272791.00,1,13.0.2,logs/PSC1-C1-50-10_m0_exact-fl_s0_20260811-142858.gurobi.log
20260811-145859,PSC1-C2-50-10,exact-fl,0,0,16,1800,FEASIBLE,3001109.00,2972947.95,0.00938355,1799.84,1800.41,-1.00,-1.00,-1.00,0,-1.00,3001109.00,1,13.0.2,logs/PSC1-C2-50-10_m0_exact-fl_s0_20260811-145859.gurobi.log
20260811-152900,PSC1-C3-50-10,exact-fl,0,0,16,1800,FEASIBLE,25827710.00,25551539.39,0.01069280,1799.89,1800.49,-1.00,-1.00,-1.00,0,-1.00,25696488.00,1,13.0.2,logs/PSC1-C3-50-10_m0_exact-fl_s0_20260811-152900.gurobi.log
20260811-155900,PSC1-C4-50-10,exact-fl,0,0,16,1800,FEASIBLE,3506473.00,3378481.34,0.03650154,1847.66,1848.18,-1.00,-1.00,-1.00,0,-1.00,3506473.00,1,13.0.2,logs/PSC1-C4-50-10_m0_exact-fl_s0_20260811-155900.gurobi.log
20260811-162949,PSC1-C5-50-10,exact-fl,0,0,16,1800,FEASIBLE,25714460.00,25638180.09,0.00296642,1800.01,1800.52,-1.00,-1.00,-1.00,0,-1.00,25714460.00,1,13.0.2,logs/PSC1-C5-50-10_m0_exact-fl_s0_20260811-162949.gurobi.log
20260811-165949,PSC2-C1-50-10,exact-fl,0,0,16,1800,FEASIBLE,3279516.00,3270266.42,0.00282041,1800.21,1801.00,-1.00,-1.00,-1.00,0,-1.00,3279516.00,1,13.0.2,logs/PSC2-C1-50-10_m0_exact-fl_s0_20260811-165949.gurobi.log
20260811-172950,PSC2-C2-50-10,exact-fl,0,0,16,1800,FEASIBLE,3013602.00,2986286.87,0.00906395,1799.92,1800.48,-1.00,-1.00,-1.00,0,-1.00,3013602.00,1,13.0.2,logs/PSC2-C2-50-10_m0_exact-fl_s0_20260811-172950.gurobi.log
20260811-175951,PSC2-C3-50-10,exact-fl,0,0,16,1800,FEASIBLE,25661820.00,25561222.28,0.00392013,1799.96,1800.61,-1.00,-1.00,-1.00,0,-1.00,25661820.00,1,13.0.2,logs/PSC2-C3-50-10_m0_exact-fl_s0_20260811-175951.gurobi.log
20260811-182952,PSC2-C4-50-10,exact-fl,0,0,16,1800,FEASIBLE,3537858.00,3377234.84,0.04540124,1799.79,1800.40,-1.00,-1.00,-1.00,0,-1.00,3537858.00,1,13.0.2,logs/PSC2-C4-50-10_m0_exact-fl_s0_20260811-182952.gurobi.log
20260811-185952,PSC2-C5-50-10,exact-fl,0,0,16,1800,FEASIBLE,25640887.00,25553316.52,0.00341527,1799.90,1800.46,-1.00,-1.00,-1.00,0,-1.00,25640887.00,1,13.0.2,logs/PSC2-C5-50-10_m0_exact-fl_s0_20260811-185952.gurobi.log
20260811-192953,PSC3-C1-50-10,exact-fl,0,0,16,1800,FEASIBLE,3278785.00,3273443.20,0.00162920,1799.96,1800.68,-1.00,-1.00,-1.00,0,-1.00,3278785.00,1,13.0.2,logs/PSC3-C1-50-10_m0_exact-fl_s0_20260811-192953.gurobi.log
20260811-195954,PSC3-C2-50-10,exact-fl,0,0,16,1800,FEASIBLE,3007816.00,2982366.15,0.00846124,1800.03,1800.55,-1.00,-1.00,-1.00,0,-1.00,3007816.00,1,13.0.2,logs/PSC3-C2-50-10_m0_exact-fl_s0_20260811-195954.gurobi.log
20260811-202954,PSC3-C3-50-10,exact-fl,0,0,16,1800,FEASIBLE,25565225.00,25450839.82,0.00447425,1799.91,1800.58,-1.00,-1.00,-1.00,0,-1.00,25565225.00,1,13.0.2,logs/PSC3-C3-50-10_m0_exact-fl_s0_20260811-202954.gurobi.log
20260811-205955,PSC3-C4-50-10,exact-fl,0,0,16,1800,FEASIBLE,3515936.00,3370737.21,0.04129734,1799.68,1800.52,-1.00,-1.00,-1.00,0,-1.00,3515936.00,1,13.0.2,logs/PSC3-C4-50-10_m0_exact-fl_s0_20260811-205955.gurobi.log
20260811-212956,PSC3-C5-50-10,exact-fl,0,0,16,1800,FEASIBLE,25746365.00,25629494.40,0.00453930,1800.05,1800.60,-1.00,-1.00,-1.00,0,-1.00,25746365.00,1,13.0.2,logs/PSC3-C5-50-10_m0_exact-fl_s0_20260811-212956.gurobi.log
20260811-215957,PSC4-C1-50-10,exact-fl,0,0,16,1800,FEASIBLE,3278091.00,3274590.04,0.00106799,1800.10,1800.85,-1.00,-1.00,-1.00,0,-1.00,3278091.00,1,13.0.2,logs/PSC4-C1-50-10_m0_exact-fl_s0_20260811-215957.gurobi.log
20260811-222958,PSC4-C2-50-10,exact-fl,0,0,16,1800,FEASIBLE,3009122.00,2982613.97,0.00880923,1800.02,1800.63,-1.00,-1.00,-1.00,0,-1.00,3009122.00,1,13.0.2,logs/PSC4-C2-50-10_m0_exact-fl_s0_20260811-222958.gurobi.log
20260811-225959,PSC4-C3-50-10,exact-fl,0,0,16,1800,FEASIBLE,25656614.00,25555794.72,0.00392956,1800.03,1800.63,-1.00,-1.00,-1.00,0,-1.00,25656614.00,1,13.0.2,logs/PSC4-C3-50-10_m0_exact-fl_s0_20260811-225959.gurobi.log
20260811-232959,PSC4-C4-50-10,exact-fl,0,0,16,1800,FEASIBLE,3509714.00,3364684.46,0.04132232,1799.91,1800.57,-1.00,-1.00,-1.00,0,-1.00,3509714.00,1,13.0.2,logs/PSC4-C4-50-10_m0_exact-fl_s0_20260811-232959.gurobi.log
20260812-000000,PSC4-C5-50-10,exact-fl,0,0,16,1800,FEASIBLE,25717246.00,25636934.33,0.00312287,1799.48,1800.43,-1.00,-1.00,-1.00,0,-1.00,25717246.00,1,13.0.2,logs/PSC4-C5-50-10_m0_exact-fl_s0_20260812-000000.gurobi.log
20260812-003001,PSC5-C1-50-10,exact-fl,0,0,16,1800,FEASIBLE,3273427.00,3265129.84,0.00253470,1799.70,1797.80,-1.00,-1.00,-1.00,0,-1.00,3273427.00,1,13.0.2,logs/PSC5-C1-50-10_m0_exact-fl_s0_20260812-003001.gurobi.log
20260812-110035,PSC5-C2-50-10,exact-fl,0,0,16,1800,FEASIBLE,3005684.00,2980051.76,0.00852792,1800.07,1800.58,-1.00,-1.00,-1.00,0,-1.00,3005684.00,1,13.0.2,logs/PSC5-C2-50-10_m0_exact-fl_s0_20260812-110035.gurobi.log
20260812-113035,PSC5-C3-50-10,exact-fl,0,0,16,1800,FEASIBLE,25627261.00,25512566.89,0.00447547,1799.97,1800.56,-1.00,-1.00,-1.00,0,-1.00,25627261.00,1,13.0.2,logs/PSC5-C3-50-10_m0_exact-fl_s0_20260812-113035.gurobi.log
20260812-120036,PSC5-C4-50-10,exact-fl,0,0,16,1800,FEASIBLE,3511459.00,3372661.11,0.03952713,1799.84,1800.38,-1.00,-1.00,-1.00,0,-1.00,3511459.00,1,13.0.2,logs/PSC5-C4-50-10_m0_exact-fl_s0_20260812-120036.gurobi.log
20260812-123037,PSC5-C5-50-10,exact-fl,0,0,16,1800,FEASIBLE,25679284.00,25598341.14,0.00315207,1799.98,1800.52,-1.00,-1.00,-1.00,0,-1.00,25679284.00,1,13.0.2,logs/PSC5-C5-50-10_m0_exact-fl_s0_20260812-123037.gurobi.log
20260812-130037,PSC1-C1-100-5,exact-fl,0,0,16,1800,FEASIBLE,3790674.00,3784690.08,0.00157859,1799.96,1801.51,-1.00,-1.00,-1.00,0,-1.00,3790577.00,1,13.0.2,logs/PSC1-C1-100-5_m0_exact-fl_s0_20260812-130037.gurobi.log
20260812-133039,PSC1-C2-100-5,exact-fl,0,0,16,1800,FEASIBLE,3201320.00,3191610.61,0.00303293,1799.85,1801.36,-1.00,-1.00,-1.00,0,-1.00,3201320.00,1,13.0.2,logs/PSC1-C2-100-5_m0_exact-fl_s0_20260812-133039.gurobi.log
20260812-140041,PSC1-C3-100-5,exact-fl,0,0,16,1800,FEASIBLE,25849526.00,25513297.73,0.01300713,2671.99,2673.39,-1.00,-1.00,-1.00,0,-1.00,25849526.00,1,13.0.2,logs/PSC1-C3-100-5_m0_exact-fl_s0_20260812-140041.gurobi.log
20260812-144514,PSC1-C4-100-5,exact-fl,0,0,16,1800,FEASIBLE,3656401.00,3586705.79,0.01906115,1799.63,1801.03,-1.00,-1.00,-1.00,0,-1.00,3656401.00,1,13.0.2,logs/PSC1-C4-100-5_m0_exact-fl_s0_20260812-144514.gurobi.log
20260812-151515,PSC1-C5-100-5,exact-fl,0,0,16,1800,FEASIBLE,25874539.00,25790377.38,0.00325268,1798.98,1800.94,-1.00,-1.00,-1.00,0,-1.00,25874539.00,1,13.0.2,logs/PSC1-C5-100-5_m0_exact-fl_s0_20260812-151515.gurobi.log
20260812-154517,PSC2-C1-100-5,exact-fl,0,0,16,1800,FEASIBLE,3781398.00,3773703.29,0.00203488,1799.30,1801.88,-1.00,-1.00,-1.00,0,-1.00,3781398.00,1,13.0.2,logs/PSC2-C1-100-5_m0_exact-fl_s0_20260812-154517.gurobi.log
20260812-161519,PSC2-C2-100-5,exact-fl,0,0,16,1800,FEASIBLE,3219544.00,3206485.59,0.00405598,1799.13,1801.16,-1.00,-1.00,-1.00,0,-1.00,3219544.00,1,13.0.2,logs/PSC2-C2-100-5_m0_exact-fl_s0_20260812-161519.gurobi.log
20260812-164520,PSC2-C3-100-5,exact-fl,0,0,16,1800,FEASIBLE,25837963.00,25474558.11,0.01406477,1799.59,1800.70,-1.00,-1.00,-1.00,0,-1.00,25837963.00,1,13.0.2,logs/PSC2-C3-100-5_m0_exact-fl_s0_20260812-164520.gurobi.log
20260812-171521,PSC2-C4-100-5,exact-fl,0,0,16,1800,FEASIBLE,3654067.00,3576222.84,0.02130343,1798.50,1801.20,-1.00,-1.00,-1.00,0,-1.00,3654067.00,1,13.0.2,logs/PSC2-C4-100-5_m0_exact-fl_s0_20260812-171521.gurobi.log
20260812-174523,PSC2-C5-100-5,exact-fl,0,0,16,1800,FEASIBLE,25762034.00,25672785.71,0.00346433,1798.81,1801.09,-1.00,-1.00,-1.00,0,-1.00,25762034.00,1,13.0.2,logs/PSC2-C5-100-5_m0_exact-fl_s0_20260812-174523.gurobi.log
20260812-181524,PSC3-C1-100-5,exact-fl,0,0,16,1800,FEASIBLE,3790331.00,3782291.80,0.00212097,1798.98,1801.71,-1.00,-1.00,-1.00,0,-1.00,3790331.00,1,13.0.2,logs/PSC3-C1-100-5_m0_exact-fl_s0_20260812-181524.gurobi.log
20260812-184526,PSC3-C2-100-5,exact-fl,0,0,16,1800,FEASIBLE,3214389.00,3205328.77,0.00281865,1799.02,1801.21,-1.00,-1.00,-1.00,0,-1.00,3214389.00,1,13.0.2,logs/PSC3-C2-100-5_m0_exact-fl_s0_20260812-184526.gurobi.log
20260812-191528,PSC3-C3-100-5,exact-fl,0,0,16,1800,FEASIBLE,25697101.00,25353995.22,0.01335193,1798.85,1800.47,-1.00,-1.00,-1.00,0,-1.00,25697101.00,1,13.0.2,logs/PSC3-C3-100-5_m0_exact-fl_s0_20260812-191528.gurobi.log
20260812-194528,PSC3-C4-100-5,exact-fl,0,0,16,1800,FEASIBLE,3654156.00,3586477.43,0.01852099,1799.55,1801.24,-1.00,-1.00,-1.00,0,-1.00,3654156.00,1,13.0.2,logs/PSC3-C4-100-5_m0_exact-fl_s0_20260812-194528.gurobi.log
20260812-201530,PSC3-C5-100-5,exact-fl,0,0,16,1800,FEASIBLE,25820611.00,25733808.51,0.00336175,1798.86,1800.73,-1.00,-1.00,-1.00,0,-1.00,25820611.00,1,13.0.2,logs/PSC3-C5-100-5_m0_exact-fl_s0_20260812-201530.gurobi.log
20260812-204531,PSC4-C1-100-5,exact-fl,0,0,16,1800,FEASIBLE,3781417.00,3775906.56,0.00145724,1800.34,1802.10,-1.00,-1.00,-1.00,0,-1.00,3781417.00,1,13.0.2,logs/PSC4-C1-100-5_m0_exact-fl_s0_20260812-204531.gurobi.log
20260812-211533,PSC4-C2-100-5,exact-fl,0,0,16,1800,FEASIBLE,3228607.00,3216191.68,0.00384541,1799.54,1801.00,-1.00,-1.00,-1.00,0,-1.00,3228607.00,1,13.0.2,logs/PSC4-C2-100-5_m0_exact-fl_s0_20260812-211533.gurobi.log
20260812-214534,PSC4-C3-100-5,exact-fl,0,0,16,1800,FEASIBLE,25873117.00,25523809.78,0.01350078,1799.17,1800.61,-1.00,-1.00,-1.00,0,-1.00,25873117.00,1,13.0.2,logs/PSC4-C3-100-5_m0_exact-fl_s0_20260812-214534.gurobi.log
20260812-221535,PSC4-C4-100-5,exact-fl,0,0,16,1800,FEASIBLE,3638587.00,3570716.19,0.01865307,1799.18,1801.28,-1.00,-1.00,-1.00,0,-1.00,3638587.00,1,13.0.2,logs/PSC4-C4-100-5_m0_exact-fl_s0_20260812-221535.gurobi.log
20260812-224537,PSC4-C5-100-5,exact-fl,0,0,16,1800,FEASIBLE,25892843.00,25795661.33,0.00375323,1798.97,1801.11,-1.00,-1.00,-1.00,0,-1.00,25892843.00,1,13.0.2,logs/PSC4-C5-100-5_m0_exact-fl_s0_20260812-224537.gurobi.log
20260812-231538,PSC5-C1-100-5,exact-fl,0,0,16,1800,FEASIBLE,3803801.00,3792764.62,0.00290141,1799.30,1799.04,-1.00,-1.00,-1.00,0,-1.00,3803801.00,1,13.0.2,logs/PSC5-C1-100-5_m0_exact-fl_s0_20260812-231538.gurobi.log
20260812-234540,PSC5-C2-100-5,exact-fl,0,0,16,1800,FEASIBLE,3204206.00,3194724.90,0.00295895,1799.33,1801.13,-1.00,-1.00,-1.00,0,-1.00,3204206.00,1,13.0.2,logs/PSC5-C2-100-5_m0_exact-fl_s0_20260812-234540.gurobi.log
20260813-001542,PSC5-C3-100-5,exact-fl,0,0,16,1800,FEASIBLE,25802523.00,25460020.27,0.01327400,2104.21,2105.18,-1.00,-1.00,-1.00,0,-1.00,25802523.00,1,13.0.2,logs/PSC5-C3-100-5_m0_exact-fl_s0_20260813-001542.gurobi.log
20260813-005047,PSC5-C4-100-5,exact-fl,0,0,16,1800,FEASIBLE,3647608.00,3585359.36,0.01706560,1962.53,1963.83,-1.00,-1.00,-1.00,0,-1.00,3647608.00,1,13.0.2,logs/PSC5-C4-100-5_m0_exact-fl_s0_20260813-005047.gurobi.log
20260813-012331,PSC5-C5-100-5,exact-fl,0,0,16,1800,FEASIBLE,25824300.00,25746095.49,0.00302833,2482.79,2484.09,-1.00,-1.00,-1.00,0,-1.00,25824300.00,1,13.0.2,logs/PSC5-C5-100-5_m0_exact-fl_s0_20260813-012331.gurobi.log
20260813-020456,PSC1-C1-100-10,exact-fl,0,0,16,1800,FEASIBLE,6523196.00,6511958.75,0.00172266,1798.51,1802.34,-1.00,-1.00,-1.00,0,-1.00,6523196.00,1,13.0.2,logs/PSC1-C1-100-10_m0_exact-fl_s0_20260813-020456.gurobi.log
20260813-023458,PSC1-C2-100-10,exact-fl,0,0,16,1800,FEASIBLE,5955239.00,5920868.39,0.00577149,1798.95,1801.27,-1.00,-1.00,-1.00,0,-1.00,5955239.00,1,13.0.2,logs/PSC1-C2-100-10_m0_exact-fl_s0_20260813-023458.gurobi.log
20260813-030500,PSC1-C3-100-10,exact-fl,0,0,16,1800,FEASIBLE,51444905.00,50528796.98,0.01780756,1799.09,1800.83,-1.00,-1.00,-1.00,0,-1.00,51444905.00,1,13.0.2,logs/PSC1-C3-100-10_m0_exact-fl_s0_20260813-030500.gurobi.log
20260813-033501,PSC1-C4-100-10,exact-fl,0,0,16,1800,FEASIBLE,6798319.00,6606172.34,0.02826385,1798.97,1801.38,-1.00,-1.00,-1.00,0,-1.00,6798319.00,1,13.0.2,logs/PSC1-C4-100-10_m0_exact-fl_s0_20260813-033501.gurobi.log
20260813-043105,PSC2-C1-100-10,exact-fl,0,0,16,1800,FEASIBLE,6517647.00,6503940.07,0.00210305,1799.32,1802.27,-1.00,-1.00,-1.00,0,-1.00,6517647.00,1,13.0.2,logs/PSC2-C1-100-10_m0_exact-fl_s0_20260813-043105.gurobi.log
20260813-050107,PSC2-C2-100-10,exact-fl,0,0,16,1800,FEASIBLE,5956985.00,5923025.93,0.00570071,1799.16,1801.96,-1.00,-1.00,-1.00,0,-1.00,5956985.00,1,13.0.2,logs/PSC2-C2-100-10_m0_exact-fl_s0_20260813-050107.gurobi.log
20260813-053110,PSC2-C3-100-10,exact-fl,0,0,16,1800,FEASIBLE,51431098.00,50506274.72,0.01798179,1797.73,1800.76,-1.00,-1.00,-1.00,0,-1.00,51431098.00,1,13.0.2,logs/PSC2-C3-100-10_m0_exact-fl_s0_20260813-053110.gurobi.log
20260813-060111,PSC2-C4-100-10,exact-fl,0,0,16,1800,FEASIBLE,6771581.00,6603436.21,0.02483095,1799.04,1801.27,-1.00,-1.00,-1.00,0,-1.00,6771581.00,1,13.0.2,logs/PSC2-C4-100-10_m0_exact-fl_s0_20260813-060111.gurobi.log
20260813-063113,PSC2-C5-100-10,exact-fl,0,0,16,1800,FEASIBLE,51117904.00,50842466.35,0.00538828,1799.08,1801.17,-1.00,-1.00,-1.00,0,-1.00,51117904.00,1,13.0.2,logs/PSC2-C5-100-10_m0_exact-fl_s0_20260813-063113.gurobi.log
20260813-070114,PSC3-C1-100-10,exact-fl,0,0,16,1800,FEASIBLE,6519265.00,6510363.17,0.00136547,1799.19,1802.92,-1.00,-1.00,-1.00,0,-1.00,6519265.00,1,13.0.2,logs/PSC3-C1-100-10_m0_exact-fl_s0_20260813-070114.gurobi.log
20260813-073117,PSC3-C2-100-10,exact-fl,0,0,16,1800,FEASIBLE,5958996.00,5922807.66,0.00607289,1798.80,1801.30,-1.00,-1.00,-1.00,0,-1.00,5958996.00,1,13.0.2,logs/PSC3-C2-100-10_m0_exact-fl_s0_20260813-073117.gurobi.log
20260813-080119,PSC3-C3-100-10,exact-fl,0,0,16,1800,FEASIBLE,51287114.00,50466949.50,0.01599163,1798.61,1800.65,-1.00,-1.00,-1.00,0,-1.00,51287114.00,1,13.0.2,logs/PSC3-C3-100-10_m0_exact-fl_s0_20260813-080119.gurobi.log
20260813-083120,PSC3-C4-100-10,exact-fl,0,0,16,1800,FEASIBLE,6804315.00,6601666.79,0.02978231,1799.06,1801.45,-1.00,-1.00,-1.00,0,-1.00,6804315.00,1,13.0.2,logs/PSC3-C4-100-10_m0_exact-fl_s0_20260813-083120.gurobi.log
20260813-090122,PSC3-C5-100-10,exact-fl,0,0,16,1800,FEASIBLE,51062134.00,50792410.97,0.00528225,1799.00,1801.11,-1.00,-1.00,-1.00,0,-1.00,51062134.00,1,13.0.2,logs/PSC3-C5-100-10_m0_exact-fl_s0_20260813-090122.gurobi.log
20260813-093123,PSC4-C1-100-10,exact-fl,0,0,16,1800,FEASIBLE,6530159.00,6517814.80,0.00189034,1799.33,1802.32,-1.00,-1.00,-1.00,0,-1.00,6530159.00,1,13.0.2,logs/PSC4-C1-100-10_m0_exact-fl_s0_20260813-093123.gurobi.log
20260813-100126,PSC4-C2-100-10,exact-fl,0,0,16,1800,FEASIBLE,5966430.00,5932625.79,0.00566573,1799.03,1801.74,-1.00,-1.00,-1.00,0,-1.00,5966430.00,1,13.0.2,logs/PSC4-C2-100-10_m0_exact-fl_s0_20260813-100126.gurobi.log
20260813-103128,PSC4-C3-100-10,exact-fl,0,0,16,1800,FEASIBLE,51454437.00,50530289.17,0.01796051,1797.56,1800.73,-1.00,-1.00,-1.00,0,-1.00,51454437.00,1,13.0.2,logs/PSC4-C3-100-10_m0_exact-fl_s0_20260813-103128.gurobi.log
20260813-110129,PSC4-C4-100-10,exact-fl,0,0,16,1800,FEASIBLE,6778408.00,6610593.43,0.02475722,1799.10,1801.98,-1.00,-1.00,-1.00,0,-1.00,6778408.00,1,13.0.2,logs/PSC4-C4-100-10_m0_exact-fl_s0_20260813-110129.gurobi.log
20260813-113131,PSC4-C5-100-10,exact-fl,0,0,16,1800,FEASIBLE,51140324.00,50854766.50,0.00558380,1798.14,1801.82,-1.00,-1.00,-1.00,0,-1.00,51140324.00,1,13.0.2,logs/PSC4-C5-100-10_m0_exact-fl_s0_20260813-113131.gurobi.log
20260813-120133,PSC5-C1-100-10,exact-fl,0,0,16,1800,FEASIBLE,6529838.00,6521143.78,0.00133146,1797.63,1802.32,-1.00,-1.00,-1.00,0,-1.00,6529838.00,1,13.0.2,logs/PSC5-C1-100-10_m0_exact-fl_s0_20260813-120133.gurobi.log
20260813-123136,PSC5-C2-100-10,exact-fl,0,0,16,1800,FEASIBLE,5945805.00,5907154.71,0.00650043,1798.99,1801.86,-1.00,-1.00,-1.00,0,-1.00,5945805.00,1,13.0.2,logs/PSC5-C2-100-10_m0_exact-fl_s0_20260813-123136.gurobi.log
20260813-130138,PSC5-C3-100-10,exact-fl,0,0,16,1800,FEASIBLE,51397790.00,50466932.14,0.01811085,1797.79,1801.12,-1.00,-1.00,-1.00,0,-1.00,51397790.00,1,13.0.2,logs/PSC5-C3-100-10_m0_exact-fl_s0_20260813-130138.gurobi.log
20260813-133140,PSC5-C4-100-10,exact-fl,0,0,16,1800,FEASIBLE,6795483.00,6606237.41,0.02784873,1797.75,1801.66,-1.00,-1.00,-1.00,0,-1.00,6795483.00,1,13.0.2,logs/PSC5-C4-100-10_m0_exact-fl_s0_20260813-133140.gurobi.log
20260813-140142,PSC5-C5-100-10,exact-fl,0,0,16,1800,FEASIBLE,51103981.00,50811670.07,0.00571992,1798.95,1801.36,-1.00,-1.00,-1.00,0,-1.00,51103981.00,1,13.0.2,logs/PSC5-C5-100-10_m0_exact-fl_s0_20260813-140142.gurobi.log
20260813-143143,PSC1-C1-50-5,exact-mipguided,0,0,16,1800,FEASIBLE,1925614.00,1921883.68,0.00193721,1529.25,1801.03,1915056.42,1949095.00,270.64,0,1949095.00,1925614.00,1,13.0.2,logs/PSC1-C1-50-5_m0_exact-mipguided_s0_20260813-143143.gurobi.log
20260813-150145,PSC1-C2-50-5,exact-mipguided,0,0,16,1800,FEASIBLE,1637977.00,1625514.86,0.00760825,1529.30,1800.43,1625286.21,1718369.00,270.52,0,1718369.00,1637977.00,1,13.0.2,logs/PSC1-C2-50-5_m0_exact-mipguided_s0_20260813-150145.gurobi.log
20260813-153145,PSC1-C3-50-5,exact-mipguided,0,0,16,1800,FEASIBLE,13066115.00,12984082.58,0.00627826,1529.47,1803.06,12984082.58,13419111.00,270.31,0,13419111.00,13066115.00,1,13.0.2,logs/PSC1-C3-50-5_m0_exact-mipguided_s0_20260813-153145.gurobi.log
20260813-160148,PSC1-C4-50-5,exact-mipguided,0,0,16,1800,FEASIBLE,1885498.00,1840681.25,0.02376919,1529.55,1800.44,1840681.25,2326477.00,270.19,0,2326477.00,1885498.00,1,13.0.2,logs/PSC1-C4-50-5_m0_exact-mipguided_s0_20260813-160148.gurobi.log
20260813-163149,PSC1-C5-50-5,exact-mipguided,0,0,16,1800,FEASIBLE,13137169.00,13089782.07,0.00360709,1529.56,1800.65,13089782.07,13282794.00,270.57,0,13282794.00,13137169.00,1,13.0.2,logs/PSC1-C5-50-5_m0_exact-mipguided_s0_20260813-163149.gurobi.log
20260813-170150,PSC2-C1-50-5,exact-mipguided,0,0,16,1800,FEASIBLE,1930581.00,1925644.47,0.00255702,1528.31,1800.93,1921751.62,1957394.00,270.96,0,1957394.00,1930581.00,1,13.0.2,logs/PSC2-C1-50-5_m0_exact-mipguided_s0_20260813-170150.gurobi.log
20260813-173151,PSC2-C2-50-5,exact-mipguided,0,0,16,1800,FEASIBLE,1639644.00,1629419.15,0.00623602,1529.13,1800.53,1628825.64,1647921.00,270.77,0,1647921.00,1639644.00,1,13.0.2,logs/PSC2-C2-50-5_m0_exact-mipguided_s0_20260813-173151.gurobi.log
20260813-180152,PSC2-C3-50-5,exact-mipguided,0,0,16,1800,FEASIBLE,13066758.00,12991941.54,0.00572571,1529.82,1810.99,12991941.54,13297208.00,270.45,0,13297208.00,13066758.00,1,13.0.2,logs/PSC2-C3-50-5_m0_exact-mipguided_s0_20260813-180152.gurobi.log
20260813-183203,PSC2-C4-50-5,exact-mipguided,0,0,16,1800,FEASIBLE,1886520.00,1841593.87,0.02381429,1529.39,1800.42,1841593.87,2088558.00,270.48,0,2088558.00,1886520.00,1,13.0.2,logs/PSC2-C4-50-5_m0_exact-mipguided_s0_20260813-183203.gurobi.log
20260813-190203,PSC2-C5-50-5,exact-mipguided,0,0,16,1800,FEASIBLE,13079464.00,13033524.08,0.00351237,1529.92,1802.22,13033524.08,13206964.00,270.39,0,13206964.00,13079464.00,1,13.0.2,logs/PSC2-C5-50-5_m0_exact-mipguided_s0_20260813-190203.gurobi.log
20260813-193206,PSC3-C1-50-5,exact-mipguided,0,0,16,1800,FEASIBLE,1932118.00,1926278.04,0.00302257,1527.29,1800.92,1922737.93,1953743.00,271.79,0,1953743.00,1932118.00,1,13.0.2,logs/PSC3-C1-50-5_m0_exact-mipguided_s0_20260813-193206.gurobi.log
20260813-200207,PSC3-C2-50-5,exact-mipguided,0,0,16,1800,FEASIBLE,1639186.00,1628259.07,0.00666607,1529.38,1798.21,1627750.82,1728830.00,270.50,0,1728830.00,1639186.00,1,13.0.2,logs/PSC3-C2-50-5_m0_exact-mipguided_s0_20260813-200207.gurobi.log
20260813-203207,PSC3-C3-50-5,exact-mipguided,0,0,16,1800,FEASIBLE,12990616.00,12914734.67,0.00584124,1529.48,1809.81,12914734.67,13216032.00,270.46,0,13216032.00,12990616.00,1,13.0.2,logs/PSC3-C3-50-5_m0_exact-mipguided_s0_20260813-203207.gurobi.log
20260813-210217,PSC3-C4-50-5,exact-mipguided,0,0,16,1800,FEASIBLE,1881072.00,1840513.45,0.02156140,1529.52,1800.49,1840513.45,2112211.00,270.43,0,2112211.00,1881072.00,1,13.0.2,logs/PSC3-C4-50-5_m0_exact-mipguided_s0_20260813-210217.gurobi.log
20260813-213218,PSC3-C5-50-5,exact-mipguided,0,0,16,1800,FEASIBLE,13127622.00,13081516.51,0.00351210,1529.65,1802.90,13081516.51,13173552.00,270.48,0,13173552.00,13127622.00,1,13.0.2,logs/PSC3-C5-50-5_m0_exact-mipguided_s0_20260813-213218.gurobi.log
20260813-220221,PSC4-C1-50-5,exact-mipguided,0,0,16,1800,OPTIMAL,1909659.00,1909659.00,0.00000000,1060.27,1332.62,1906303.51,1936975.00,271.00,0,1936975.00,1909659.00,1,13.0.2,logs/PSC4-C1-50-5_m0_exact-mipguided_s0_20260813-220221.gurobi.log
20260813-222433,PSC4-C2-50-5,exact-mipguided,0,0,16,1800,FEASIBLE,1648381.00,1632521.62,0.00962118,1529.35,1800.55,1632521.62,1679850.00,270.46,0,1679850.00,1648381.00,1,13.0.2,logs/PSC4-C2-50-5_m0_exact-mipguided_s0_20260813-222433.gurobi.log
20260813-225434,PSC4-C3-50-5,exact-mipguided,0,0,16,1800,FEASIBLE,13064355.00,12986064.17,0.00599270,1529.69,1802.98,12986064.17,13234003.00,270.54,0,13234003.00,13064355.00,1,13.0.2,logs/PSC4-C3-50-5_m0_exact-mipguided_s0_20260813-225434.gurobi.log
20260813-232437,PSC4-C4-50-5,exact-mipguided,0,0,16,1800,FEASIBLE,1878018.00,1833049.90,0.02394445,1529.88,1800.59,1833049.90,2326262.00,270.23,0,2326262.00,1878018.00,1,13.0.2,logs/PSC4-C4-50-5_m0_exact-mipguided_s0_20260813-232437.gurobi.log
20260813-235438,PSC4-C5-50-5,exact-mipguided,0,0,16,1800,FEASIBLE,13137148.00,13092282.56,0.00341516,1533.90,1805.92,13092282.56,13200751.00,270.47,0,13200751.00,13137148.00,1,13.0.2,logs/PSC4-C5-50-5_m0_exact-mipguided_s0_20260813-235438.gurobi.log
20260814-002446,PSC5-C1-50-5,exact-mipguided,0,0,16,1800,OPTIMAL,1895151.00,1895151.00,0.00000000,1434.79,1707.29,1890039.59,1915375.00,270.85,0,1915375.00,1895151.00,1,13.0.2,logs/PSC5-C1-50-5_m0_exact-mipguided_s0_20260814-002446.gurobi.log
20260814-005313,PSC5-C2-50-5,exact-mipguided,0,0,16,1800,FEASIBLE,1643627.00,1628399.20,0.00926476,1528.84,1800.43,1627376.08,1655769.00,270.75,0,1655769.00,1643627.00,1,13.0.2,logs/PSC5-C2-50-5_m0_exact-mipguided_s0_20260814-005313.gurobi.log
20260814-012314,PSC5-C3-50-5,exact-mipguided,0,0,16,1800,FEASIBLE,13017854.00,12943983.20,0.00567458,1571.21,1844.73,12943983.20,13449420.00,270.58,0,13449420.00,13017854.00,1,13.0.2,logs/PSC5-C3-50-5_m0_exact-mipguided_s0_20260814-012314.gurobi.log
20260814-015359,PSC5-C4-50-5,exact-mipguided,0,0,16,1800,FEASIBLE,1879275.00,1840600.96,0.02057923,1529.57,1800.63,1840600.96,2169668.00,270.48,0,2169668.00,1879275.00,1,13.0.2,logs/PSC5-C4-50-5_m0_exact-mipguided_s0_20260814-015359.gurobi.log
20260814-022359,PSC5-C5-50-5,exact-mipguided,0,0,16,1800,FEASIBLE,13099695.00,13049451.63,0.00383546,1529.88,1802.22,13049451.63,13298808.00,270.27,0,13298808.00,13099695.00,1,13.0.2,logs/PSC5-C5-50-5_m0_exact-mipguided_s0_20260814-022359.gurobi.log
20260814-025402,PSC1-C1-50-10,exact-mipguided,0,0,16,1800,FEASIBLE,3278698.00,3263512.40,0.00463159,1528.71,1800.71,3261879.40,3295996.00,271.08,0,3295996.00,3278698.00,1,13.0.2,logs/PSC1-C1-50-10_m0_exact-mipguided_s0_20260814-025402.gurobi.log
20260814-032403,PSC1-C2-50-10,exact-mipguided,0,0,16,1800,FEASIBLE,2998787.00,2968475.74,0.01010784,1528.82,1800.73,2968043.77,3059826.00,270.87,0,3059826.00,2998787.00,1,13.0.2,logs/PSC1-C2-50-10_m0_exact-mipguided_s0_20260814-032403.gurobi.log
20260814-035403,PSC1-C3-50-10,exact-mipguided,0,0,16,1800,FEASIBLE,25662860.00,25529237.54,0.00520684,1528.57,1800.56,25529237.54,26271076.00,271.05,0,26271076.00,25662860.00,1,13.0.2,logs/PSC1-C3-50-10_m0_exact-mipguided_s0_20260814-035403.gurobi.log
20260814-042404,PSC1-C4-50-10,exact-mipguided,0,0,16,1800,FEASIBLE,3490289.00,3361430.38,0.03691918,1529.66,1800.72,3361430.38,3735048.00,270.31,0,3735048.00,3490289.00,1,13.0.2,logs/PSC1-C4-50-10_m0_exact-mipguided_s0_20260814-042404.gurobi.log
20260814-045405,PSC1-C5-50-10,exact-mipguided,0,0,16,1800,FEASIBLE,25727170.00,25596339.46,0.00508531,1529.44,1800.64,25596339.46,25995321.00,270.39,0,25995321.00,25727170.00,1,13.0.2,logs/PSC1-C5-50-10_m0_exact-mipguided_s0_20260814-045405.gurobi.log
20260814-052406,PSC2-C1-50-10,exact-mipguided,0,0,16,1800,FEASIBLE,3279618.00,3268579.71,0.00336573,1528.72,1800.93,3265498.73,3299309.00,271.15,0,3299309.00,3279606.00,1,13.0.2,logs/PSC2-C1-50-10_m0_exact-mipguided_s0_20260814-052406.gurobi.log
20260814-055407,PSC2-C2-50-10,exact-mipguided,0,0,16,1800,FEASIBLE,3017018.00,2983723.28,0.01103564,1529.35,1800.83,2982624.50,3152704.00,270.35,0,3152704.00,3017018.00,1,13.0.2,logs/PSC2-C2-50-10_m0_exact-mipguided_s0_20260814-055407.gurobi.log
20260814-062409,PSC2-C3-50-10,exact-mipguided,0,0,16,1800,FEASIBLE,25672819.00,25548207.66,0.00485382,1528.61,1800.78,25548207.66,26416725.00,270.65,0,26416725.00,25672819.00,1,13.0.2,logs/PSC2-C3-50-10_m0_exact-mipguided_s0_20260814-062409.gurobi.log
20260814-065409,PSC2-C4-50-10,exact-mipguided,0,0,16,1800,FEASIBLE,3753474.92,3363151.09,0.10398999,1529.58,1800.65,3363151.09,3814950.00,270.33,0,3814950.00,3742109.00,1,13.0.2,logs/PSC2-C4-50-10_m0_exact-mipguided_s0_20260814-065409.gurobi.log
20260814-072410,PSC2-C5-50-10,exact-mipguided,0,0,16,1800,FEASIBLE,25640931.00,25509050.13,0.00514337,1530.24,1801.51,25509050.13,25830694.00,270.46,0,25830694.00,25640931.00,1,13.0.2,logs/PSC2-C5-50-10_m0_exact-mipguided_s0_20260814-072410.gurobi.log
20260814-075412,PSC3-C1-50-10,exact-mipguided,0,0,16,1800,FEASIBLE,3280983.00,3269837.08,0.00339713,1528.93,1801.04,3267588.04,3305632.00,271.14,0,3305632.00,3280983.00,1,13.0.2,logs/PSC3-C1-50-10_m0_exact-mipguided_s0_20260814-075412.gurobi.log
20260814-082413,PSC3-C2-50-10,exact-mipguided,0,0,16,1800,FEASIBLE,3014352.00,2980010.91,0.01139253,1529.37,1800.53,2978333.67,3192607.00,270.38,0,3192607.00,3014352.00,1,13.0.2,logs/PSC3-C2-50-10_m0_exact-mipguided_s0_20260814-082413.gurobi.log
20260814-085414,PSC3-C3-50-10,exact-mipguided,0,0,16,1800,FEASIBLE,25569026.54,25439285.82,0.00507414,1529.29,1800.64,25439285.82,26277299.00,270.57,0,26277299.00,25568723.00,1,13.0.2,logs/PSC3-C3-50-10_m0_exact-mipguided_s0_20260814-085414.gurobi.log
20260814-092415,PSC3-C4-50-10,exact-mipguided,0,0,16,1800,FEASIBLE,3494772.00,3356252.79,0.03963612,1528.67,1800.63,3356252.79,3586116.00,270.83,0,3586116.00,3494772.00,1,13.0.2,logs/PSC3-C4-50-10_m0_exact-mipguided_s0_20260814-092415.gurobi.log
20260814-095415,PSC3-C5-50-10,exact-mipguided,0,0,16,1800,FEASIBLE,25722000.00,25572682.94,0.00580503,1529.02,1800.96,25572682.94,26055503.00,270.55,0,26055503.00,25722000.00,1,13.0.2,logs/PSC3-C5-50-10_m0_exact-mipguided_s0_20260814-095415.gurobi.log
20260814-102416,PSC4-C1-50-10,exact-mipguided,0,0,16,1800,FEASIBLE,3280872.00,3272737.68,0.00247932,1528.43,1800.94,3269495.77,3324263.00,271.31,0,3324263.00,3280872.00,1,13.0.2,logs/PSC4-C1-50-10_m0_exact-mipguided_s0_20260814-102416.gurobi.log
20260814-105418,PSC4-C2-50-10,exact-mipguided,0,0,16,1800,FEASIBLE,3006389.00,2979865.98,0.00882222,1529.18,1800.98,2977440.52,3134708.00,270.64,0,3134708.00,3006389.00,1,13.0.2,logs/PSC4-C2-50-10_m0_exact-mipguided_s0_20260814-105418.gurobi.log
20260814-112420,PSC4-C3-50-10,exact-mipguided,0,0,16,1800,FEASIBLE,25660006.00,25531188.79,0.00502016,1516.57,1801.02,25531188.79,26245645.00,282.94,0,26245645.00,25660006.00,1,13.0.2,logs/PSC4-C3-50-10_m0_exact-mipguided_s0_20260814-112420.gurobi.log
20260814-115421,PSC4-C4-50-10,exact-mipguided,0,0,16,1800,FEASIBLE,3512234.00,3355081.65,0.04474427,1529.33,1800.52,3355081.65,4129107.00,270.37,0,4129107.00,3512234.00,1,13.0.2,logs/PSC4-C4-50-10_m0_exact-mipguided_s0_20260814-115421.gurobi.log
20260814-122421,PSC4-C5-50-10,exact-mipguided,0,0,16,1800,FEASIBLE,25716711.00,25594951.07,0.00473466,1529.35,1800.65,25594951.07,25957796.00,270.36,0,25957796.00,25716711.00,1,13.0.2,logs/PSC4-C5-50-10_m0_exact-mipguided_s0_20260814-122421.gurobi.log
20260814-125422,PSC5-C1-50-10,exact-mipguided,0,0,16,1800,FEASIBLE,3289850.00,3263361.08,0.00805171,1529.07,1801.51,3261778.96,3296052.00,270.96,0,3296052.00,3289850.00,1,13.0.2,logs/PSC5-C1-50-10_m0_exact-mipguided_s0_20260814-125422.gurobi.log
20260814-132424,PSC5-C2-50-10,exact-mipguided,0,0,16,1800,FEASIBLE,3028439.00,2977582.68,0.01679292,1529.19,1800.85,2975206.00,3040381.00,270.61,0,3040381.00,3028439.00,1,13.0.2,logs/PSC5-C2-50-10_m0_exact-mipguided_s0_20260814-132424.gurobi.log
20260814-135425,PSC5-C3-50-10,exact-mipguided,0,0,16,1800,FEASIBLE,25645702.00,25486996.63,0.00618838,1528.34,1800.73,25486996.63,26213372.00,270.84,0,26213372.00,25645702.00,1,13.0.2,logs/PSC5-C3-50-10_m0_exact-mipguided_s0_20260814-135425.gurobi.log
20260814-142426,PSC5-C4-50-10,exact-mipguided,0,0,16,1800,FEASIBLE,3503745.00,3354330.41,0.04264425,1528.83,1800.80,3354330.41,4003498.00,270.66,0,4003498.00,3503745.00,1,13.0.2,logs/PSC5-C4-50-10_m0_exact-mipguided_s0_20260814-142426.gurobi.log
20260814-145427,PSC5-C5-50-10,exact-mipguided,0,0,16,1800,FEASIBLE,25692695.00,25552300.29,0.00546438,1529.17,1800.77,25552300.29,26066311.00,270.45,0,26066311.00,25692695.00,1,13.0.2,logs/PSC5-C5-50-10_m0_exact-mipguided_s0_20260814-145427.gurobi.log
20260814-152428,PSC1-C1-100-5,exact-mipguided,0,0,16,1800,FEASIBLE,3797901.00,3784526.78,0.00352148,1526.65,1802.03,3783986.31,3820791.00,272.72,0,3820791.00,3797901.00,1,13.0.2,logs/PSC1-C1-100-5_m0_exact-mipguided_s0_20260814-152428.gurobi.log
20260814-155431,PSC1-C2-100-5,exact-mipguided,0,0,16,1800,FEASIBLE,3316142.00,3190838.33,0.03778598,1527.71,1801.21,3190307.01,3316142.00,271.55,0,3316142.00,3316142.00,1,13.0.2,logs/PSC1-C2-100-5_m0_exact-mipguided_s0_20260814-155431.gurobi.log
20260814-162432,PSC1-C3-100-5,exact-mipguided,0,0,16,1800,FEASIBLE,25886031.00,25440801.37,0.01719961,1528.12,1800.84,25440801.37,26151241.00,270.93,0,26151241.00,25886031.00,1,13.0.2,logs/PSC1-C3-100-5_m0_exact-mipguided_s0_20260814-162432.gurobi.log
20260814-165433,PSC1-C4-100-5,exact-mipguided,0,0,16,1800,FEASIBLE,4122784.00,3581069.35,0.13139535,1529.60,1803.68,3581069.35,4122784.00,272.02,0,4122784.00,4122784.00,1,13.0.2,logs/PSC1-C4-100-5_m0_exact-mipguided_s0_20260814-165433.gurobi.log
20260814-172437,PSC1-C5-100-5,exact-mipguided,0,0,16,1800,FEASIBLE,25922173.00,25770748.86,0.00584149,1527.36,1801.51,25770748.86,26753025.00,272.52,0,26753025.00,25922173.00,1,13.0.2,logs/PSC1-C5-100-5_m0_exact-mipguided_s0_20260814-172437.gurobi.log
20260814-175439,PSC2-C1-100-5,exact-mipguided,0,0,16,1800,FEASIBLE,3789293.00,3773756.08,0.00410021,1527.70,1801.92,3773140.09,3807654.00,271.92,0,3807654.00,3789293.00,1,13.0.2,logs/PSC2-C1-100-5_m0_exact-mipguided_s0_20260814-175439.gurobi.log
20260814-182441,PSC2-C2-100-5,exact-mipguided,0,0,16,1800,FEASIBLE,3224141.37,3206726.31,0.00540146,1528.04,1801.46,3204619.32,3265428.00,271.38,0,3265428.00,3223887.00,1,13.0.2,logs/PSC2-C2-100-5_m0_exact-mipguided_s0_20260814-182441.gurobi.log
20260814-185442,PSC2-C3-100-5,exact-mipguided,0,0,16,1800,FEASIBLE,25748879.00,25425443.57,0.01256115,1529.60,1801.91,25425443.57,26079869.00,270.82,0,26079869.00,25748879.00,1,13.0.2,logs/PSC2-C3-100-5_m0_exact-mipguided_s0_20260814-185442.gurobi.log
20260814-192445,PSC2-C4-100-5,exact-mipguided,0,0,16,1800,FEASIBLE,4474750.00,3574326.38,0.20122322,1529.38,1803.07,3574326.38,4474750.00,271.80,0,4474750.00,4474750.00,1,13.0.2,logs/PSC2-C4-100-5_m0_exact-mipguided_s0_20260814-192445.gurobi.log
20260814-195448,PSC2-C5-100-5,exact-mipguided,0,0,16,1800,FEASIBLE,25801643.00,25655614.22,0.00565967,1526.90,1801.26,25655614.22,26664057.00,272.69,0,26664057.00,25801643.00,1,13.0.2,logs/PSC2-C5-100-5_m0_exact-mipguided_s0_20260814-195448.gurobi.log
20260814-202449,PSC3-C1-100-5,exact-mipguided,0,0,16,1800,FEASIBLE,3792154.00,3782170.72,0.00263261,1528.90,1803.16,3781345.72,3887284.00,272.24,0,3887284.00,3792154.00,1,13.0.2,logs/PSC3-C1-100-5_m0_exact-mipguided_s0_20260814-202449.gurobi.log
20260814-205453,PSC3-C2-100-5,exact-mipguided,0,0,16,1800,FEASIBLE,3395456.00,3204265.85,0.05630765,1527.84,1798.01,3204063.38,3395456.00,271.33,0,3395456.00,3395456.00,1,13.0.2,logs/PSC3-C2-100-5_m0_exact-mipguided_s0_20260814-205453.gurobi.log
20260814-212454,PSC3-C3-100-5,exact-mipguided,0,0,16,1800,FEASIBLE,25576893.00,25300056.71,0.01082369,1529.80,1801.99,25300056.71,25929875.00,270.88,0,25929875.00,25576893.00,1,13.0.2,logs/PSC3-C3-100-5_m0_exact-mipguided_s0_20260814-212454.gurobi.log
20260814-215456,PSC3-C4-100-5,exact-mipguided,0,0,16,1800,FEASIBLE,3667600.00,3583260.54,0.02299582,1527.37,1801.13,3583260.54,4469686.00,272.06,0,4469686.00,3667600.00,1,13.0.2,logs/PSC3-C4-100-5_m0_exact-mipguided_s0_20260814-215456.gurobi.log
20260814-222457,PSC3-C5-100-5,exact-mipguided,0,0,16,1800,FEASIBLE,25856181.00,25700500.33,0.00602102,1528.35,1802.99,25700500.33,26779209.00,272.85,0,26779209.00,25856181.00,1,13.0.2,logs/PSC3-C5-100-5_m0_exact-mipguided_s0_20260814-222457.gurobi.log
20260814-225500,PSC4-C1-100-5,exact-mipguided,0,0,16,1800,FEASIBLE,3781831.00,3775803.10,0.00159391,1528.06,1802.67,3774899.60,3815820.00,272.31,0,3815820.00,3781831.00,1,13.0.2,logs/PSC4-C1-100-5_m0_exact-mipguided_s0_20260814-225500.gurobi.log
20260814-232503,PSC4-C2-100-5,exact-mipguided,0,0,16,1800,FEASIBLE,3396120.00,3214677.98,0.05342627,1527.89,1801.11,3214366.73,3396120.00,271.25,0,3396120.00,3396120.00,1,13.0.2,logs/PSC4-C2-100-5_m0_exact-mipguided_s0_20260814-232503.gurobi.log
20260814-235505,PSC4-C3-100-5,exact-mipguided,0,0,16,1800,FEASIBLE,25799645.00,25455332.14,0.01334564,1527.75,1800.93,25455332.14,26198847.00,271.20,0,26198847.00,25799645.00,1,13.0.2,logs/PSC4-C3-100-5_m0_exact-mipguided_s0_20260814-235505.gurobi.log
20260815-002506,PSC4-C4-100-5,exact-mipguided,0,0,16,1800,FEASIBLE,3634234.00,3562342.35,0.01978179,1526.56,1801.76,3562342.35,4855349.00,272.61,0,4855349.00,3634234.00,1,13.0.2,logs/PSC4-C4-100-5_m0_exact-mipguided_s0_20260815-002506.gurobi.log
20260815-005508,PSC4-C5-100-5,exact-mipguided,0,0,16,1800,FEASIBLE,26661099.00,25767719.37,0.03350873,1527.16,1803.24,25767719.37,26661099.00,273.07,0,26661099.00,26661099.00,1,13.0.2,logs/PSC4-C5-100-5_m0_exact-mipguided_s0_20260815-005508.gurobi.log
20260815-012511,PSC5-C1-100-5,exact-mipguided,0,0,16,1800,FEASIBLE,3802960.00,3792847.05,0.00265923,1526.53,1801.40,3792031.44,3820582.00,272.46,0,3820582.00,3802960.00,1,13.0.2,logs/PSC5-C1-100-5_m0_exact-mipguided_s0_20260815-012511.gurobi.log
20260815-015513,PSC5-C2-100-5,exact-mipguided,0,0,16,1800,FEASIBLE,3228509.00,3193928.02,0.01071113,1529.00,1802.04,3193475.23,3241867.00,271.46,0,3241867.00,3228509.00,1,13.0.2,logs/PSC5-C2-100-5_m0_exact-mipguided_s0_20260815-015513.gurobi.log
20260815-022515,PSC5-C3-100-5,exact-mipguided,0,0,16,1800,FEASIBLE,25805439.00,25396371.69,0.01585198,1528.56,1800.94,25396371.69,26116000.00,270.90,0,26116000.00,25805439.00,1,13.0.2,logs/PSC5-C3-100-5_m0_exact-mipguided_s0_20260815-022515.gurobi.log
20260815-025516,PSC5-C4-100-5,exact-mipguided,0,0,16,1800,FEASIBLE,4471565.00,3575532.60,0.20038452,1525.68,1801.84,3575532.60,4471565.00,273.01,0,4471565.00,4471565.00,1,13.0.2,logs/PSC5-C4-100-5_m0_exact-mipguided_s0_20260815-025516.gurobi.log
20260815-032518,PSC5-C5-100-5,exact-mipguided,0,0,16,1800,FEASIBLE,25871995.00,25709950.93,0.00626330,1526.71,1801.84,25709950.93,26545519.00,273.02,0,26545519.00,25871995.00,1,13.0.2,logs/PSC5-C5-100-5_m0_exact-mipguided_s0_20260815-032518.gurobi.log
20260815-035521,PSC1-C1-100-10,exact-mipguided,0,0,16,1800,FEASIBLE,6567024.01,6512048.75,0.00837141,1525.41,1802.63,6510557.97,6680104.00,273.38,0,6680104.00,6566074.00,1,13.0.2,logs/PSC1-C1-100-10_m0_exact-mipguided_s0_20260815-035521.gurobi.log
20260815-042524,PSC1-C2-100-10,exact-mipguided,0,0,16,1800,FEASIBLE,6268039.00,5919737.08,0.05556792,1525.14,1801.45,5919292.46,6268039.00,272.85,0,6268039.00,6268039.00,1,13.0.2,logs/PSC1-C2-100-10_m0_exact-mipguided_s0_20260815-042524.gurobi.log
20260815-045525,PSC1-C3-100-10,exact-mipguided,0,0,16,1800,FEASIBLE,51353640.79,50499186.83,0.01663862,1526.56,1800.75,50499186.83,51639943.00,271.68,0,51639943.00,51328202.00,1,13.0.2,logs/PSC1-C3-100-10_m0_exact-mipguided_s0_20260815-045525.gurobi.log
20260815-052526,PSC1-C4-100-10,exact-mipguided,0,0,16,1800,FEASIBLE,8543847.00,6599582.37,0.22756314,1520.86,1803.35,6599582.37,8543847.00,277.32,0,8543847.00,8543847.00,1,13.0.2,logs/PSC1-C4-100-10_m0_exact-mipguided_s0_20260815-052526.gurobi.log
20260815-055530,PSC1-C5-100-10,exact-mipguided,0,0,16,1800,FEASIBLE,52460062.00,50829138.03,0.03108887,1520.64,1803.88,50816127.23,52460062.00,277.82,0,52460062.00,52460062.00,1,13.0.2,logs/PSC1-C5-100-10_m0_exact-mipguided_s0_20260815-055530.gurobi.log
20260815-062534,PSC2-C1-100-10,exact-mipguided,0,0,16,1800,FEASIBLE,6526358.00,6504187.79,0.00339703,1524.93,1802.76,6502610.29,6616161.00,273.88,0,6616161.00,6526358.00,1,13.0.2,logs/PSC2-C1-100-10_m0_exact-mipguided_s0_20260815-062534.gurobi.log
20260815-065537,PSC2-C2-100-10,exact-mipguided,0,0,16,1800,FEASIBLE,6220652.00,5922462.00,0.04793549,1525.65,1802.20,5921658.05,6220652.00,272.66,0,6220652.00,6220652.00,1,13.0.2,logs/PSC2-C2-100-10_m0_exact-mipguided_s0_20260815-065537.gurobi.log
20260815-072540,PSC2-C3-100-10,exact-mipguided,0,0,16,1800,FEASIBLE,51632694.00,50453732.31,0.02283363,1524.36,1801.00,50453732.31,51653633.00,272.37,0,51653633.00,51632694.00,1,13.0.2,logs/PSC2-C3-100-10_m0_exact-mipguided_s0_20260815-072540.gurobi.log
20260815-075541,PSC2-C4-100-10,exact-mipguided,0,0,16,1800,FEASIBLE,8302557.00,6597795.42,0.20532971,1521.52,1804.65,6591433.24,8302557.00,276.73,0,8302557.00,8302557.00,1,13.0.2,logs/PSC2-C4-100-10_m0_exact-mipguided_s0_20260815-075541.gurobi.log
20260815-082546,PSC2-C5-100-10,exact-mipguided,0,0,16,1800,FEASIBLE,52702774.00,50799263.63,0.03611784,1516.48,1803.87,50798392.32,52702774.00,280.13,0,52702774.00,52702774.00,1,13.0.2,logs/PSC2-C5-100-10_m0_exact-mipguided_s0_20260815-082546.gurobi.log
20260815-085551,PSC3-C1-100-10,exact-mipguided,0,0,16,1800,FEASIBLE,6562065.00,6510158.14,0.00791014,1523.60,1802.33,6509284.82,6562065.00,274.80,0,6562065.00,6562065.00,1,13.0.2,logs/PSC3-C1-100-10_m0_exact-mipguided_s0_20260815-085551.gurobi.log
20260815-092553,PSC3-C2-100-10,exact-mipguided,0,0,16,1800,FEASIBLE,6477590.00,5921881.93,0.08578932,1524.89,1802.06,5921881.93,6477590.00,273.40,0,6477590.00,6477590.00,1,13.0.2,logs/PSC3-C2-100-10_m0_exact-mipguided_s0_20260815-092553.gurobi.log
20260815-095556,PSC3-C3-100-10,exact-mipguided,0,0,16,1800,FEASIBLE,51679908.00,50414923.72,0.02447729,1524.62,1801.41,50413431.05,51679908.00,272.25,0,51679908.00,51679908.00,1,13.0.2,logs/PSC3-C3-100-10_m0_exact-mipguided_s0_20260815-095556.gurobi.log
20260815-102558,PSC3-C4-100-10,exact-mipguided,0,0,16,1800,FEASIBLE,8625723.00,6595065.11,0.23541886,1517.30,1804.65,6595065.11,8625723.00,279.05,0,8625723.00,8625723.00,1,13.0.2,logs/PSC3-C4-100-10_m0_exact-mipguided_s0_20260815-102558.gurobi.log
20260815-105603,PSC3-C5-100-10,exact-mipguided,0,0,16,1800,FEASIBLE,52718635.00,50763087.39,0.03709405,1515.36,1805.77,50724289.16,52718635.00,281.25,0,52718635.00,52718635.00,1,13.0.2,logs/PSC3-C5-100-10_m0_exact-mipguided_s0_20260815-105603.gurobi.log
20260815-112609,PSC4-C1-100-10,exact-mipguided,0,0,16,1800,FEASIBLE,6559333.00,6517487.84,0.00637948,1521.74,1802.62,6516621.28,6579045.00,275.25,0,6579045.00,6559333.00,1,13.0.2,logs/PSC4-C1-100-10_m0_exact-mipguided_s0_20260815-112609.gurobi.log
20260815-115612,PSC4-C2-100-10,exact-mipguided,0,0,16,1800,FEASIBLE,6416313.00,5932242.98,0.07544364,1525.50,1801.26,5931634.87,6416313.00,272.83,0,6416313.00,6416313.00,1,13.0.2,logs/PSC4-C2-100-10_m0_exact-mipguided_s0_20260815-115612.gurobi.log
20260815-122614,PSC4-C3-100-10,exact-mipguided,0,0,16,1800,FEASIBLE,51730635.00,50509489.36,0.02360585,1527.42,1800.96,50509489.36,51730635.00,271.34,0,51730635.00,51730635.00,1,13.0.2,logs/PSC4-C3-100-10_m0_exact-mipguided_s0_20260815-122614.gurobi.log
20260815-125615,PSC4-C4-100-10,exact-mipguided,0,0,16,1800,FEASIBLE,8502676.00,6605368.66,0.22314238,1523.12,1803.62,6603616.42,8502676.00,275.48,0,8502676.00,8502676.00,1,13.0.2,logs/PSC4-C4-100-10_m0_exact-mipguided_s0_20260815-125615.gurobi.log
20260815-132619,PSC4-C5-100-10,exact-mipguided,0,0,16,1800,FEASIBLE,52563724.00,50849051.09,0.03262084,1521.26,1804.50,50829249.01,52563724.00,277.25,0,52563724.00,52563724.00,1,13.0.2,logs/PSC4-C5-100-10_m0_exact-mipguided_s0_20260815-132619.gurobi.log
20260815-135624,PSC5-C1-100-10,exact-mipguided,0,0,16,1800,FEASIBLE,6546730.00,6521094.98,0.00391570,1524.13,1803.41,6520113.83,6546730.00,274.55,0,6546730.00,6546730.00,1,13.0.2,logs/PSC5-C1-100-10_m0_exact-mipguided_s0_20260815-135624.gurobi.log
20260815-142627,PSC5-C2-100-10,exact-mipguided,0,0,16,1800,FEASIBLE,6240673.00,5906655.55,0.05352267,1523.64,1801.93,5905976.31,6240673.00,273.49,0,6240673.00,6240673.00,1,13.0.2,logs/PSC5-C2-100-10_m0_exact-mipguided_s0_20260815-142627.gurobi.log
20260815-145630,PSC5-C3-100-10,exact-mipguided,0,0,16,1800,FEASIBLE,51192148.00,50424606.55,0.01499334,1525.88,1801.32,50424606.55,51192148.00,271.56,0,51192148.00,51192148.00,1,13.0.2,logs/PSC5-C3-100-10_m0_exact-mipguided_s0_20260815-145630.gurobi.log
20260815-152631,PSC5-C4-100-10,exact-mipguided,0,0,16,1800,FEASIBLE,8095223.00,6599179.98,0.18480566,1520.02,1803.95,6599179.98,8095223.00,277.15,0,8095223.00,8095223.00,1,13.0.2,logs/PSC5-C4-100-10_m0_exact-mipguided_s0_20260815-152631.gurobi.log
20260815-155636,PSC5-C5-100-10,exact-mipguided,0,0,16,1800,FEASIBLE,52670686.00,50777597.02,0.03594198,1519.83,1805.05,50767523.78,52670686.00,278.51,0,52670686.00,52670686.00,1,13.0.2,logs/PSC5-C5-100-10_m0_exact-mipguided_s0_20260815-155636.gurobi.log
20260815-162641,PSC1-C2-50-5,exact-var1,0,0,16,1800,FEASIBLE,1639314.00,1627645.88,0.00711769,1799.98,1800.51,-1.00,-1.00,-1.00,0,-1.00,1639314.00,1,13.0.2,logs/PSC1-C2-50-5_m0_exact-var1_s0_20260815-162641.gurobi.log
20260815-165642,PSC1-C2-50-5,exact-var2,0,0,16,1800,FEASIBLE,1639314.00,1628222.66,0.00676584,1800.05,1800.47,-1.00,-1.00,-1.00,0,-1.00,1639314.00,1,13.0.2,logs/PSC1-C2-50-5_m0_exact-var2_s0_20260815-165642.gurobi.log
20260815-172642,PSC1-C2-50-5,exact-var3,0,0,16,1800,FEASIBLE,1639314.00,1628212.78,0.00677187,1799.96,1800.47,-1.00,-1.00,-1.00,0,-1.00,1639314.00,1,13.0.2,logs/PSC1-C2-50-5_m0_exact-var3_s0_20260815-172642.gurobi.log
20260815-175643,PSC1-C4-50-5,exact-var1,0,0,16,1800,FEASIBLE,1885986.00,1845419.16,0.02150962,1799.97,1800.37,-1.00,-1.00,-1.00,0,-1.00,1885986.00,1,13.0.2,logs/PSC1-C4-50-5_m0_exact-var1_s0_20260815-175643.gurobi.log
20260815-182643,PSC1-C4-50-5,exact-var2,0,0,16,1800,FEASIBLE,1885986.00,1845419.16,0.02150962,1799.88,1800.33,-1.00,-1.00,-1.00,0,-1.00,1885986.00,1,13.0.2,logs/PSC1-C4-50-5_m0_exact-var2_s0_20260815-182643.gurobi.log
20260815-185644,PSC1-C4-50-5,exact-var3,0,0,16,1800,FEASIBLE,1885986.00,1845419.16,0.02150962,1799.97,1800.37,-1.00,-1.00,-1.00,0,-1.00,1885986.00,1,13.0.2,logs/PSC1-C4-50-5_m0_exact-var3_s0_20260815-185644.gurobi.log
20260815-192644,PSC1-C5-50-5,exact-var1,0,0,16,1800,FEASIBLE,13142736.00,13091236.15,0.00391850,1799.85,1800.39,-1.00,-1.00,-1.00,0,-1.00,13142736.00,1,13.0.2,logs/PSC1-C5-50-5_m0_exact-var1_s0_20260815-192644.gurobi.log
20260815-195645,PSC1-C5-50-5,exact-var2,0,0,16,1800,FEASIBLE,13142736.00,13091236.15,0.00391850,1800.05,1797.93,-1.00,-1.00,-1.00,0,-1.00,13142736.00,1,13.0.2,logs/PSC1-C5-50-5_m0_exact-var2_s0_20260815-195645.gurobi.log
20260815-202645,PSC1-C5-50-5,exact-var3,0,0,16,1800,FEASIBLE,13142736.00,13091236.15,0.00391850,1800.03,1800.41,-1.00,-1.00,-1.00,0,-1.00,13142736.00,1,13.0.2,logs/PSC1-C5-50-5_m0_exact-var3_s0_20260815-202645.gurobi.log
20260815-205646,PSC1-C2-50-10,exact-var1,0,0,16,1800,FEASIBLE,3007075.00,2970929.87,0.01202003,1799.68,1800.55,-1.00,-1.00,-1.00,0,-1.00,3007075.00,1,13.0.2,logs/PSC1-C2-50-10_m0_exact-var1_s0_20260815-205646.gurobi.log
20260815-212647,PSC1-C2-50-10,exact-var2,0,0,16,1800,FEASIBLE,3007075.00,2970929.87,0.01202003,1799.73,1800.55,-1.00,-1.00,-1.00,0,-1.00,3007075.00,1,13.0.2,logs/PSC1-C2-50-10_m0_exact-var2_s0_20260815-212647.gurobi.log
20260815-215647,PSC1-C2-50-10,exact-var3,0,0,16,1800,FEASIBLE,3007075.00,2970929.87,0.01202003,1799.72,1800.54,-1.00,-1.00,-1.00,0,-1.00,3007075.00,1,13.0.2,logs/PSC1-C2-50-10_m0_exact-var3_s0_20260815-215647.gurobi.log
20260815-222648,PSC1-C4-50-10,exact-var1,2,0,16,1800,FEASIBLE,3508394.00,3359422.89,0.04246134,1531.92,1803.80,3359422.89,3734501.00,270.55,18695,3734501.00,3508394.00,1,13.0.2,logs/PSC1-C4-50-10_m2_exact-var1_s0_20260815-222648.gurobi.log
20260815-225652,PSC1-C4-50-10,exact-var2,2,0,16,1800,FEASIBLE,3508394.00,3359422.89,0.04246134,1537.51,1809.26,3359422.89,3734501.00,270.53,18925,3734501.00,3508394.00,1,13.0.2,logs/PSC1-C4-50-10_m2_exact-var2_s0_20260815-225652.gurobi.log
20260815-232702,PSC1-C4-50-10,exact-var3,2,0,16,1800,FEASIBLE,3508394.00,3359422.89,0.04246134,1535.82,1807.65,3359422.89,3734501.00,270.59,19085,3734501.00,3508394.00,1,13.0.2,logs/PSC1-C4-50-10_m2_exact-var3_s0_20260815-232702.gurobi.log
20260815-235709,PSC1-C5-50-10,exact-var1,2,0,16,1800,FEASIBLE,25757948.00,25596147.39,0.00628158,1532.70,1804.89,25596147.39,25995321.00,270.42,37548,25995321.00,25757948.00,1,13.0.2,logs/PSC1-C5-50-10_m2_exact-var1_s0_20260815-235709.gurobi.log
20260816-002714,PSC1-C5-50-10,exact-var2,2,0,16,1800,FEASIBLE,25801917.00,25596339.46,0.00796753,1531.08,1802.85,25596339.46,25995321.00,270.41,39440,25995321.00,25801917.00,1,13.0.2,logs/PSC1-C5-50-10_m2_exact-var2_s0_20260816-002714.gurobi.log
20260816-005717,PSC1-C5-50-10,exact-var3,2,0,16,1800,FEASIBLE,25779768.00,25596339.46,0.00711521,1534.07,1806.22,25596339.46,25995321.00,270.34,38056,25995321.00,25779768.00,1,13.0.2,logs/PSC1-C5-50-10_m2_exact-var3_s0_20260816-005717.gurobi.log
20260816-012724,PSC1-C2-100-5,exact-var1,0,0,16,1800,FEASIBLE,3203564.00,3191945.88,0.00362662,1799.58,1800.92,-1.00,-1.00,-1.00,0,-1.00,3203564.00,1,13.0.2,logs/PSC1-C2-100-5_m0_exact-var1_s0_20260816-012724.gurobi.log
20260816-015725,PSC1-C2-100-5,exact-var2,0,0,16,1800,FEASIBLE,3203564.00,3191945.88,0.00362662,1799.81,1801.16,-1.00,-1.00,-1.00,0,-1.00,3203564.00,1,13.0.2,logs/PSC1-C2-100-5_m0_exact-var2_s0_20260816-015725.gurobi.log
20260816-022726,PSC1-C2-100-5,exact-var3,0,0,16,1800,FEASIBLE,3203564.00,3191945.88,0.00362662,1799.63,1800.92,-1.00,-1.00,-1.00,0,-1.00,3203564.00,1,13.0.2,logs/PSC1-C2-100-5_m0_exact-var3_s0_20260816-022726.gurobi.log
20260816-025727,PSC1-C4-100-5,exact-var1,2,0,16,1800,FEASIBLE,3701941.00,3582483.02,0.03226901,1541.38,1815.33,3582483.02,4122784.00,271.97,5853,4122784.00,3701941.00,1,13.0.2,logs/PSC1-C4-100-5_m2_exact-var1_s0_20260816-025727.gurobi.log
20260816-032743,PSC1-C4-100-5,exact-var2,2,0,16,1800,FEASIBLE,3677949.00,3578311.34,0.02709055,1529.50,1804.40,3578311.34,4396237.00,272.67,6290,4396237.00,3677949.00,1,13.0.2,logs/PSC1-C4-100-5_m2_exact-var2_s0_20260816-032743.gurobi.log
20260816-035748,PSC1-C4-100-5,exact-var3,2,0,16,1800,FEASIBLE,3701941.00,3582483.02,0.03226901,1528.14,1802.58,3582483.02,4122784.00,272.04,6933,4122784.00,3701941.00,1,13.0.2,logs/PSC1-C4-100-5_m2_exact-var3_s0_20260816-035748.gurobi.log
20260816-042750,PSC1-C5-100-5,exact-var1,2,0,16,1800,FEASIBLE,25957769.00,25751786.55,0.00793529,1527.58,1804.46,25751786.55,27148491.00,274.03,7792,27148491.00,25957769.00,1,13.0.2,logs/PSC1-C5-100-5_m2_exact-var1_s0_20260816-042750.gurobi.log
20260816-045755,PSC1-C5-100-5,exact-var2,2,0,16,1800,FEASIBLE,25943775.00,25770748.86,0.00666927,1533.84,1808.42,25770748.86,26753025.00,272.49,9883,26753025.00,25943775.00,1,13.0.2,logs/PSC1-C5-100-5_m2_exact-var2_s0_20260816-045755.gurobi.log
20260816-052804,PSC1-C5-100-5,exact-var3,2,0,16,1800,FEASIBLE,25943775.00,25770748.86,0.00666927,1526.23,1801.27,25770748.86,26753025.00,272.93,9393,26753025.00,25943775.00,1,13.0.2,logs/PSC1-C5-100-5_m2_exact-var3_s0_20260816-052804.gurobi.log
20260816-055805,PSC1-C2-100-10,exact-var1,2,0,16,1800,FEASIBLE,5958711.00,5919247.54,0.00662282,1526.99,1803.71,5919247.54,6268039.00,272.74,8658,6268039.00,5958711.00,1,13.0.2,logs/PSC1-C2-100-10_m2_exact-var1_s0_20260816-055805.gurobi.log
20260816-062809,PSC1-C2-100-10,exact-var2,2,0,16,1800,FEASIBLE,5958711.00,5919247.54,0.00662282,1525.09,1802.98,5919247.54,6268039.00,273.35,6779,6268039.00,5958711.00,1,13.0.2,logs/PSC1-C2-100-10_m2_exact-var2_s0_20260816-062809.gurobi.log
20260816-065813,PSC1-C2-100-10,exact-var3,2,0,16,1800,FEASIBLE,5958711.00,5919247.54,0.00662282,1541.44,1819.71,5919247.54,6268039.00,273.30,6859,6268039.00,5958711.00,1,13.0.2,logs/PSC1-C2-100-10_m2_exact-var3_s0_20260816-065813.gurobi.log
20260816-072833,PSC1-C4-100-10,exact-var1,2,0,16,1800,FEASIBLE,6809764.00,6599582.37,0.03086475,1545.37,1830.09,6599582.37,8543847.00,279.09,4993,8543847.00,6809764.00,1,13.0.2,logs/PSC1-C4-100-10_m2_exact-var1_s0_20260816-072833.gurobi.log
20260816-075904,PSC1-C4-100-10,exact-var2,2,0,16,1800,FEASIBLE,6809764.00,6599582.37,0.03086475,1531.52,1815.21,6599582.37,8543847.00,277.94,4713,8543847.00,6809764.00,1,13.0.2,logs/PSC1-C4-100-10_m2_exact-var2_s0_20260816-075904.gurobi.log
20260816-082919,PSC1-C4-100-10,exact-var3,2,0,16,1800,FEASIBLE,6809764.00,6599582.37,0.03086475,1556.92,1839.50,6599582.37,8543847.00,276.90,4993,8543847.00,6809764.00,1,13.0.2,logs/PSC1-C4-100-10_m2_exact-var3_s0_20260816-082919.gurobi.log
20260816-085959,PSC1-C5-100-10,exact-var1,2,0,16,1800,FEASIBLE,51156356.00,50816127.23,0.00665076,1518.47,1803.16,50816127.23,52460062.00,279.48,7885,52460062.00,51156356.00,1,13.0.2,logs/PSC1-C5-100-10_m2_exact-var1_s0_20260816-085959.gurobi.log
20260816-093003,PSC1-C5-100-10,exact-var2,2,0,16,1800,FEASIBLE,51156356.00,50816127.23,0.00665076,1530.43,1816.74,50816127.23,52460062.00,280.75,7705,52460062.00,51156356.00,1,13.0.2,logs/PSC1-C5-100-10_m2_exact-var2_s0_20260816-093003.gurobi.log
20260816-100020,PSC1-C5-100-10,exact-var3,2,0,16,1800,FEASIBLE,51156356.00,50816127.23,0.00665076,1517.83,1804.71,50816127.23,52460062.00,281.26,9755,52460062.00,51156356.00,1,13.0.2,logs/PSC1-C5-100-10_m2_exact-var3_s0_20260816-100020.gurobi.log
20260816-103025,PSC1-C1-100-5,exact-mauri,0,0,16,3600,FEASIBLE,3795469.00,3784796.52,0.00281190,3599.37,3601.62,-1.00,-1.00,-1.00,0,-1.00,3795469.00,1,13.0.2,logs/PSC1-C1-100-5_m0_exact-mauri_s0_20260816-103025.gurobi.log
20260816-113027,PSC1-C1-50-5,exact-mauri,0,0,16,3600,OPTIMAL,1923801.00,1923801.00,0.00000000,1413.03,1413.46,-1.00,-1.00,-1.00,0,-1.00,1923801.00,1,13.0.2,logs/PSC1-C1-50-5_m0_exact-mauri_s0_20260816-113027.gurobi.log
20260816-115401,PSC2-C1-100-5,exact-mauri,0,0,16,3600,FEASIBLE,3786839.00,3774050.87,0.00337699,3600.27,3602.24,-1.00,-1.00,-1.00,0,-1.00,3786839.00,1,13.0.2,logs/PSC2-C1-100-5_m0_exact-mauri_s0_20260816-115401.gurobi.log
20260816-125403,PSC2-C1-50-5,exact-mauri,0,0,16,3600,FEASIBLE,1930655.00,1927178.33,0.00180077,3600.41,3601.85,-1.00,-1.00,-1.00,0,-1.00,1930655.00,1,13.0.2,logs/PSC2-C1-50-5_m0_exact-mauri_s0_20260816-125403.gurobi.log
20260816-135405,PSC3-C1-100-10,exact-mauri,0,0,16,3600,FEASIBLE,6521851.00,6510236.86,0.00178080,3598.25,3603.18,-1.00,-1.00,-1.00,0,-1.00,6521851.00,1,13.0.2,logs/PSC3-C1-100-10_m0_exact-mauri_s0_20260816-135405.gurobi.log
20260816-145409,PSC3-C1-100-5,exact-mauri,0,0,16,3600,FEASIBLE,3789070.00,3782453.33,0.00174625,3599.06,3601.86,-1.00,-1.00,-1.00,0,-1.00,3789070.00,1,13.0.2,logs/PSC3-C1-100-5_m0_exact-mauri_s0_20260816-145409.gurobi.log
20260816-155411,PSC3-C1-50-5,exact-mauri,0,0,16,3600,FEASIBLE,1931924.00,1927417.59,0.00233260,3600.46,3602.19,-1.00,-1.00,-1.00,0,-1.00,1931924.00,1,13.0.2,logs/PSC3-C1-50-5_m0_exact-mauri_s0_20260816-155411.gurobi.log
20260816-165413,PSC4-C1-100-10,exact-mauri,0,0,16,3600,FEASIBLE,6529436.21,6517527.74,0.00182381,3597.33,3603.10,-1.00,-1.00,-1.00,0,-1.00,6529385.00,1,13.0.2,logs/PSC4-C1-100-10_m0_exact-mauri_s0_20260816-165413.gurobi.log
20260816-175417,PSC4-C1-100-5,exact-mauri,0,0,16,3600,FEASIBLE,3782232.00,3776276.90,0.00157449,3599.16,3601.65,-1.00,-1.00,-1.00,0,-1.00,3782232.00,1,13.0.2,logs/PSC4-C1-100-5_m0_exact-mauri_s0_20260816-175417.gurobi.log
20260816-185419,PSC4-C1-50-5,exact-mauri,0,0,16,3600,OPTIMAL,1909659.00,1909517.74,0.00007397,1075.78,1076.68,-1.00,-1.00,-1.00,0,-1.00,1909659.00,1,13.0.2,logs/PSC4-C1-50-5_m0_exact-mauri_s0_20260816-185419.gurobi.log
20260816-191216,PSC5-C1-100-5,exact-mauri,0,0,16,3600,FEASIBLE,3801927.00,3792912.72,0.00237098,3599.92,3599.96,-1.00,-1.00,-1.00,0,-1.00,3801927.00,1,13.0.2,logs/PSC5-C1-100-5_m0_exact-mauri_s0_20260816-191216.gurobi.log
20260816-201218,PSC5-C1-50-5,exact-mauri,0,0,16,3600,OPTIMAL,1895151.00,1895151.00,0.00000000,1229.68,1230.34,-1.00,-1.00,-1.00,0,-1.00,1895151.00,1,13.0.2,logs/PSC5-C1-50-5_m0_exact-mauri_s0_20260816-201218.gurobi.log
20260816-203249,PSC2-C1-50-5,exact,1,0,16,14400,FEASIBLE,1930040.00,1929460.42,0.00030030,14399.89,14405.56,-1.00,-1.00,-1.00,3965,-1.00,1930040.00,1,13.0.2,logs/PSC2-C1-50-5_m1_exact_s0_20260816-203249.gurobi.log
20260817-003255,PSC3-C1-50-5,exact,1,0,16,14400,FEASIBLE,1930380.00,1929609.49,0.00039915,14399.82,14410.12,-1.00,-1.00,-1.00,5097,-1.00,1930380.00,1,13.0.2,logs/PSC3-C1-50-5_m1_exact_s0_20260817-003255.gurobi.log
20260817-101519,PSC1-C5-100-10,exact-fl,0,0,16,1800,FEASIBLE,51129816.00,50840650.57,0.00565551,1797.63,1801.85,-1.00,-1.00,-1.00,0,-1.00,51129816.00,1,13.0.2,logs/PSC1-C5-100-10_m0_exact-fl_s0_20260817-101519.gurobi.log
20260817-120553,PSC1-C1-50-5,exact-flguided,0,0,16,1800,FEASIBLE,1923801.00,1923301.22,0.00025979,1528.76,1801.56,1914745.11,1949095.00,271.19,0,1949095.00,1923801.00,1,13.0.2,logs/PSC1-C1-50-5_m0_exact-flguided_s0_20260817-120553.gurobi.log
20260817-123555,PSC1-C2-50-5,exact-flguided,0,0,16,1800,FEASIBLE,1638179.00,1626575.63,0.00708309,1529.22,1800.48,1625286.21,1718369.00,270.54,0,1718369.00,1638179.00,1,13.0.2,logs/PSC1-C2-50-5_m0_exact-flguided_s0_20260817-123555.gurobi.log
20260817-130555,PSC1-C3-50-5,exact-flguided,0,0,16,1800,FEASIBLE,13059862.00,12984082.58,0.00580247,1529.53,1810.81,12984082.58,13419111.00,270.73,0,13419111.00,13059862.00,1,13.0.2,logs/PSC1-C3-50-5_m0_exact-flguided_s0_20260817-130555.gurobi.log
20260817-133606,PSC1-C4-50-5,exact-flguided,0,0,16,1800,FEASIBLE,1885292.00,1840681.25,0.02366252,1529.60,1800.41,1840681.25,2326477.00,270.29,0,2326477.00,1885292.00,1,13.0.2,logs/PSC1-C4-50-5_m0_exact-flguided_s0_20260817-133606.gurobi.log
20260817-140607,PSC1-C5-50-5,exact-flguided,0,0,16,1800,FEASIBLE,13137718.00,13090537.38,0.00359123,1529.79,1802.97,13090537.38,13282794.00,270.30,0,13282794.00,13137718.00,1,13.0.2,logs/PSC1-C5-50-5_m0_exact-flguided_s0_20260817-140607.gurobi.log
20260817-143610,PSC2-C1-50-5,exact-flguided,0,0,16,1800,FEASIBLE,1931600.00,1926125.96,0.00283394,1528.52,1800.99,1921807.50,1957394.00,270.90,0,1957394.00,1931600.00,1,13.0.2,logs/PSC2-C1-50-5_m0_exact-flguided_s0_20260817-143610.gurobi.log
20260817-150611,PSC2-C2-50-5,exact-flguided,0,0,16,1800,FEASIBLE,1639617.00,1629973.24,0.00588172,1529.01,1800.45,1628825.64,1647921.00,270.87,0,1647921.00,1639617.00,1,13.0.2,logs/PSC2-C2-50-5_m0_exact-flguided_s0_20260817-150611.gurobi.log
20260817-153612,PSC2-C3-50-5,exact-flguided,0,0,16,1800,FEASIBLE,13070623.00,12991941.54,0.00601972,1530.14,1806.97,12991941.54,13297208.00,270.41,0,13297208.00,13070623.00,1,13.0.2,logs/PSC2-C3-50-5_m0_exact-flguided_s0_20260817-153612.gurobi.log
20260817-160619,PSC2-C4-50-5,exact-flguided,0,0,16,1800,FEASIBLE,1888387.00,1841593.87,0.02477942,1529.48,1800.47,1841593.87,2088558.00,270.42,0,2088558.00,1888387.00,1,13.0.2,logs/PSC2-C4-50-5_m0_exact-flguided_s0_20260817-160619.gurobi.log
20260817-163620,PSC2-C5-50-5,exact-flguided,0,0,16,1800,FEASIBLE,13077965.00,13032469.84,0.00347876,1529.98,1801.72,13032469.84,13206964.00,270.51,0,13206964.00,13077965.00,1,13.0.2,logs/PSC2-C5-50-5_m0_exact-flguided_s0_20260817-163620.gurobi.log
20260817-170621,PSC3-C1-50-5,exact-flguided,0,0,16,1800,FEASIBLE,1930871.00,1926815.29,0.00210045,1528.38,1800.85,1922754.02,1953743.00,270.87,0,1953743.00,1930871.00,1,13.0.2,logs/PSC3-C1-50-5_m0_exact-flguided_s0_20260817-170621.gurobi.log
20260817-173622,PSC3-C2-50-5,exact-flguided,0,0,16,1800,FEASIBLE,1640443.00,1629103.95,0.00691219,1529.13,1800.62,1627750.82,1728830.00,270.74,0,1728830.00,1640443.00,1,13.0.2,logs/PSC3-C2-50-5_m0_exact-flguided_s0_20260817-173622.gurobi.log
20260817-180623,PSC3-C3-50-5,exact-flguided,0,0,16,1800,FEASIBLE,12989482.00,12914648.09,0.00576112,1529.61,1806.15,12914648.09,13216032.00,270.57,0,13216032.00,12989482.00,1,13.0.2,logs/PSC3-C3-50-5_m0_exact-flguided_s0_20260817-180623.gurobi.log
20260817-183630,PSC3-C4-50-5,exact-flguided,0,0,16,1800,FEASIBLE,1885760.00,1840048.33,0.02424045,1529.77,1801.05,1840048.33,2112211.00,270.25,0,2112211.00,1885760.00,1,13.0.2,logs/PSC3-C4-50-5_m0_exact-flguided_s0_20260817-183630.gurobi.log
20260817-190631,PSC3-C5-50-5,exact-flguided,0,0,16,1800,FEASIBLE,13128361.00,13079712.50,0.00370560,1530.00,1801.40,13079712.50,13173552.00,270.29,0,13173552.00,13128361.00,1,13.0.2,logs/PSC3-C5-50-5_m0_exact-flguided_s0_20260817-190631.gurobi.log
20260817-193632,PSC4-C1-50-5,exact-flguided,0,0,16,1800,OPTIMAL,1909659.00,1909659.00,0.00000000,662.67,934.64,1906303.51,1936975.00,270.87,0,1936975.00,1909659.00,1,13.0.2,logs/PSC4-C1-50-5_m0_exact-flguided_s0_20260817-193632.gurobi.log
20260817-195207,PSC4-C2-50-5,exact-flguided,0,0,16,1800,FEASIBLE,1643887.00,1633214.47,0.00649225,1529.32,1800.55,1632615.86,1677154.00,270.54,0,1677154.00,1643887.00,1,13.0.2,logs/PSC4-C2-50-5_m0_exact-flguided_s0_20260817-195207.gurobi.log
20260817-202208,PSC4-C3-50-5,exact-flguided,0,0,16,1800,FEASIBLE,13065446.00,12986373.09,0.00605206,1529.75,1803.62,12986373.09,13234003.00,270.42,0,13234003.00,13065446.00,1,13.0.2,logs/PSC4-C3-50-5_m0_exact-flguided_s0_20260817-202208.gurobi.log
20260817-205214,PSC4-C4-50-5,exact-flguided,0,0,16,1800,FEASIBLE,1880752.00,1834043.75,0.02483488,1529.47,1800.43,1834043.75,2326262.00,270.44,0,2326262.00,1880752.00,1,13.0.2,logs/PSC4-C4-50-5_m0_exact-flguided_s0_20260817-205214.gurobi.log
20260817-212215,PSC4-C5-50-5,exact-flguided,0,0,16,1800,FEASIBLE,13136923.00,13092948.95,0.00334736,1529.81,1804.34,13092948.95,13200751.00,270.32,0,13200751.00,13136923.00,1,13.0.2,logs/PSC4-C5-50-5_m0_exact-flguided_s0_20260817-212215.gurobi.log
20260817-215219,PSC5-C1-50-5,exact-flguided,0,0,16,1800,OPTIMAL,1895151.00,1895151.00,0.00000000,708.66,980.54,1890263.69,1915385.00,270.73,0,1915385.00,1895151.00,1,13.0.2,logs/PSC5-C1-50-5_m0_exact-flguided_s0_20260817-215219.gurobi.log
20260817-220840,PSC5-C2-50-5,exact-flguided,0,0,16,1800,FEASIBLE,1639236.00,1630634.40,0.00524732,1529.47,1800.42,1627376.08,1655191.00,270.47,0,1655191.00,1639236.00,1,13.0.2,logs/PSC5-C2-50-5_m0_exact-flguided_s0_20260817-220840.gurobi.log
20260817-223841,PSC5-C3-50-5,exact-flguided,0,0,16,1800,FEASIBLE,13019960.00,12945205.24,0.00574155,1529.97,1809.53,12945205.24,13449420.00,270.45,0,13449420.00,13019960.00,1,13.0.2,logs/PSC5-C3-50-5_m0_exact-flguided_s0_20260817-223841.gurobi.log
20260817-230850,PSC5-C4-50-5,exact-flguided,0,0,16,1800,FEASIBLE,1882431.00,1839121.60,0.02300716,1525.09,1800.38,1839121.60,2201746.00,274.55,0,2201746.00,1882431.00,1,13.0.2,logs/PSC5-C4-50-5_m0_exact-flguided_s0_20260817-230850.gurobi.log
20260817-233851,PSC5-C5-50-5,exact-flguided,0,0,16,1800,FEASIBLE,13097474.00,13048249.48,0.00375832,1529.87,1801.91,13048249.48,13298808.00,270.29,0,13298808.00,13097474.00,1,13.0.2,logs/PSC5-C5-50-5_m0_exact-flguided_s0_20260817-233851.gurobi.log
20260818-000853,PSC1-C1-50-10,exact-flguided,0,0,16,1800,FEASIBLE,3276427.00,3264112.41,0.00375854,1528.19,1800.71,3261879.40,3295996.00,271.36,0,3295996.00,3276427.00,1,13.0.2,logs/PSC1-C1-50-10_m0_exact-flguided_s0_20260818-000853.gurobi.log
20260818-003854,PSC1-C2-50-10,exact-flguided,0,0,16,1800,FEASIBLE,2996387.00,2969046.65,0.00912444,1529.41,1800.83,2967907.13,3059826.00,270.54,0,3059826.00,2996387.00,1,13.0.2,logs/PSC1-C2-50-10_m0_exact-flguided_s0_20260818-003854.gurobi.log
20260818-010855,PSC1-C3-50-10,exact-flguided,0,0,16,1800,FEASIBLE,25660015.00,25529237.54,0.00509655,1455.23,1800.66,25529237.54,26271076.00,344.14,0,26271076.00,25660015.00,1,13.0.2,logs/PSC1-C3-50-10_m0_exact-flguided_s0_20260818-010855.gurobi.log
20260818-013856,PSC1-C4-50-10,exact-flguided,0,0,16,1800,FEASIBLE,3486887.00,3363808.90,0.03529741,1529.02,1800.41,3363808.90,3735048.00,270.32,0,3735048.00,3486887.00,1,13.0.2,logs/PSC1-C4-50-10_m0_exact-flguided_s0_20260818-013856.gurobi.log
20260818-020856,PSC1-C5-50-10,exact-flguided,0,0,16,1800,FEASIBLE,25720265.00,25619526.96,0.00391668,1529.52,1800.48,25619526.96,25995321.00,270.28,0,25995321.00,25720265.00,1,13.0.2,logs/PSC1-C5-50-10_m0_exact-flguided_s0_20260818-020856.gurobi.log
20260818-023857,PSC2-C1-50-10,exact-flguided,0,0,16,1800,FEASIBLE,3279630.00,3269988.89,0.00293970,1528.60,1800.76,3265498.73,3299309.00,271.11,0,3299309.00,3279630.00,1,13.0.2,logs/PSC2-C1-50-10_m0_exact-flguided_s0_20260818-023857.gurobi.log
20260818-030858,PSC2-C2-50-10,exact-flguided,0,0,16,1800,FEASIBLE,3014488.00,2983060.18,0.01042559,1529.65,1800.55,2983060.18,3152704.00,270.28,0,3152704.00,3014488.00,1,13.0.2,logs/PSC2-C2-50-10_m0_exact-flguided_s0_20260818-030858.gurobi.log
20260818-033858,PSC2-C3-50-10,exact-flguided,0,0,16,1800,FEASIBLE,25672017.00,25550827.04,0.00472070,1529.53,1800.65,25550827.04,26416725.00,270.43,0,26416725.00,25672017.00,1,13.0.2,logs/PSC2-C3-50-10_m0_exact-flguided_s0_20260818-033858.gurobi.log
20260818-040859,PSC2-C4-50-10,exact-flguided,0,0,16,1800,FEASIBLE,3486239.00,3365947.45,0.03450468,1529.47,1800.44,3365947.45,3814950.00,270.30,0,3814950.00,3486239.00,1,13.0.2,logs/PSC2-C4-50-10_m0_exact-flguided_s0_20260818-040859.gurobi.log
20260818-043900,PSC2-C5-50-10,exact-flguided,0,0,16,1800,FEASIBLE,25633755.00,25537120.87,0.00376980,1529.58,1800.53,25537120.87,25830694.00,270.28,0,25830694.00,25633755.00,1,13.0.2,logs/PSC2-C5-50-10_m0_exact-flguided_s0_20260818-043900.gurobi.log
20260818-050900,PSC3-C1-50-10,exact-flguided,0,0,16,1800,FEASIBLE,3279818.00,3273173.64,0.00202583,1529.04,1800.84,3267717.82,3305732.00,270.94,0,3305732.00,3279818.00,1,13.0.2,logs/PSC3-C1-50-10_m0_exact-flguided_s0_20260818-050900.gurobi.log
20260818-053901,PSC3-C2-50-10,exact-flguided,0,0,16,1800,FEASIBLE,3009906.00,2979192.42,0.01020417,1529.61,1800.60,2979192.42,3190301.00,270.27,0,3190301.00,3008494.00,1,13.0.2,logs/PSC3-C2-50-10_m0_exact-flguided_s0_20260818-053901.gurobi.log
20260818-060902,PSC3-C3-50-10,exact-flguided,0,0,16,1800,FEASIBLE,25560212.00,25441820.92,0.00463185,1529.34,1800.69,25441820.92,26277299.00,270.57,0,26277299.00,25560212.00,1,13.0.2,logs/PSC3-C3-50-10_m0_exact-flguided_s0_20260818-060902.gurobi.log
20260818-063903,PSC3-C4-50-10,exact-flguided,0,0,16,1800,FEASIBLE,3478390.00,3358770.69,0.03438927,1529.55,1800.70,3358770.69,3586116.00,270.41,0,3586116.00,3478390.00,1,13.0.2,logs/PSC3-C4-50-10_m0_exact-flguided_s0_20260818-063903.gurobi.log
20260818-070904,PSC3-C5-50-10,exact-flguided,0,0,16,1800,FEASIBLE,25715533.00,25587010.22,0.00499787,1529.55,1800.66,25587010.22,26055503.00,270.34,0,26055503.00,25715533.00,1,13.0.2,logs/PSC3-C5-50-10_m0_exact-flguided_s0_20260818-070904.gurobi.log
20260818-073905,PSC4-C1-50-10,exact-flguided,0,0,16,1800,FEASIBLE,3280228.00,3274139.51,0.00185612,1528.71,1800.84,3269527.41,3324263.00,271.09,0,3324263.00,3280228.00,1,13.0.2,logs/PSC4-C1-50-10_m0_exact-flguided_s0_20260818-073905.gurobi.log
20260818-080906,PSC4-C2-50-10,exact-flguided,0,0,16,1800,FEASIBLE,3008782.00,2979062.21,0.00987768,1529.07,1800.53,2977215.67,3134708.00,270.59,0,3134708.00,3008782.00,1,13.0.2,logs/PSC4-C2-50-10_m0_exact-flguided_s0_20260818-080906.gurobi.log
20260818-083906,PSC4-C3-50-10,exact-flguided,0,0,16,1800,FEASIBLE,25670673.00,25531188.79,0.00543360,1458.59,1800.63,25531188.79,26245645.00,340.72,0,26245645.00,25670673.00,1,13.0.2,logs/PSC4-C3-50-10_m0_exact-flguided_s0_20260818-083906.gurobi.log
20260818-090907,PSC4-C4-50-10,exact-flguided,0,0,16,1800,FEASIBLE,3476426.00,3350324.71,0.03627326,1528.83,1800.81,3350324.71,4157319.00,270.60,0,4157319.00,3476426.00,1,13.0.2,logs/PSC4-C4-50-10_m0_exact-flguided_s0_20260818-090907.gurobi.log
20260818-093908,PSC4-C5-50-10,exact-flguided,0,0,16,1800,FEASIBLE,25718724.00,25580890.20,0.00535928,1529.26,1801.14,25580890.20,25957796.00,270.56,0,25957796.00,25718724.00,1,13.0.2,logs/PSC4-C5-50-10_m0_exact-flguided_s0_20260818-093908.gurobi.log
20260818-100910,PSC5-C1-50-10,exact-flguided,0,0,16,1800,FEASIBLE,3282060.00,3263067.16,0.00578686,1528.19,1801.27,3261778.96,3296052.00,271.33,0,3296052.00,3282060.00,1,13.0.2,logs/PSC5-C1-50-10_m0_exact-flguided_s0_20260818-100910.gurobi.log
20260818-103911,PSC5-C2-50-10,exact-flguided,0,0,16,1800,FEASIBLE,3005894.00,2975928.36,0.00996896,1528.66,1800.57,2975417.07,3040381.00,270.62,0,3040381.00,3005894.00,1,13.0.2,logs/PSC5-C2-50-10_m0_exact-flguided_s0_20260818-103911.gurobi.log
20260818-110912,PSC5-C3-50-10,exact-flguided,0,0,16,1800,FEASIBLE,25625757.00,25489991.01,0.00529803,1457.51,1800.66,25489991.01,26213372.00,341.79,0,26213372.00,25625757.00,1,13.0.2,logs/PSC5-C3-50-10_m0_exact-flguided_s0_20260818-110912.gurobi.log
20260818-113913,PSC5-C4-50-10,exact-flguided,0,0,16,1800,FEASIBLE,3489057.00,3350110.88,0.03982340,1528.80,1800.94,3350110.88,4003498.00,270.75,0,4003498.00,3489057.00,1,13.0.2,logs/PSC5-C4-50-10_m0_exact-flguided_s0_20260818-113913.gurobi.log
20260818-120914,PSC5-C5-50-10,exact-flguided,0,0,16,1800,FEASIBLE,25682014.00,25542548.36,0.00543048,1529.21,1801.22,25542548.36,26066311.00,270.53,0,26066311.00,25682014.00,1,13.0.2,logs/PSC5-C5-50-10_m0_exact-flguided_s0_20260818-120914.gurobi.log
20260818-123915,PSC1-C1-100-5,exact-flguided,0,0,16,1800,FEASIBLE,3797815.86,3784796.57,0.00342810,1527.00,1803.36,3783986.31,3820791.00,273.09,0,3820791.00,3797116.00,1,13.0.2,logs/PSC1-C1-100-5_m0_exact-flguided_s0_20260818-123915.gurobi.log
20260818-130919,PSC1-C2-100-5,exact-flguided,0,0,16,1800,FEASIBLE,3203285.00,3190568.29,0.00396990,1527.10,1801.27,3190156.11,3386235.00,271.51,0,3386235.00,3203285.00,1,13.0.2,logs/PSC1-C2-100-5_m0_exact-flguided_s0_20260818-130919.gurobi.log
20260818-133921,PSC1-C3-100-5,exact-flguided,0,0,16,1800,FEASIBLE,25876338.00,25429981.98,0.01724958,1528.26,1800.83,25429981.98,26151241.00,271.03,0,26151241.00,25876338.00,1,13.0.2,logs/PSC1-C3-100-5_m0_exact-flguided_s0_20260818-133921.gurobi.log
20260818-140922,PSC1-C4-100-5,exact-flguided,0,0,16,1800,FEASIBLE,3662999.00,3578311.34,0.02311976,1525.38,1801.54,3578311.34,4396237.00,273.49,0,4396237.00,3662999.00,1,13.0.2,logs/PSC1-C4-100-5_m0_exact-flguided_s0_20260818-140922.gurobi.log
20260818-143924,PSC1-C5-100-5,exact-flguided,0,0,16,1800,FEASIBLE,25877086.00,25751786.55,0.00484210,1525.04,1801.65,25751786.55,27148491.00,274.10,0,27148491.00,25877086.00,1,13.0.2,logs/PSC1-C5-100-5_m0_exact-flguided_s0_20260818-143924.gurobi.log
20260818-150926,PSC2-C1-100-5,exact-flguided,0,0,16,1800,FEASIBLE,3785720.00,3773986.46,0.00309942,1525.59,1802.19,3773131.42,3807654.00,272.98,0,3807654.00,3785720.00,1,13.0.2,logs/PSC2-C1-100-5_m0_exact-flguided_s0_20260818-150926.gurobi.log
20260818-153928,PSC2-C2-100-5,exact-flguided,0,0,16,1800,FEASIBLE,3216385.00,3206402.26,0.00310372,1527.15,1801.18,3204321.73,3389414.00,271.49,0,3389414.00,3216385.00,1,13.0.2,logs/PSC2-C2-100-5_m0_exact-flguided_s0_20260818-153928.gurobi.log
20260818-160930,PSC2-C3-100-5,exact-flguided,0,0,16,1800,FEASIBLE,25707850.00,25425443.57,0.01098522,1529.58,1802.03,25425443.57,26079869.00,270.77,0,26079869.00,25707850.00,1,13.0.2,logs/PSC2-C3-100-5_m0_exact-flguided_s0_20260818-160930.gurobi.log
20260818-163932,PSC2-C4-100-5,exact-flguided,0,0,16,1800,FEASIBLE,3651223.00,3574326.38,0.02106051,1527.61,1801.17,3574326.38,4474750.00,271.77,0,4474750.00,3651223.00,1,13.0.2,logs/PSC2-C4-100-5_m0_exact-flguided_s0_20260818-163932.gurobi.log
20260818-170933,PSC2-C5-100-5,exact-flguided,0,0,16,1800,FEASIBLE,25754355.00,25659876.79,0.00366844,1528.12,1802.27,25659876.79,26664057.00,272.34,0,26664057.00,25754355.00,1,13.0.2,logs/PSC2-C5-100-5_m0_exact-flguided_s0_20260818-170933.gurobi.log
20260818-173936,PSC3-C1-100-5,exact-flguided,0,0,16,1800,FEASIBLE,3789722.00,3782511.34,0.00190269,1526.26,1802.43,3781345.72,3887284.00,272.74,0,3887284.00,3789722.00,1,13.0.2,logs/PSC3-C1-100-5_m0_exact-flguided_s0_20260818-173936.gurobi.log
20260818-180939,PSC3-C2-100-5,exact-flguided,0,0,16,1800,FEASIBLE,3214278.00,3204657.97,0.00299291,1526.83,1801.52,3203929.83,3486887.00,271.71,0,3486887.00,3214278.00,1,13.0.2,logs/PSC3-C2-100-5_m0_exact-flguided_s0_20260818-180939.gurobi.log
20260818-183941,PSC3-C3-100-5,exact-flguided,0,0,16,1800,FEASIBLE,25706707.00,25265384.39,0.01716761,1527.16,1800.78,25265384.39,25929875.00,271.30,0,25929875.00,25706707.00,1,13.0.2,logs/PSC3-C3-100-5_m0_exact-flguided_s0_20260818-183941.gurobi.log
20260818-190942,PSC3-C4-100-5,exact-flguided,0,0,16,1800,FEASIBLE,3649944.00,3580408.53,0.01905111,1525.28,1802.16,3580408.53,4746427.00,273.95,0,4746427.00,3649944.00,1,13.0.2,logs/PSC3-C4-100-5_m0_exact-flguided_s0_20260818-190942.gurobi.log
20260818-193944,PSC3-C5-100-5,exact-flguided,0,0,16,1800,FEASIBLE,25826773.00,25690318.07,0.00528347,1521.83,1798.75,25690318.07,27147243.00,276.65,0,27147243.00,25826773.00,1,13.0.2,logs/PSC3-C5-100-5_m0_exact-flguided_s0_20260818-193944.gurobi.log
20260818-200946,PSC4-C1-100-5,exact-flguided,0,0,16,1800,FEASIBLE,3780349.00,3776127.67,0.00111665,1525.75,1802.14,3774899.60,3821310.00,272.72,0,3821310.00,3780349.00,1,13.0.2,logs/PSC4-C1-100-5_m0_exact-flguided_s0_20260818-200946.gurobi.log
20260818-203948,PSC4-C2-100-5,exact-flguided,0,0,16,1800,FEASIBLE,3230459.00,3215361.22,0.00467357,1526.72,1801.72,3214215.53,3440030.00,272.08,0,3440030.00,3230459.00,1,13.0.2,logs/PSC4-C2-100-5_m0_exact-flguided_s0_20260818-203948.gurobi.log
20260818-210950,PSC4-C3-100-5,exact-flguided,0,0,16,1800,FEASIBLE,25851494.00,25444251.04,0.01575317,1527.51,1800.95,25444251.04,26198847.00,271.30,0,26198847.00,25851494.00,1,13.0.2,logs/PSC4-C3-100-5_m0_exact-flguided_s0_20260818-210950.gurobi.log
20260818-213952,PSC4-C4-100-5,exact-flguided,0,0,16,1800,FEASIBLE,3637160.00,3562340.78,0.02057078,1525.59,1801.34,3562340.78,4855349.00,273.19,0,4855349.00,3637160.00,1,13.0.2,logs/PSC4-C4-100-5_m0_exact-flguided_s0_20260818-213952.gurobi.log
20260818-220953,PSC4-C5-100-5,exact-flguided,0,0,16,1800,FEASIBLE,25881837.00,25757781.96,0.00479313,1523.41,1801.14,25757781.96,27099873.00,275.16,0,27099873.00,25881837.00,1,13.0.2,logs/PSC4-C5-100-5_m0_exact-flguided_s0_20260818-220953.gurobi.log
20260818-223955,PSC5-C1-100-5,exact-flguided,0,0,16,1800,FEASIBLE,3801370.00,3793147.46,0.00216305,1526.56,1801.80,3792031.44,3820958.00,272.72,0,3820958.00,3801370.00,1,13.0.2,logs/PSC5-C1-100-5_m0_exact-flguided_s0_20260818-223955.gurobi.log
20260818-230957,PSC5-C2-100-5,exact-flguided,0,0,16,1800,FEASIBLE,3205347.00,3193876.19,0.00357865,1527.61,1801.29,3193364.90,3303582.00,271.69,0,3303582.00,3205347.00,1,13.0.2,logs/PSC5-C2-100-5_m0_exact-flguided_s0_20260818-230957.gurobi.log
20260818-233958,PSC5-C3-100-5,exact-flguided,0,0,16,1800,FEASIBLE,25796630.00,25376784.01,0.01627523,1527.90,1800.76,25376784.01,26116000.00,271.23,0,26116000.00,25796630.00,1,13.0.2,logs/PSC5-C3-100-5_m0_exact-flguided_s0_20260818-233958.gurobi.log
20260819-000959,PSC5-C4-100-5,exact-flguided,0,0,16,1800,FEASIBLE,3645906.00,3575532.60,0.01930203,1527.15,1802.55,3575532.60,4471565.00,273.12,0,4471565.00,3645906.00,1,13.0.2,logs/PSC5-C4-100-5_m0_exact-flguided_s0_20260819-000959.gurobi.log
20260819-004002,PSC5-C5-100-5,exact-flguided,0,0,16,1800,FEASIBLE,25834434.00,25700403.25,0.00518807,1524.25,1801.21,25700403.25,26968806.00,274.75,0,26968806.00,25834434.00,1,13.0.2,logs/PSC5-C5-100-5_m0_exact-flguided_s0_20260819-004002.gurobi.log
20260819-011004,PSC1-C1-100-10,exact-flguided,0,0,16,1800,FEASIBLE,6522943.00,6511584.97,0.00174124,1520.35,1803.10,6510544.78,6681610.00,276.81,0,6681610.00,6522943.00,1,13.0.2,logs/PSC1-C1-100-10_m0_exact-flguided_s0_20260819-011004.gurobi.log
20260819-014007,PSC1-C2-100-10,exact-flguided,0,0,16,1800,FEASIBLE,5954704.00,5920186.17,0.00579673,1523.27,1801.84,5918938.68,6274943.00,273.77,0,6274943.00,5954704.00,1,13.0.2,logs/PSC1-C2-100-10_m0_exact-flguided_s0_20260819-014007.gurobi.log
20260819-021010,PSC1-C3-100-10,exact-flguided,0,0,16,1800,FEASIBLE,51429051.00,50477643.70,0.01849941,1525.69,1801.16,50477643.70,51639943.00,271.52,0,51639943.00,51429051.00,1,13.0.2,logs/PSC1-C3-100-10_m0_exact-flguided_s0_20260819-021010.gurobi.log
20260819-024011,PSC1-C4-100-10,exact-flguided,0,0,16,1800,FEASIBLE,6796796.00,6599582.37,0.02901568,1518.79,1802.34,6599582.37,8543847.00,278.16,0,8543847.00,6796796.00,1,13.0.2,logs/PSC1-C4-100-10_m0_exact-flguided_s0_20260819-024011.gurobi.log
20260819-031014,PSC1-C5-100-10,exact-flguided,0,0,16,1800,FEASIBLE,51113188.00,50816127.23,0.00581182,1514.54,1801.96,50816127.23,52460062.00,282.75,0,52460062.00,51113188.00,1,13.0.2,logs/PSC1-C5-100-10_m0_exact-flguided_s0_20260819-031014.gurobi.log
20260819-034016,PSC2-C1-100-10,exact-flguided,0,0,16,1800,FEASIBLE,6524880.00,6504037.69,0.00319428,1523.04,1803.32,6502577.54,6616161.00,273.77,0,6616161.00,6524880.00,1,13.0.2,logs/PSC2-C1-100-10_m0_exact-flguided_s0_20260819-034016.gurobi.log
20260819-041020,PSC2-C2-100-10,exact-flguided,0,0,16,1800,FEASIBLE,5958279.00,5921633.63,0.00615033,1522.74,1801.86,5921633.63,6220652.00,273.99,0,6220652.00,5958279.00,1,13.0.2,logs/PSC2-C2-100-10_m0_exact-flguided_s0_20260819-041020.gurobi.log
20260819-044023,PSC2-C3-100-10,exact-flguided,0,0,16,1800,FEASIBLE,51416394.00,50453732.31,0.01872286,1524.63,1800.95,50453732.31,51653633.00,272.24,0,51653633.00,51416394.00,1,13.0.2,logs/PSC2-C3-100-10_m0_exact-flguided_s0_20260819-044023.gurobi.log
20260819-051024,PSC2-C4-100-10,exact-flguided,0,0,16,1800,FEASIBLE,6772987.00,6599986.99,0.02554265,1519.18,1802.09,6591433.24,8302557.00,279.06,0,8302557.00,6772987.00,1,13.0.2,logs/PSC2-C4-100-10_m0_exact-flguided_s0_20260819-051024.gurobi.log
20260819-054026,PSC2-C5-100-10,exact-flguided,0,0,16,1800,FEASIBLE,51112607.00,50798392.32,0.00614750,1517.91,1801.14,50798392.32,52702774.00,279.64,0,52702774.00,51112607.00,1,13.0.2,logs/PSC2-C5-100-10_m0_exact-flguided_s0_20260819-054026.gurobi.log
20260819-061028,PSC3-C1-100-10,exact-flguided,0,0,16,1800,FEASIBLE,6519813.00,6510633.85,0.00140789,1525.56,1802.50,6509331.19,6562065.00,273.73,0,6562065.00,6519813.00,1,13.0.2,logs/PSC3-C1-100-10_m0_exact-flguided_s0_20260819-061028.gurobi.log
20260819-064030,PSC3-C2-100-10,exact-flguided,0,0,16,1800,FEASIBLE,5959639.00,5922938.72,0.00615814,1526.59,1801.20,5922036.44,6443971.00,271.92,0,6443971.00,5959639.00,1,13.0.2,logs/PSC3-C2-100-10_m0_exact-flguided_s0_20260819-064030.gurobi.log
20260819-071032,PSC3-C3-100-10,exact-flguided,0,0,16,1800,FEASIBLE,51211943.00,50434789.00,0.01517525,1527.67,1800.90,50434789.00,51679908.00,271.23,0,51679908.00,51211943.00,1,13.0.2,logs/PSC3-C3-100-10_m0_exact-flguided_s0_20260819-071032.gurobi.log
20260819-074033,PSC3-C4-100-10,exact-flguided,0,0,16,1800,FEASIBLE,6797494.00,6600081.31,0.02904198,1523.46,1801.39,6595065.11,8625723.00,275.16,0,8625723.00,6797494.00,1,13.0.2,logs/PSC3-C4-100-10_m0_exact-flguided_s0_20260819-074033.gurobi.log
20260819-081035,PSC3-C5-100-10,exact-flguided,0,0,16,1800,FEASIBLE,51054784.00,50779616.37,0.00538965,1522.32,1801.11,50749585.65,52685748.00,276.37,0,52685748.00,51054784.00,1,13.0.2,logs/PSC3-C5-100-10_m0_exact-flguided_s0_20260819-081035.gurobi.log
20260819-084036,PSC4-C1-100-10,exact-flguided,0,0,16,1800,FEASIBLE,6527428.00,6517776.49,0.00147861,1525.65,1802.77,6516643.58,6579045.00,273.65,0,6579045.00,6527428.00,1,13.0.2,logs/PSC4-C1-100-10_m0_exact-flguided_s0_20260819-084036.gurobi.log
20260819-091039,PSC4-C2-100-10,exact-flguided,0,0,16,1800,FEASIBLE,5968130.00,5932935.28,0.00589711,1526.26,1801.89,5931636.72,6416313.00,272.32,0,6416313.00,5968130.00,1,13.0.2,logs/PSC4-C2-100-10_m0_exact-flguided_s0_20260819-091039.gurobi.log
20260819-094042,PSC4-C3-100-10,exact-flguided,0,0,16,1800,FEASIBLE,51402528.00,50494654.56,0.01766204,1525.61,1800.76,50488067.50,51730635.00,272.20,0,51730635.00,51402528.00,1,13.0.2,logs/PSC4-C3-100-10_m0_exact-flguided_s0_20260819-094042.gurobi.log
20260819-101043,PSC4-C4-100-10,exact-flguided,0,0,16,1800,FEASIBLE,6776052.00,6606080.10,0.02508421,1523.13,1801.43,6603616.42,8502676.00,275.41,0,8502676.00,6776052.00,1,13.0.2,logs/PSC4-C4-100-10_m0_exact-flguided_s0_20260819-101043.gurobi.log
20260819-104044,PSC4-C5-100-10,exact-flguided,0,0,16,1800,FEASIBLE,51136478.00,50850049.38,0.00560126,1522.24,1801.30,50850049.38,52563724.00,276.52,0,52563724.00,51136478.00,1,13.0.2,logs/PSC4-C5-100-10_m0_exact-flguided_s0_20260819-104044.gurobi.log
20260819-111046,PSC5-C1-100-10,exact-flguided,0,0,16,1800,FEASIBLE,6528945.00,6521543.17,0.00113369,1525.17,1802.36,6520123.31,6546730.00,273.67,0,6546730.00,6528945.00,1,13.0.2,logs/PSC5-C1-100-10_m0_exact-flguided_s0_20260819-111046.gurobi.log
20260819-114049,PSC5-C2-100-10,exact-flguided,0,0,16,1800,FEASIBLE,5948468.00,5905996.11,0.00713997,1526.22,1801.97,5905996.11,6240673.00,272.30,0,6240673.00,5948468.00,1,13.0.2,logs/PSC5-C2-100-10_m0_exact-flguided_s0_20260819-114049.gurobi.log
20260819-121051,PSC5-C3-100-10,exact-flguided,0,0,16,1800,FEASIBLE,51192148.00,50424606.55,0.01499334,1523.79,1801.53,50424606.55,51192148.00,272.40,0,51192148.00,51192148.00,1,13.0.2,logs/PSC5-C3-100-10_m0_exact-flguided_s0_20260819-121051.gurobi.log
20260819-124053,PSC5-C4-100-10,exact-flguided,0,0,16,1800,FEASIBLE,6796003.00,6599179.98,0.02896158,1514.79,1802.35,6599179.98,8095223.00,281.36,0,8095223.00,6796003.00,1,13.0.2,logs/PSC5-C4-100-10_m0_exact-flguided_s0_20260819-124053.gurobi.log
20260819-131056,PSC5-C5-100-10,exact-flguided,0,0,16,1800,FEASIBLE,51088638.00,50779196.50,0.00605695,1509.73,1802.10,50743880.33,52675481.00,286.58,0,52675481.00,51088638.00,1,13.0.2,logs/PSC5-C5-100-10_m0_exact-flguided_s0_20260819-131056.gurobi.log
20260819-134059,PSC3-C1-100-10,exact-pap,1,0,16,1800,FEASIBLE,6517199.00,6515937.32,0.00019359,1796.39,1803.32,-1.00,-1.00,-1.00,1932,-1.00,6517199.00,1,13.0.2,logs/PSC3-C1-100-10_m1_exact-pap_s0_20260819-134059.gurobi.log
20260819-141102,PSC2-C1-50-5,exact-pap,1,0,16,14400,OPTIMAL,1930040.00,1930040.00,0.00000000,4789.91,4790.70,-1.00,-1.00,-1.00,3537,-1.00,1930040.00,1,13.0.2,logs/PSC2-C1-50-5_m1_exact-pap_s0_20260819-141102.gurobi.log
20260819-153054,PSC3-C1-50-5,exact-pap,1,0,16,14400,FEASIBLE,1930380.00,1930321.37,0.00003037,14397.77,14403.99,-1.00,-1.00,-1.00,5893,-1.00,1930380.00,1,13.0.2,logs/PSC3-C1-50-5_m1_exact-pap_s0_20260819-153054.gurobi.log
20260819-221935,PSC1-C1-50-5,exact-cert3,1,0,16,1800,OPTIMAL,1923801.00,1923801.00,0.00000000,453.68,454.66,-1.00,-1.00,-1.00,1183,-1.00,1923801.00,1,13.0.2,logs/PSC1-C1-50-5_m1_exact-cert3_s0_20260819-221935.gurobi.log
20260819-222710,PSC1-C1-100-5,exact-cert3,2,0,16,1800,FEASIBLE,3788735.00,3788557.19,0.00004693,1525.28,1802.51,3783986.31,3820791.00,272.67,1006,3820791.00,3788735.00,1,13.0.2,logs/PSC1-C1-100-5_m2_exact-cert3_s0_20260819-222710.gurobi.log
20260819-225713,PSC3-C1-100-5,exact-cert3,2,0,16,1800,OPTIMAL,3786682.00,3786682.00,0.00000000,1175.64,1454.05,3781345.72,3887284.00,273.22,459,3887284.00,3786682.00,1,13.0.2,logs/PSC3-C1-100-5_m2_exact-cert3_s0_20260819-225713.gurobi.log
20260819-232128,PSC3-C1-100-10,exact-cert3,1,0,16,1800,FEASIBLE,6522520.00,6513862.90,0.00132726,1796.48,1805.23,-1.00,-1.00,-1.00,3656,-1.00,6522520.00,1,13.0.2,logs/PSC3-C1-100-10_m1_exact-cert3_s0_20260819-232128.gurobi.log
20260819-235133,PSC4-C1-50-5,exact-cert3,1,0,16,1800,OPTIMAL,1909659.00,1909659.00,0.00000000,399.28,400.36,-1.00,-1.00,-1.00,793,-1.00,1909659.00,1,13.0.2,logs/PSC4-C1-50-5_m1_exact-cert3_s0_20260819-235133.gurobi.log
20260819-235814,PSC4-C1-100-5,exact-cert3,2,0,16,1800,OPTIMAL,3779530.00,3779530.00,0.00000000,474.40,753.10,3774899.60,3821310.00,273.13,688,3821310.00,3779530.00,1,13.0.2,logs/PSC4-C1-100-5_m2_exact-cert3_s0_20260819-235814.gurobi.log
20260820-001047,PSC5-C1-50-5,exact-cert3,1,0,16,1800,FEASIBLE,1895151.00,1894826.37,0.00017129,1799.91,1801.22,-1.00,-1.00,-1.00,2176,-1.00,1895151.00,1,13.0.2,logs/PSC5-C1-50-5_m1_exact-cert3_s0_20260820-001047.gurobi.log
20260820-004049,PSC5-C1-100-5,exact-cert3,1,0,16,1800,OPTIMAL,3797750.00,3797750.00,0.00000000,434.09,439.63,-1.00,-1.00,-1.00,363,-1.00,3797750.00,1,13.0.2,logs/PSC5-C1-100-5_m1_exact-cert3_s0_20260820-004049.gurobi.log
20260820-004809,PSC2-C1-50-5,exact-cert3,1,0,16,14400,FEASIBLE,1930040.00,1929417.36,0.00032260,14399.90,14407.17,-1.00,-1.00,-1.00,3950,-1.00,1930040.00,1,13.0.2,logs/PSC2-C1-50-5_m1_exact-cert3_s0_20260820-004809.gurobi.log
20260820-044817,PSC2-C1-100-5,exact-cert3,2,0,16,14400,OPTIMAL,3778175.00,3778175.00,0.00000000,9887.49,10496.25,3773151.95,3807463.00,603.14,1776,3807463.00,3778175.00,1,13.0.2,logs/PSC2-C1-100-5_m2_exact-cert3_s0_20260820-044817.gurobi.log
20260820-074313,PSC3-C1-50-5,exact-cert3,1,0,16,14400,FEASIBLE,1930871.00,1929548.80,0.00068477,14400.23,14419.09,-1.00,-1.00,-1.00,5082,-1.00,1930871.00,1,13.0.2,logs/PSC3-C1-50-5_m1_exact-cert3_s0_20260820-074313.gurobi.log
20260820-114333,PSC4-C1-100-10,exact-cert3,2,0,16,14400,FEASIBLE,6524080.00,6523452.47,0.00009619,13789.56,14407.94,6516643.58,6579045.00,605.87,5852,6579045.00,6524080.00,1,13.0.2,logs/PSC4-C1-100-10_m2_exact-cert3_s0_20260820-114333.gurobi.log
20260820-154342,PSC2-C4-100-5,exact-noldb,2,0,16,1800,FEASIBLE,3674350.00,3510157.08,0.04468625,1525.64,1802.43,3570183.94,4713736.00,273.33,4829,4713736.00,3674350.00,1,13.0.2,logs/PSC2-C4-100-5_m2_exact-noldb_s0_20260820-154342.gurobi.log
20260820-161345,PSC3-C4-100-5,exact-noldb,2,0,16,1800,FEASIBLE,3708435.00,3520485.45,0.05068164,1526.50,1803.13,3580552.30,4746427.00,273.50,4516,4746427.00,3708435.00,1,13.0.2,logs/PSC3-C4-100-5_m2_exact-noldb_s0_20260820-161345.gurobi.log
20260820-164348,PSC1-C1-50-5,exact,2,0,16,270,FEASIBLE,1923801.00,1922819.31,0.00051029,228.31,270.63,1914130.24,1949113.00,41.20,1344,1949113.00,1923801.00,1,13.0.2,logs/PSC1-C1-50-5_m2_exact_s0_20260820-164348.gurobi.log
20260820-164819,PSC1-C1-50-5,exact-oneeval,2,0,16,270,FEASIBLE,1923801.00,1922825.73,0.00050695,228.31,270.61,1914130.24,1949113.00,41.18,1349,1949113.00,1923801.00,1,13.0.2,logs/PSC1-C1-50-5_m2_exact-oneeval_s0_20260820-164819.gurobi.log
20260820-165250,PSC1-C2-50-5,exact,2,0,16,270,FEASIBLE,1663664.00,1624221.18,0.02370840,230.53,271.96,1624221.18,1733111.00,40.79,2833,1733111.00,1663664.00,1,13.0.2,logs/PSC1-C2-50-5_m2_exact_s0_20260820-165250.gurobi.log
20260820-165722,PSC1-C2-50-5,exact-oneeval,2,0,16,270,FEASIBLE,1644061.00,1624270.40,0.01203763,229.65,271.21,1624270.40,1726030.00,40.80,3708,1726030.00,1644061.00,1,13.0.2,logs/PSC1-C2-50-5_m2_exact-oneeval_s0_20260820-165722.gurobi.log
20260820-170153,PSC1-C3-50-5,exact,2,0,16,270,FEASIBLE,13139831.00,12902617.09,0.01805304,231.69,273.24,12902617.09,13423283.00,40.99,4869,13423283.00,13139831.00,1,13.0.2,logs/PSC1-C3-50-5_m2_exact_s0_20260820-170153.gurobi.log
20260820-170627,PSC1-C3-50-5,exact-oneeval,2,0,16,270,FEASIBLE,13104343.00,12897136.01,0.01581209,234.92,276.50,12897136.01,13423283.00,41.01,4587,13423283.00,13104343.00,1,13.0.2,logs/PSC1-C3-50-5_m2_exact-oneeval_s0_20260820-170627.gurobi.log
20260820-171103,PSC1-C4-50-5,exact,2,0,16,270,FEASIBLE,1915308.00,1830148.90,0.04446235,231.12,272.89,1830148.90,2366835.00,40.90,2952,2366835.00,1915308.00,1,13.0.2,logs/PSC1-C4-50-5_m2_exact_s0_20260820-171103.gurobi.log
20260820-171537,PSC1-C4-50-5,exact-oneeval,2,0,16,270,FEASIBLE,1915308.00,1830148.90,0.04446235,230.63,272.24,1830148.90,2366835.00,40.82,3072,2366835.00,1915308.00,1,13.0.2,logs/PSC1-C4-50-5_m2_exact-oneeval_s0_20260820-171537.gurobi.log
20260820-172009,PSC1-C5-50-5,exact,2,0,16,270,FEASIBLE,13175806.00,13055069.55,0.00916350,229.75,271.40,13055069.55,13286095.00,40.81,4578,13286095.00,13175806.00,1,13.0.2,logs/PSC1-C5-50-5_m2_exact_s0_20260820-172009.gurobi.log
20260820-172441,PSC1-C5-50-5,exact-oneeval,2,0,16,270,FEASIBLE,13175806.00,13055069.55,0.00916350,234.15,275.71,13055069.55,13286095.00,40.83,4862,13286095.00,13175806.00,1,13.0.2,logs/PSC1-C5-50-5_m2_exact-oneeval_s0_20260820-172441.gurobi.log
20260820-172917,PSC2-C1-50-5,exact,2,0,16,270,FEASIBLE,1933348.00,1925713.42,0.00394889,228.24,270.95,1921618.22,1958649.00,41.19,975,1958649.00,1933348.00,1,13.0.2,logs/PSC2-C1-50-5_m2_exact_s0_20260820-172917.gurobi.log
20260820-173348,PSC2-C1-50-5,exact-oneeval,2,0,16,270,FEASIBLE,1936176.00,1925180.08,0.00567919,228.45,270.91,1921605.80,1958705.00,41.08,1844,1958705.00,1936176.00,1,13.0.2,logs/PSC2-C1-50-5_m2_exact-oneeval_s0_20260820-173348.gurobi.log
20260820-173819,PSC2-C2-50-5,exact,2,0,16,270,FEASIBLE,1646175.00,1627625.50,0.01126824,230.91,272.49,1627625.50,1646530.00,40.83,3177,1646530.00,1646175.00,1,13.0.2,logs/PSC2-C2-50-5_m2_exact_s0_20260820-173819.gurobi.log
20260820-174252,PSC2-C2-50-5,exact-oneeval,2,0,16,270,FEASIBLE,1646530.00,1627595.65,0.01149955,0.00,271.20,1627595.65,1646530.00,40.85,3375,1646530.00,1646530.00,1,13.0.2,logs/PSC2-C2-50-5_m2_exact-oneeval_s0_20260820-174252.gurobi.log
20260820-174723,PSC2-C3-50-5,exact,2,0,16,270,FEASIBLE,13153315.00,12895550.97,0.01959689,232.37,274.13,12895550.97,13300933.00,41.02,4813,13300933.00,13153315.00,1,13.0.2,logs/PSC2-C3-50-5_m2_exact_s0_20260820-174723.gurobi.log
20260820-175157,PSC2-C3-50-5,exact-oneeval,2,0,16,270,FEASIBLE,13146938.00,12905971.22,0.01832874,230.36,272.01,12905971.22,13300933.00,41.02,4264,13300933.00,13146938.00,1,13.0.2,logs/PSC2-C3-50-5_m2_exact-oneeval_s0_20260820-175157.gurobi.log
20260820-175630,PSC2-C4-50-5,exact,2,0,16,270,FEASIBLE,1901737.00,1830757.04,0.03732375,232.52,274.09,1830757.04,2102459.00,40.82,2705,2102459.00,1901737.00,1,13.0.2,logs/PSC2-C4-50-5_m2_exact_s0_20260820-175630.gurobi.log
20260820-180104,PSC2-C4-50-5,exact-oneeval,2,0,16,270,FEASIBLE,1901737.00,1830757.04,0.03732375,229.85,271.41,1830757.04,2102459.00,40.86,2705,2102459.00,1901737.00,1,13.0.2,logs/PSC2-C4-50-5_m2_exact-oneeval_s0_20260820-180104.gurobi.log
20260820-180536,PSC2-C5-50-5,exact,2,0,16,270,FEASIBLE,13219544.00,12996297.01,0.01688765,0.00,275.84,12996297.01,13219544.00,40.77,5817,13219544.00,13219544.00,1,13.0.2,logs/PSC2-C5-50-5_m2_exact_s0_20260820-180536.gurobi.log
20260820-181012,PSC2-C5-50-5,exact-oneeval,2,0,16,270,FEASIBLE,13219544.00,12996297.01,0.01688765,0.00,272.54,12996297.01,13219544.00,40.82,4542,13219544.00,13219544.00,1,13.0.2,logs/PSC2-C5-50-5_m2_exact-oneeval_s0_20260820-181012.gurobi.log
20260820-181444,PSC3-C1-50-5,exact,2,0,16,270,FEASIBLE,1935154.00,1926701.11,0.00436807,228.28,270.80,1922348.86,1955756.00,41.18,1718,1955756.00,1935154.00,1,13.0.2,logs/PSC3-C1-50-5_m2_exact_s0_20260820-181444.gurobi.log
20260820-181916,PSC3-C1-50-5,exact-oneeval,2,0,16,270,FEASIBLE,1935154.00,1926656.11,0.00439133,228.20,270.88,1922348.86,1955756.00,41.21,1698,1955756.00,1935154.00,1,13.0.2,logs/PSC3-C1-50-5_m2_exact-oneeval_s0_20260820-181916.gurobi.log
20260820-182347,PSC3-C2-50-5,exact,2,0,16,270,FEASIBLE,1647431.00,1626633.74,0.01262406,229.87,271.56,1626633.74,1729681.00,40.85,3120,1729681.00,1647431.00,1,13.0.2,logs/PSC3-C2-50-5_m2_exact_s0_20260820-182347.gurobi.log
20260820-182819,PSC3-C2-50-5,exact-oneeval,2,0,16,270,FEASIBLE,1649861.00,1626871.17,0.01393441,233.14,274.69,1626871.17,1729681.00,40.86,3101,1729681.00,1649861.00,1,13.0.2,logs/PSC3-C2-50-5_m2_exact-oneeval_s0_20260820-182819.gurobi.log
20260820-183253,PSC3-C3-50-5,exact,2,0,16,270,FEASIBLE,13050602.00,12820177.33,0.01765625,229.78,271.63,12820177.33,13222793.00,41.10,3904,13222793.00,13050602.00,1,13.0.2,logs/PSC3-C3-50-5_m2_exact_s0_20260820-183253.gurobi.log
20260820-183726,PSC3-C3-50-5,exact-oneeval,2,0,16,270,FEASIBLE,13050602.00,12820177.33,0.01765625,229.20,270.97,12820177.33,13222793.00,41.08,4584,13222793.00,13050602.00,1,13.0.2,logs/PSC3-C3-50-5_m2_exact-oneeval_s0_20260820-183726.gurobi.log
20260820-184157,PSC3-C4-50-5,exact,2,0,16,270,FEASIBLE,1918355.00,1829403.39,0.04636869,232.56,274.07,1829403.39,2102313.00,40.78,3574,2102313.00,1918355.00,1,13.0.2,logs/PSC3-C4-50-5_m2_exact_s0_20260820-184157.gurobi.log
20260820-184631,PSC3-C4-50-5,exact-oneeval,2,0,16,270,FEASIBLE,1918355.00,1829403.39,0.04636869,232.61,274.11,1829403.39,2102313.00,40.84,2959,2102313.00,1918355.00,1,13.0.2,logs/PSC3-C4-50-5_m2_exact-oneeval_s0_20260820-184631.gurobi.log
20260820-185105,PSC3-C5-50-5,exact,2,0,16,270,FEASIBLE,13182960.00,13049580.42,0.01011757,0.00,272.14,13049580.42,13182960.00,40.72,6238,13182960.00,13182960.00,1,13.0.2,logs/PSC3-C5-50-5_m2_exact_s0_20260820-185105.gurobi.log
20260820-185538,PSC3-C5-50-5,exact-oneeval,2,0,16,270,FEASIBLE,13182960.00,13049580.42,0.01011757,0.00,271.58,13049580.42,13182960.00,40.76,6238,13182960.00,13182960.00,1,13.0.2,logs/PSC3-C5-50-5_m2_exact-oneeval_s0_20260820-185538.gurobi.log
20260820-190009,PSC4-C1-50-5,exact,2,0,16,270,FEASIBLE,1909659.00,1909185.01,0.00024821,228.27,270.98,1905579.02,1939607.00,41.26,859,1939607.00,1909659.00,1,13.0.2,logs/PSC4-C1-50-5_m2_exact_s0_20260820-190009.gurobi.log
20260820-190441,PSC4-C1-50-5,exact-oneeval,2,0,16,270,FEASIBLE,1909659.00,1908911.47,0.00039145,228.50,271.12,1905535.38,1940984.00,41.23,751,1940984.00,1909659.00,1,13.0.2,logs/PSC4-C1-50-5_m2_exact-oneeval_s0_20260820-190441.gurobi.log
20260820-190912,PSC4-C2-50-5,exact,2,0,16,270,FEASIBLE,1656038.00,1631500.87,0.01481677,230.55,271.97,1631500.87,1675919.00,40.75,3327,1675919.00,1656038.00,1,13.0.2,logs/PSC4-C2-50-5_m2_exact_s0_20260820-190912.gurobi.log
20260820-191344,PSC4-C2-50-5,exact-oneeval,2,0,16,270,FEASIBLE,1656038.00,1631500.87,0.01481677,232.95,274.41,1631500.87,1675919.00,40.81,3567,1675919.00,1656038.00,1,13.0.2,logs/PSC4-C2-50-5_m2_exact-oneeval_s0_20260820-191344.gurobi.log
20260820-191819,PSC4-C3-50-5,exact,2,0,16,270,FEASIBLE,13163117.00,12891511.32,0.02063384,229.80,271.58,12891511.32,13245188.00,41.06,3790,13245188.00,13163117.00,1,13.0.2,logs/PSC4-C3-50-5_m2_exact_s0_20260820-191819.gurobi.log
20260820-192251,PSC4-C3-50-5,exact-oneeval,2,0,16,270,FEASIBLE,13163117.00,12891511.32,0.02063384,231.67,273.46,12891511.32,13245188.00,41.07,3790,13245188.00,13163117.00,1,13.0.2,logs/PSC4-C3-50-5_m2_exact-oneeval_s0_20260820-192251.gurobi.log
20260820-192724,PSC4-C4-50-5,exact,2,0,16,270,FEASIBLE,1937121.00,1822451.29,0.05919595,233.89,275.50,1822451.29,2336093.00,40.83,2886,2336093.00,1937121.00,1,13.0.2,logs/PSC4-C4-50-5_m2_exact_s0_20260820-192724.gurobi.log
20260820-193200,PSC4-C4-50-5,exact-oneeval,2,0,16,270,FEASIBLE,1937121.00,1822451.29,0.05919595,231.38,272.97,1822451.29,2336093.00,40.83,3021,2336093.00,1937121.00,1,13.0.2,logs/PSC4-C4-50-5_m2_exact-oneeval_s0_20260820-193200.gurobi.log
20260820-193633,PSC4-C5-50-5,exact,2,0,16,270,FEASIBLE,13191314.00,13057207.38,0.01016628,231.68,273.01,13057207.38,13218830.00,40.72,4787,13218830.00,13191314.00,1,13.0.2,logs/PSC4-C5-50-5_m2_exact_s0_20260820-193633.gurobi.log
20260820-194107,PSC4-C5-50-5,exact-oneeval,2,0,16,270,FEASIBLE,13218830.00,13041019.02,0.01345134,0.00,273.01,13041019.02,13218830.00,40.78,4282,13218830.00,13218830.00,1,13.0.2,logs/PSC4-C5-50-5_m2_exact-oneeval_s0_20260820-194107.gurobi.log
20260820-194540,PSC5-C1-50-5,exact,2,0,16,270,FEASIBLE,1895151.00,1893902.87,0.00065859,228.42,270.88,1889899.70,1916075.00,41.15,1758,1916075.00,1895151.00,1,13.0.2,logs/PSC5-C1-50-5_m2_exact_s0_20260820-194540.gurobi.log
20260820-195011,PSC5-C1-50-5,exact-oneeval,2,0,16,270,FEASIBLE,1898073.00,1893790.94,0.00225600,228.30,270.91,1889899.70,1918364.00,41.16,3132,1918364.00,1898073.00,1,13.0.2,logs/PSC5-C1-50-5_m2_exact-oneeval_s0_20260820-195011.gurobi.log
20260820-195442,PSC5-C2-50-5,exact,2,0,16,270,FEASIBLE,1656671.00,1626400.21,0.01827206,233.02,274.59,1626400.21,1659565.00,40.84,3007,1659565.00,1656671.00,1,13.0.2,logs/PSC5-C2-50-5_m2_exact_s0_20260820-195442.gurobi.log
20260820-195917,PSC5-C2-50-5,exact-oneeval,2,0,16,270,FEASIBLE,1651184.00,1626492.83,0.01495362,233.14,274.74,1626492.83,1659565.00,40.85,3302,1659565.00,1651184.00,1,13.0.2,logs/PSC5-C2-50-5_m2_exact-oneeval_s0_20260820-195917.gurobi.log
20260820-200352,PSC5-C3-50-5,exact,2,0,16,270,FEASIBLE,13081117.00,12848675.81,0.01776922,228.78,270.52,12848675.81,13463284.00,41.03,3863,13463284.00,13081117.00,1,13.0.2,logs/PSC5-C3-50-5_m2_exact_s0_20260820-200352.gurobi.log
20260820-200823,PSC5-C3-50-5,exact-oneeval,2,0,16,270,FEASIBLE,13114641.00,12825741.72,0.02202876,232.31,274.06,12825741.72,13490481.00,41.04,3591,13490481.00,13114641.00,1,13.0.2,logs/PSC5-C3-50-5_m2_exact-oneeval_s0_20260820-200823.gurobi.log
20260820-201257,PSC5-C4-50-5,exact,2,0,16,270,FEASIBLE,1905834.00,1828103.72,0.04078544,232.11,273.86,1828103.72,2201746.00,40.92,3228,2201746.00,1905834.00,1,13.0.2,logs/PSC5-C4-50-5_m2_exact_s0_20260820-201257.gurobi.log
20260820-201731,PSC5-C4-50-5,exact-oneeval,2,0,16,270,FEASIBLE,1932208.00,1829076.74,0.05337482,234.41,275.96,1829076.74,2201746.00,40.81,2734,2201746.00,1932208.00,1,13.0.2,logs/PSC5-C4-50-5_m2_exact-oneeval_s0_20260820-201731.gurobi.log
20260820-202207,PSC5-C5-50-5,exact,2,0,16,270,FEASIBLE,13142384.00,12996450.94,0.01110400,233.28,274.88,12996450.94,13307472.00,40.82,3995,13307472.00,13142384.00,1,13.0.2,logs/PSC5-C5-50-5_m2_exact_s0_20260820-202207.gurobi.log
20260820-202643,PSC5-C5-50-5,exact-oneeval,2,0,16,270,FEASIBLE,13142384.00,12996450.94,0.01110400,232.72,274.36,12996450.94,13307472.00,40.83,3890,13307472.00,13142384.00,1,13.0.2,logs/PSC5-C5-50-5_m2_exact-oneeval_s0_20260820-202643.gurobi.log
20260820-203117,PSC1-C1-50-10,exact,2,0,16,270,FEASIBLE,3283268.00,3260695.22,0.00687510,227.59,271.34,3260695.22,3442282.00,41.72,3381,3442282.00,3283268.00,1,13.0.2,logs/PSC1-C1-50-10_m2_exact_s0_20260820-203117.gurobi.log
20260820-203549,PSC1-C1-50-10,exact-oneeval,2,0,16,270,FEASIBLE,3283268.00,3260695.22,0.00687510,227.42,271.18,3260695.22,3442282.00,41.66,3381,3442282.00,3283268.00,1,13.0.2,logs/PSC1-C1-50-10_m2_exact-oneeval_s0_20260820-203549.gurobi.log
20260820-204021,PSC1-C2-50-10,exact,2,0,16,270,FEASIBLE,3012129.00,2964834.11,0.01570148,236.62,279.55,2964834.11,3337504.00,41.53,3047,3337504.00,3012129.00,1,13.0.2,logs/PSC1-C2-50-10_m2_exact_s0_20260820-204021.gurobi.log
20260820-204500,PSC1-C2-50-10,exact-oneeval,2,0,16,270,FEASIBLE,3012129.00,2964834.11,0.01570148,241.93,284.82,2964834.11,3337504.00,41.50,3226,3337504.00,3012129.00,1,13.0.2,logs/PSC1-C2-50-10_m2_exact-oneeval_s0_20260820-204500.gurobi.log
20260820-204946,PSC1-C3-50-10,exact,2,0,16,270,FEASIBLE,25782671.00,25347790.32,0.01686717,233.24,275.77,25347790.32,26240988.00,41.32,3760,26240988.00,25782671.00,1,13.0.2,logs/PSC1-C3-50-10_m2_exact_s0_20260820-204946.gurobi.log
20260820-205422,PSC1-C3-50-10,exact-oneeval,2,0,16,270,FEASIBLE,25782671.00,25347790.32,0.01686717,229.14,271.81,25347790.32,26240988.00,41.39,3970,26240988.00,25782671.00,1,13.0.2,logs/PSC1-C3-50-10_m2_exact-oneeval_s0_20260820-205422.gurobi.log
20260820-205854,PSC1-C4-50-10,exact,2,0,16,270,FEASIBLE,3519796.00,3335439.47,0.05237705,244.32,287.42,3335439.47,4369032.00,41.81,3423,4369032.00,3519796.00,1,13.0.2,logs/PSC1-C4-50-10_m2_exact_s0_20260820-205854.gurobi.log
20260820-210341,PSC1-C4-50-10,exact-oneeval,2,0,16,270,FEASIBLE,3549687.00,3335439.47,0.06035674,240.05,283.72,3335439.47,4369032.00,42.11,2469,4369032.00,3549687.00,1,13.0.2,logs/PSC1-C4-50-10_m2_exact-oneeval_s0_20260820-210341.gurobi.log
20260820-210826,PSC1-C5-50-10,exact,2,0,16,270,FEASIBLE,25779469.00,25518608.84,0.01011891,238.33,281.68,25518608.84,26568615.00,42.08,4657,26568615.00,25779469.00,1,13.0.2,logs/PSC1-C5-50-10_m2_exact_s0_20260820-210826.gurobi.log
20260820-211308,PSC1-C5-50-10,exact-oneeval,2,0,16,270,FEASIBLE,25783292.00,25478473.35,0.01182233,229.08,272.75,25478473.35,26606856.00,42.30,4264,26606856.00,25783292.00,1,13.0.2,logs/PSC1-C5-50-10_m2_exact-oneeval_s0_20260820-211308.gurobi.log
20260820-211741,PSC2-C1-50-10,exact,2,0,16,270,FEASIBLE,3280798.00,3268677.64,0.00369433,227.31,270.79,3264784.05,3378929.00,41.58,2911,3378929.00,3280798.00,1,13.0.2,logs/PSC2-C1-50-10_m2_exact_s0_20260820-211741.gurobi.log
20260820-212212,PSC2-C1-50-10,exact-oneeval,2,0,16,270,FEASIBLE,3280798.00,3268788.66,0.00366049,227.34,270.73,3264784.05,3378929.00,41.59,3080,3378929.00,3280798.00,1,13.0.2,logs/PSC2-C1-50-10_m2_exact-oneeval_s0_20260820-212212.gurobi.log
20260820-212643,PSC2-C2-50-10,exact,2,0,16,270,FEASIBLE,3019712.00,2979620.70,0.01327653,232.77,275.47,2979620.70,3461309.00,41.40,3187,3461309.00,3019712.00,1,13.0.2,logs/PSC2-C2-50-10_m2_exact_s0_20260820-212643.gurobi.log
20260820-213118,PSC2-C2-50-10,exact-oneeval,2,0,16,270,FEASIBLE,3019712.00,2979620.70,0.01327653,231.36,273.98,2979620.70,3461309.00,41.33,3047,3461309.00,3019712.00,1,13.0.2,logs/PSC2-C2-50-10_m2_exact-oneeval_s0_20260820-213118.gurobi.log
20260820-213553,PSC2-C3-50-10,exact,2,0,16,270,FEASIBLE,25799964.00,25354517.42,0.01726540,235.36,277.91,25354517.42,26432113.00,41.36,4608,26432113.00,25799964.00,1,13.0.2,logs/PSC2-C3-50-10_m2_exact_s0_20260820-213553.gurobi.log
20260820-214031,PSC2-C3-50-10,exact-oneeval,2,0,16,270,FEASIBLE,25799964.00,25354517.42,0.01726540,239.47,281.91,25354517.42,26432113.00,41.34,4608,26432113.00,25799964.00,1,13.0.2,logs/PSC2-C3-50-10_m2_exact-oneeval_s0_20260820-214031.gurobi.log
20260820-214513,PSC2-C4-50-10,exact,2,0,16,270,FEASIBLE,3531127.00,3337140.56,0.05493613,236.29,279.62,3337140.56,4468670.00,42.02,3408,4468670.00,3531127.00,1,13.0.2,logs/PSC2-C4-50-10_m2_exact_s0_20260820-214513.gurobi.log
20260820-214953,PSC2-C4-50-10,exact-oneeval,2,0,16,270,FEASIBLE,3531127.00,3337140.56,0.05493613,235.17,278.42,3337140.56,4468670.00,42.02,3008,4468670.00,3531127.00,1,13.0.2,logs/PSC2-C4-50-10_m2_exact-oneeval_s0_20260820-214953.gurobi.log
20260820-215432,PSC2-C5-50-10,exact,2,0,16,270,FEASIBLE,25687347.00,25433446.55,0.00988426,234.35,277.15,25433446.55,25889358.00,41.31,4822,25889358.00,25687347.00,1,13.0.2,logs/PSC2-C5-50-10_m2_exact_s0_20260820-215432.gurobi.log
20260820-215909,PSC2-C5-50-10,exact-oneeval,2,0,16,270,FEASIBLE,25687347.00,25433446.55,0.00988426,231.42,274.24,25433446.55,25889358.00,41.32,4922,25889358.00,25687347.00,1,13.0.2,logs/PSC2-C5-50-10_m2_exact-oneeval_s0_20260820-215909.gurobi.log
20260820-220344,PSC3-C1-50-10,exact,2,0,16,270,FEASIBLE,3281390.00,3271531.64,0.00300433,227.76,271.05,3266956.44,3402294.00,41.59,2496,3402294.00,3281390.00,1,13.0.2,logs/PSC3-C1-50-10_m2_exact_s0_20260820-220344.gurobi.log
20260820-220815,PSC3-C1-50-10,exact-oneeval,2,0,16,270,FEASIBLE,3281259.00,3271919.80,0.00284622,227.78,270.88,3266983.61,3399466.00,41.53,2677,3399466.00,3281259.00,1,13.0.2,logs/PSC3-C1-50-10_m2_exact-oneeval_s0_20260820-220815.gurobi.log
20260820-221246,PSC3-C2-50-10,exact,2,0,16,270,FEASIBLE,3014326.00,2974783.20,0.01311829,229.25,271.30,2974783.20,3486534.00,41.16,4166,3486534.00,3014326.00,1,13.0.2,logs/PSC3-C2-50-10_m2_exact_s0_20260820-221246.gurobi.log
20260820-221718,PSC3-C2-50-10,exact-oneeval,2,0,16,270,FEASIBLE,3014326.00,2974783.20,0.01311829,233.62,275.99,2974783.20,3486534.00,41.20,3616,3486534.00,3014326.00,1,13.0.2,logs/PSC3-C2-50-10_m2_exact-oneeval_s0_20260820-221718.gurobi.log
20260820-222154,PSC3-C3-50-10,exact,2,0,16,270,FEASIBLE,25693128.00,25243287.44,0.01750821,243.95,286.22,25243287.44,26298423.00,41.03,4757,26298423.00,25693128.00,1,13.0.2,logs/PSC3-C3-50-10_m2_exact_s0_20260820-222154.gurobi.log
20260820-222641,PSC3-C3-50-10,exact-oneeval,2,0,16,270,FEASIBLE,25693128.00,25243287.44,0.01750821,236.55,278.90,25243287.44,26298423.00,41.13,4517,26298423.00,25693128.00,1,13.0.2,logs/PSC3-C3-50-10_m2_exact-oneeval_s0_20260820-222641.gurobi.log
20260820-223120,PSC3-C4-50-10,exact,2,0,16,270,FEASIBLE,3517985.00,3332372.49,0.05276103,239.49,282.43,3332372.49,4222018.00,41.86,3551,4222018.00,3517985.00,1,13.0.2,logs/PSC3-C4-50-10_m2_exact_s0_20260820-223120.gurobi.log
20260820-223602,PSC3-C4-50-10,exact-oneeval,2,0,16,270,FEASIBLE,3585162.00,3332372.49,0.07050993,243.52,286.77,3332372.49,4222018.00,41.82,3035,4222018.00,3585162.00,1,13.0.2,logs/PSC3-C4-50-10_m2_exact-oneeval_s0_20260820-223602.gurobi.log
20260820-224049,PSC3-C5-50-10,exact,2,0,16,270,FEASIBLE,25736711.00,25506945.68,0.00892753,227.62,272.18,25506945.68,26474052.00,43.08,4726,26474052.00,25736711.00,1,13.0.2,logs/PSC3-C5-50-10_m2_exact_s0_20260820-224049.gurobi.log
20260820-224522,PSC3-C5-50-10,exact-oneeval,2,0,16,270,FEASIBLE,25761383.00,25467210.95,0.01141911,227.63,271.12,25467210.95,26672815.00,42.13,5069,26672815.00,25761383.00,1,13.0.2,logs/PSC3-C5-50-10_m2_exact-oneeval_s0_20260820-224522.gurobi.log
20260820-224953,PSC4-C1-50-10,exact,2,0,16,270,FEASIBLE,3286799.00,3271254.28,0.00472944,227.99,271.04,3268780.70,3403404.00,41.43,3086,3403404.00,3286799.00,1,13.0.2,logs/PSC4-C1-50-10_m2_exact_s0_20260820-224953.gurobi.log
20260820-225425,PSC4-C1-50-10,exact-oneeval,2,0,16,270,FEASIBLE,3284088.00,3271374.83,0.00387114,226.85,270.67,3268770.66,3403404.00,42.09,2430,3403404.00,3284088.00,1,13.0.2,logs/PSC4-C1-50-10_m2_exact-oneeval_s0_20260820-225425.gurobi.log
20260820-225856,PSC4-C2-50-10,exact,2,0,16,270,FEASIBLE,3014607.00,2974742.85,0.01322366,240.45,282.91,2974742.85,3447258.00,41.31,3583,3447258.00,3014607.00,1,13.0.2,logs/PSC4-C2-50-10_m2_exact_s0_20260820-225856.gurobi.log
20260820-230339,PSC4-C2-50-10,exact-oneeval,2,0,16,270,FEASIBLE,3014607.00,2974742.85,0.01322366,232.62,274.91,2974742.85,3447258.00,41.24,4483,3447258.00,3014607.00,1,13.0.2,logs/PSC4-C2-50-10_m2_exact-oneeval_s0_20260820-230339.gurobi.log
20260820-230814,PSC4-C3-50-10,exact,2,0,16,270,FEASIBLE,25748342.00,25371435.96,0.01463807,230.03,272.09,25371435.96,26307416.00,41.24,6363,26307416.00,25748342.00,1,13.0.2,logs/PSC4-C3-50-10_m2_exact_s0_20260820-230814.gurobi.log
20260820-231246,PSC4-C3-50-10,exact-oneeval,2,0,16,270,FEASIBLE,25748342.00,25371435.96,0.01463807,235.27,277.35,25371435.96,26307416.00,41.16,5223,26307416.00,25748342.00,1,13.0.2,logs/PSC4-C3-50-10_m2_exact-oneeval_s0_20260820-231246.gurobi.log
20260820-231724,PSC4-C4-50-10,exact,2,0,16,270,FEASIBLE,3524514.00,3326480.52,0.05618746,237.32,279.98,3326480.52,4878956.00,41.57,4017,4878956.00,3524514.00,1,13.0.2,logs/PSC4-C4-50-10_m2_exact_s0_20260820-231724.gurobi.log
20260820-232204,PSC4-C4-50-10,exact-oneeval,2,0,16,270,FEASIBLE,3507077.00,3336661.41,0.04859192,233.48,276.01,3336661.41,4190221.00,41.33,3140,4190221.00,3507077.00,1,13.0.2,logs/PSC4-C4-50-10_m2_exact-oneeval_s0_20260820-232204.gurobi.log
20260820-232640,PSC4-C5-50-10,exact,2,0,16,270,FEASIBLE,25788923.00,25518222.76,0.01049676,231.55,274.20,25518222.76,26022279.00,41.30,4577,26022279.00,25788923.00,1,13.0.2,logs/PSC4-C5-50-10_m2_exact_s0_20260820-232640.gurobi.log
20260820-233115,PSC4-C5-50-10,exact-oneeval,2,0,16,270,FEASIBLE,25788923.00,25518222.76,0.01049676,230.41,272.99,25518222.76,26022279.00,41.20,4267,26022279.00,25788923.00,1,13.0.2,logs/PSC4-C5-50-10_m2_exact-oneeval_s0_20260820-233115.gurobi.log
20260820-233548,PSC5-C1-50-10,exact,2,0,16,270,FEASIBLE,3286684.00,3261270.54,0.00773225,228.01,270.55,3261169.17,3387244.00,41.30,3370,3387244.00,3286684.00,1,13.0.2,logs/PSC5-C1-50-10_m2_exact_s0_20260820-233548.gurobi.log
20260820-234019,PSC5-C1-50-10,exact-oneeval,2,0,16,270,FEASIBLE,3281975.00,3261413.58,0.00626495,227.48,270.52,3261413.58,3376503.00,41.56,3251,3376503.00,3281975.00,1,13.0.2,logs/PSC5-C1-50-10_m2_exact-oneeval_s0_20260820-234019.gurobi.log
20260820-234449,PSC5-C2-50-10,exact,2,0,16,270,FEASIBLE,3026844.00,2972512.98,0.01794973,236.47,279.13,2972512.98,3318078.00,41.41,3642,3318078.00,3026844.00,1,13.0.2,logs/PSC5-C2-50-10_m2_exact_s0_20260820-234449.gurobi.log
20260820-234929,PSC5-C2-50-10,exact-oneeval,2,0,16,270,FEASIBLE,3026844.00,2972512.98,0.01794973,228.91,271.00,2972512.98,3318078.00,41.21,3482,3318078.00,3026844.00,1,13.0.2,logs/PSC5-C2-50-10_m2_exact-oneeval_s0_20260820-234929.gurobi.log
20260820-235400,PSC5-C3-50-10,exact,2,0,16,270,FEASIBLE,25742857.00,25329674.34,0.01605038,228.74,270.70,25329674.34,26194441.00,41.11,4687,26194441.00,25742857.00,1,13.0.2,logs/PSC5-C3-50-10_m2_exact_s0_20260820-235400.gurobi.log
20260820-235831,PSC5-C3-50-10,exact-oneeval,2,0,16,270,FEASIBLE,25738389.00,25306275.73,0.01678867,229.99,272.33,25306275.73,26194441.00,41.35,6217,26194441.00,25738389.00,1,13.0.2,logs/PSC5-C3-50-10_m2_exact-oneeval_s0_20260820-235831.gurobi.log
20260821-000304,PSC5-C4-50-10,exact,2,0,16,270,FEASIBLE,3527440.00,3339897.28,0.05316681,230.16,272.74,3339897.28,4556929.00,41.65,3633,4556929.00,3527440.00,1,13.0.2,logs/PSC5-C4-50-10_m2_exact_s0_20260821-000304.gurobi.log
20260821-000737,PSC5-C4-50-10,exact-oneeval,2,0,16,270,FEASIBLE,3552205.00,3330087.17,0.06252956,231.78,274.89,3330087.17,4687561.00,41.90,3007,4687561.00,3552205.00,1,13.0.2,logs/PSC5-C4-50-10_m2_exact-oneeval_s0_20260821-000737.gurobi.log
20260821-001212,PSC5-C5-50-10,exact,2,0,16,270,FEASIBLE,25715304.00,25482260.61,0.00906244,234.60,277.05,25482260.61,26081523.00,41.09,5327,26081523.00,25715304.00,1,13.0.2,logs/PSC5-C5-50-10_m2_exact_s0_20260821-001212.gurobi.log
20260821-001649,PSC5-C5-50-10,exact-oneeval,2,0,16,270,FEASIBLE,25715304.00,25482260.61,0.00906244,229.24,271.67,25482260.61,26081523.00,41.07,6006,26081523.00,25715304.00,1,13.0.2,logs/PSC5-C5-50-10_m2_exact-oneeval_s0_20260821-001649.gurobi.log
20260821-002121,PSC1-C1-100-5,exact,2,0,16,270,FEASIBLE,3789108.00,3787887.02,0.00032223,225.90,271.24,3783956.57,3823614.00,42.88,628,3823614.00,3789108.00,1,13.0.2,logs/PSC1-C1-100-5_m2_exact_s0_20260821-002121.gurobi.log
20260821-002553,PSC1-C1-100-5,exact-oneeval,2,0,16,270,FEASIBLE,3789108.00,3787907.56,0.00031681,224.76,271.28,3783956.57,3823614.00,43.32,628,3823614.00,3789108.00,1,13.0.2,logs/PSC1-C1-100-5_m2_exact-oneeval_s0_20260821-002553.gurobi.log
20260821-003024,PSC1-C2-100-5,exact,2,0,16,270,FEASIBLE,3219140.00,3189020.62,0.00935634,233.11,276.87,3189020.62,3502643.00,41.95,1315,3502643.00,3219140.00,1,13.0.2,logs/PSC1-C2-100-5_m2_exact_s0_20260821-003024.gurobi.log
20260821-003501,PSC1-C2-100-5,exact-oneeval,2,0,16,270,FEASIBLE,3213438.00,3189020.38,0.00759860,227.04,271.07,3189020.38,3502643.00,42.07,1096,3502643.00,3213438.00,1,13.0.2,logs/PSC1-C2-100-5_m2_exact-oneeval_s0_20260821-003501.gurobi.log
20260821-003933,PSC1-C3-100-5,exact,2,0,16,270,FEASIBLE,25906772.00,25375259.15,0.02051637,227.31,270.89,25375259.15,26186661.00,41.60,1060,26186661.00,25897029.00,1,13.0.2,logs/PSC1-C3-100-5_m2_exact_s0_20260821-003933.gurobi.log
20260821-004404,PSC1-C3-100-5,exact-oneeval,2,0,16,270,FEASIBLE,25941589.00,25375259.15,0.02183096,228.47,272.58,25375259.15,26186661.00,41.72,884,26186661.00,25941589.00,1,13.0.2,logs/PSC1-C3-100-5_m2_exact-oneeval_s0_20260821-004404.gurobi.log
20260821-004837,PSC1-C4-100-5,exact,2,0,16,270,FEASIBLE,3701148.00,3568197.39,0.03592145,225.36,272.67,3568197.39,4422157.00,44.07,695,4422157.00,3701148.00,1,13.0.2,logs/PSC1-C4-100-5_m2_exact_s0_20260821-004837.gurobi.log
20260821-005310,PSC1-C4-100-5,exact-oneeval,2,0,16,270,FEASIBLE,3701148.00,3568197.39,0.03592145,232.72,279.70,3568197.39,4422157.00,43.90,982,4422157.00,3701148.00,1,13.0.2,logs/PSC1-C4-100-5_m2_exact-oneeval_s0_20260821-005310.gurobi.log
20260821-005750,PSC1-C5-100-5,exact,2,0,16,270,FEASIBLE,25929767.00,25713573.81,0.00833765,223.15,271.55,25713573.81,27198544.00,45.33,1054,27198544.00,25929767.00,1,13.0.2,logs/PSC1-C5-100-5_m2_exact_s0_20260821-005750.gurobi.log
20260821-010222,PSC1-C5-100-5,exact-oneeval,2,0,16,270,FEASIBLE,25929767.00,25713573.81,0.00833765,240.18,287.52,25713573.81,27198544.00,44.58,1294,27198544.00,25929767.00,1,13.0.2,logs/PSC1-C5-100-5_m2_exact-oneeval_s0_20260821-010222.gurobi.log
20260821-010710,PSC2-C1-100-5,exact,2,0,16,270,FEASIBLE,3781638.00,3774988.97,0.00175824,226.09,271.25,3773103.08,3811133.00,42.57,557,3811133.00,3781638.00,1,13.0.2,logs/PSC2-C1-100-5_m2_exact_s0_20260821-010710.gurobi.log
20260821-011141,PSC2-C1-100-5,exact-oneeval,2,0,16,270,FEASIBLE,3781638.00,3774968.29,0.00176371,225.03,272.13,3773103.08,3811133.00,43.00,523,3811133.00,3781638.00,1,13.0.2,logs/PSC2-C1-100-5_m2_exact-oneeval_s0_20260821-011141.gurobi.log
20260821-011614,PSC2-C2-100-5,exact,2,0,16,270,FEASIBLE,3223121.00,3203055.84,0.00622538,233.17,278.93,3203055.84,3492084.00,42.62,1164,3492084.00,3223121.00,1,13.0.2,logs/PSC2-C2-100-5_m2_exact_s0_20260821-011614.gurobi.log
20260821-012053,PSC2-C2-100-5,exact-oneeval,2,0,16,270,FEASIBLE,3223121.00,3203055.84,0.00622538,230.56,276.06,3203055.84,3492084.00,42.53,1074,3492084.00,3223121.00,1,13.0.2,logs/PSC2-C2-100-5_m2_exact-oneeval_s0_20260821-012053.gurobi.log
20260821-012530,PSC2-C3-100-5,exact,2,0,16,270,FEASIBLE,26074061.00,25354659.40,0.02759070,0.00,282.87,25354659.40,26074061.00,41.72,760,26074061.00,26074061.00,1,13.0.2,logs/PSC2-C3-100-5_m2_exact_s0_20260821-012530.gurobi.log
20260821-013013,PSC2-C3-100-5,exact-oneeval,2,0,16,270,FEASIBLE,26074061.00,25354659.40,0.02759070,0.00,279.52,25354659.40,26074061.00,41.73,910,26074061.00,26074061.00,1,13.0.2,logs/PSC2-C3-100-5_m2_exact-oneeval_s0_20260821-013013.gurobi.log
20260821-013453,PSC2-C4-100-5,exact,2,0,16,270,FEASIBLE,3708751.00,3561065.51,0.03982082,230.70,277.15,3561065.51,4728685.00,43.62,872,4728685.00,3708751.00,1,13.0.2,logs/PSC2-C4-100-5_m2_exact_s0_20260821-013453.gurobi.log
20260821-013930,PSC2-C4-100-5,exact-oneeval,2,0,16,270,FEASIBLE,3708751.00,3561065.51,0.03982082,239.79,286.38,3561065.51,4728685.00,43.69,872,4728685.00,3708751.00,1,13.0.2,logs/PSC2-C4-100-5_m2_exact-oneeval_s0_20260821-013930.gurobi.log
20260821-014417,PSC2-C5-100-5,exact,2,0,16,270,FEASIBLE,25797201.00,25600014.93,0.00764370,226.02,272.81,25600014.93,27077244.00,44.74,1230,27077244.00,25797201.00,1,13.0.2,logs/PSC2-C5-100-5_m2_exact_s0_20260821-014417.gurobi.log
20260821-014850,PSC2-C5-100-5,exact-oneeval,2,0,16,270,FEASIBLE,25797201.00,25600014.93,0.00764370,223.43,270.89,25600014.93,27077244.00,44.83,1120,27077244.00,25797201.00,1,13.0.2,logs/PSC2-C5-100-5_m2_exact-oneeval_s0_20260821-014850.gurobi.log
20260821-015322,PSC3-C1-100-5,exact,2,0,16,270,FEASIBLE,3787640.00,3785867.70,0.00046792,224.90,272.47,3781211.40,3888306.00,43.23,375,3888306.00,3787640.00,1,13.0.2,logs/PSC3-C1-100-5_m2_exact_s0_20260821-015322.gurobi.log
20260821-015754,PSC3-C1-100-5,exact-oneeval,2,0,16,270,FEASIBLE,3787640.00,3785907.12,0.00045751,223.40,272.58,3781211.40,3888306.00,44.52,379,3888306.00,3787640.00,1,13.0.2,logs/PSC3-C1-100-5_m2_exact-oneeval_s0_20260821-015754.gurobi.log
20260821-020227,PSC3-C2-100-5,exact,2,0,16,270,FEASIBLE,3236563.00,3202541.59,0.01051159,226.86,270.92,3202541.59,3622072.00,42.03,981,3622072.00,3236563.00,1,13.0.2,logs/PSC3-C2-100-5_m2_exact_s0_20260821-020227.gurobi.log
20260821-020659,PSC3-C2-100-5,exact-oneeval,2,0,16,270,FEASIBLE,3236563.00,3202541.59,0.01051159,226.28,270.85,3202541.59,3622072.00,41.98,981,3622072.00,3236563.00,1,13.0.2,logs/PSC3-C2-100-5_m2_exact-oneeval_s0_20260821-020659.gurobi.log
20260821-021130,PSC3-C3-100-5,exact,2,0,16,270,FEASIBLE,25645740.00,25226001.20,0.01636680,233.02,277.34,25226001.20,25956267.00,41.78,820,25956267.00,25645740.00,1,13.0.2,logs/PSC3-C3-100-5_m2_exact_s0_20260821-021130.gurobi.log
20260821-021608,PSC3-C3-100-5,exact-oneeval,2,0,16,270,FEASIBLE,25645740.00,25226001.20,0.01636680,236.83,281.02,25226001.20,25956267.00,41.74,820,25956267.00,25645740.00,1,13.0.2,logs/PSC3-C3-100-5_m2_exact-oneeval_s0_20260821-021608.gurobi.log
20260821-022049,PSC3-C4-100-5,exact,2,0,16,270,FEASIBLE,3734444.00,3570634.99,0.04386436,224.20,270.98,3570634.99,4812313.00,43.84,728,4812313.00,3734444.00,1,13.0.2,logs/PSC3-C4-100-5_m2_exact_s0_20260821-022049.gurobi.log
20260821-022520,PSC3-C4-100-5,exact-oneeval,2,0,16,270,FEASIBLE,3734444.00,3570634.99,0.04386436,224.58,271.47,3570634.99,4812313.00,43.96,738,4812313.00,3734444.00,1,13.0.2,logs/PSC3-C4-100-5_m2_exact-oneeval_s0_20260821-022520.gurobi.log
20260821-022952,PSC3-C5-100-5,exact,2,0,16,270,FEASIBLE,25862429.00,25653151.72,0.00809194,234.56,282.31,25653151.72,27230148.00,45.21,1404,27230148.00,25862429.00,1,13.0.2,logs/PSC3-C5-100-5_m2_exact_s0_20260821-022952.gurobi.log
20260821-023435,PSC3-C5-100-5,exact-oneeval,2,0,16,270,FEASIBLE,25862429.00,25653151.72,0.00809194,229.84,277.37,25653151.72,27230148.00,44.96,1224,27230148.00,25862429.00,1,13.0.2,logs/PSC3-C5-100-5_m2_exact-oneeval_s0_20260821-023435.gurobi.log
20260821-023912,PSC4-C1-100-5,exact,2,0,16,270,OPTIMAL,3779530.00,3779530.00,0.00000000,160.12,206.15,3774864.91,3821427.00,42.72,412,3821427.00,3779530.00,1,13.0.2,logs/PSC4-C1-100-5_m2_exact_s0_20260821-023912.gurobi.log
20260821-024239,PSC4-C1-100-5,exact-oneeval,2,0,16,270,OPTIMAL,3779530.00,3779530.00,0.00000000,159.28,205.99,3774861.91,3831764.00,43.11,460,3831764.00,3779530.00,1,13.0.2,logs/PSC4-C1-100-5_m2_exact-oneeval_s0_20260821-024239.gurobi.log
20260821-024605,PSC4-C2-100-5,exact,2,0,16,270,FEASIBLE,3234642.00,3212970.49,0.00669982,227.67,272.43,3212970.49,3522331.00,42.29,1005,3522331.00,3234642.00,1,13.0.2,logs/PSC4-C2-100-5_m2_exact_s0_20260821-024605.gurobi.log
20260821-025038,PSC4-C2-100-5,exact-oneeval,2,0,16,270,FEASIBLE,3234642.00,3212970.49,0.00669982,226.74,271.95,3212970.49,3522331.00,42.52,1205,3522331.00,3234642.00,1,13.0.2,logs/PSC4-C2-100-5_m2_exact-oneeval_s0_20260821-025038.gurobi.log
20260821-025511,PSC4-C3-100-5,exact,2,0,16,270,FEASIBLE,26174095.00,25389407.90,0.02997953,0.00,280.18,25389407.90,26174095.00,41.67,920,26174095.00,26174095.00,1,13.0.2,logs/PSC4-C3-100-5_m2_exact_s0_20260821-025511.gurobi.log
20260821-025951,PSC4-C3-100-5,exact-oneeval,2,0,16,270,FEASIBLE,26174095.00,25389407.90,0.02997953,0.00,270.49,25389407.90,26174095.00,41.81,930,26174095.00,26174095.00,1,13.0.2,logs/PSC4-C3-100-5_m2_exact-oneeval_s0_20260821-025951.gurobi.log
20260821-030422,PSC4-C4-100-5,exact,2,0,16,270,FEASIBLE,3672226.00,3552570.47,0.03258392,236.52,281.37,3552570.47,4855349.00,43.11,1205,4855349.00,3672226.00,1,13.0.2,logs/PSC4-C4-100-5_m2_exact_s0_20260821-030422.gurobi.log
20260821-030903,PSC4-C4-100-5,exact-oneeval,2,0,16,270,FEASIBLE,3672226.00,3552570.47,0.03258392,225.11,271.07,3552570.47,4855349.00,43.43,891,4855349.00,3672226.00,1,13.0.2,logs/PSC4-C4-100-5_m2_exact-oneeval_s0_20260821-030903.gurobi.log
20260821-031335,PSC4-C5-100-5,exact,2,0,16,270,FEASIBLE,27103682.00,25719275.63,0.05107817,0.00,289.27,25719275.63,27103682.00,44.53,1335,27103682.00,27103682.00,1,13.0.2,logs/PSC4-C5-100-5_m2_exact_s0_20260821-031335.gurobi.log
20260821-031824,PSC4-C5-100-5,exact-oneeval,2,0,16,270,FEASIBLE,27103682.00,25719275.63,0.05107817,0.00,288.01,25719275.63,27103682.00,44.69,1245,27103682.00,27103682.00,1,13.0.2,logs/PSC4-C5-100-5_m2_exact-oneeval_s0_20260821-031824.gurobi.log
20260821-032313,PSC5-C1-100-5,exact,2,0,16,270,FEASIBLE,3799652.00,3796716.50,0.00077257,225.75,272.67,3791919.11,3821327.00,42.82,393,3821327.00,3799652.00,1,13.0.2,logs/PSC5-C1-100-5_m2_exact_s0_20260821-032313.gurobi.log
20260821-032746,PSC5-C1-100-5,exact-oneeval,2,0,16,270,FEASIBLE,3799652.00,3796687.64,0.00078017,225.16,272.66,3791919.11,3821327.00,42.69,393,3821327.00,3799652.00,1,13.0.2,logs/PSC5-C1-100-5_m2_exact-oneeval_s0_20260821-032746.gurobi.log
20260821-033219,PSC5-C2-100-5,exact,2,0,16,270,FEASIBLE,3218399.00,3192233.93,0.00812984,226.24,270.91,3192233.93,3437300.00,41.76,1193,3437300.00,3218399.00,1,13.0.2,logs/PSC5-C2-100-5_m2_exact_s0_20260821-033219.gurobi.log
20260821-033650,PSC5-C2-100-5,exact-oneeval,2,0,16,270,FEASIBLE,3218399.00,3192233.93,0.00812984,239.45,284.74,3192233.93,3437300.00,42.42,1153,3437300.00,3218399.00,1,13.0.2,logs/PSC5-C2-100-5_m2_exact-oneeval_s0_20260821-033650.gurobi.log
20260821-034135,PSC5-C3-100-5,exact,2,0,16,270,FEASIBLE,25899915.00,25322181.54,0.02230638,247.73,291.92,25322181.54,26101960.00,41.76,893,26101960.00,25899915.00,1,13.0.2,logs/PSC5-C3-100-5_m2_exact_s0_20260821-034135.gurobi.log
20260821-034627,PSC5-C3-100-5,exact-oneeval,2,0,16,270,FEASIBLE,25899915.00,25322181.54,0.02230638,242.01,286.11,25322181.54,26101960.00,41.78,893,26101960.00,25899915.00,1,13.0.2,logs/PSC5-C3-100-5_m2_exact-oneeval_s0_20260821-034627.gurobi.log
20260821-035114,PSC5-C4-100-5,exact,2,0,16,270,FEASIBLE,4519333.00,3566212.57,0.21089847,0.00,278.40,3566212.57,4519333.00,43.52,738,4519333.00,4519333.00,1,13.0.2,logs/PSC5-C4-100-5_m2_exact_s0_20260821-035114.gurobi.log
20260821-035553,PSC5-C4-100-5,exact-oneeval,2,0,16,270,FEASIBLE,4519333.00,3566212.57,0.21089847,0.00,276.96,3566212.57,4519333.00,43.66,738,4519333.00,4519333.00,1,13.0.2,logs/PSC5-C4-100-5_m2_exact-oneeval_s0_20260821-035553.gurobi.log
20260821-040030,PSC5-C5-100-5,exact,2,0,16,270,FEASIBLE,25883931.00,25662232.03,0.00856512,231.41,279.23,25662232.03,26989245.00,44.95,1290,26989245.00,25883931.00,1,13.0.2,logs/PSC5-C5-100-5_m2_exact_s0_20260821-040030.gurobi.log
20260821-040510,PSC5-C5-100-5,exact-oneeval,2,0,16,270,FEASIBLE,25883931.00,25662232.03,0.00856512,232.38,279.64,25662232.03,26989245.00,44.80,1565,26989245.00,25883931.00,1,13.0.2,logs/PSC5-C5-100-5_m2_exact-oneeval_s0_20260821-040510.gurobi.log
20260821-040950,PSC1-C1-100-10,exact,2,0,16,270,FEASIBLE,6519677.00,6513586.69,0.00093414,222.97,272.90,6510505.45,6737149.00,44.19,599,6737149.00,6519677.00,1,13.0.2,logs/PSC1-C1-100-10_m2_exact_s0_20260821-040950.gurobi.log
20260821-041423,PSC1-C1-100-10,exact-oneeval,2,0,16,270,FEASIBLE,6524452.00,6512413.63,0.00184512,216.14,272.67,0.00,7162320.00,49.73,867,7162320.00,6524452.00,1,13.0.2,logs/PSC1-C1-100-10_m2_exact-oneeval_s0_20260821-041423.gurobi.log
20260821-041856,PSC1-C2-100-10,exact,2,0,16,270,FEASIBLE,5973036.00,5909020.77,0.01071737,227.38,281.65,3528299.82,6846509.00,48.56,1239,6846509.00,5973036.00,1,13.0.2,logs/PSC1-C2-100-10_m2_exact_s0_20260821-041856.gurobi.log
20260821-042338,PSC1-C2-100-10,exact-oneeval,2,0,16,270,FEASIBLE,5973036.00,5909020.77,0.01071737,218.74,272.64,3528299.82,6846509.00,48.37,1189,6846509.00,5973036.00,1,13.0.2,logs/PSC1-C2-100-10_m2_exact-oneeval_s0_20260821-042338.gurobi.log
20260821-042812,PSC1-C3-100-10,exact,2,0,16,270,FEASIBLE,51355381.00,50450664.07,0.01761679,222.54,278.83,50450664.07,53427248.00,51.46,984,53427248.00,51355381.00,1,13.0.2,logs/PSC1-C3-100-10_m2_exact_s0_20260821-042812.gurobi.log
20260821-043251,PSC1-C3-100-10,exact-oneeval,2,0,16,270,FEASIBLE,51001931.00,50414091.93,0.01152582,231.09,286.72,48238369.85,52384481.00,50.38,1320,52384481.00,51001931.00,1,13.0.2,logs/PSC1-C3-100-10_m2_exact-oneeval_s0_20260821-043251.gurobi.log
20260821-043738,PSC1-C4-100-10,exact,2,0,16,270,FEASIBLE,8357475.00,6517155.57,0.22020041,0.00,278.52,0.00,8357475.00,52.11,1175,8357475.00,8357475.00,1,13.0.2,logs/PSC1-C4-100-10_m2_exact_s0_20260821-043738.gurobi.log
20260821-044217,PSC1-C4-100-10,exact-oneeval,2,0,16,270,FEASIBLE,7619846.00,6520370.83,0.14429100,0.00,277.91,3252397.05,7619846.00,47.06,1348,7619846.00,7619846.00,1,13.0.2,logs/PSC1-C4-100-10_m2_exact-oneeval_s0_20260821-044217.gurobi.log
20260821-044655,PSC1-C5-100-10,exact,2,0,16,270,FEASIBLE,51193514.00,50791755.92,0.00784783,217.93,272.15,50791755.92,52493090.00,50.42,1749,52493090.00,51193514.00,1,13.0.2,logs/PSC1-C5-100-10_m2_exact_s0_20260821-044655.gurobi.log
20260821-045128,PSC1-C5-100-10,exact-oneeval,2,0,16,270,FEASIBLE,51193514.00,50791755.92,0.00784783,222.54,276.24,50791755.92,52493090.00,49.58,1749,52493090.00,51193514.00,1,13.0.2,logs/PSC1-C5-100-10_m2_exact-oneeval_s0_20260821-045128.gurobi.log
20260821-045605,PSC2-C1-100-10,exact,2,0,16,270,FEASIBLE,6519852.00,6505608.26,0.00218467,225.01,273.81,6502506.09,6662394.00,43.99,1380,6662394.00,6519852.00,1,13.0.2,logs/PSC2-C1-100-10_m2_exact_s0_20260821-045605.gurobi.log
20260821-050039,PSC2-C1-100-10,exact-oneeval,2,0,16,270,FEASIBLE,6519852.00,6505553.95,0.00219300,223.61,272.70,6502506.09,6662394.00,44.09,1292,6662394.00,6519852.00,1,13.0.2,logs/PSC2-C1-100-10_m2_exact-oneeval_s0_20260821-050039.gurobi.log
20260821-050512,PSC2-C2-100-10,exact,2,0,16,270,FEASIBLE,5961877.00,5921436.81,0.00678313,252.04,309.75,5921436.81,7053595.00,51.83,790,7053595.00,5961877.00,1,13.0.2,logs/PSC2-C2-100-10_m2_exact_s0_20260821-050512.gurobi.log
20260821-051022,PSC2-C2-100-10,exact-oneeval,2,0,16,270,FEASIBLE,5966304.00,5912099.91,0.00908504,212.31,272.00,0.00,6803942.00,53.93,893,6803942.00,5966304.00,1,13.0.2,logs/PSC2-C2-100-10_m2_exact-oneeval_s0_20260821-051022.gurobi.log
20260821-051455,PSC2-C3-100-10,exact,2,0,16,270,FEASIBLE,50997159.00,50391439.07,0.01187752,264.87,329.34,-1.00,52354248.00,58.53,1013,52354248.00,50997159.00,1,13.0.2,logs/PSC2-C3-100-10_m2_exact_s0_20260821-051455.gurobi.log
20260821-052025,PSC2-C3-100-10,exact-oneeval,2,0,16,270,FEASIBLE,50997159.00,50391439.07,0.01187752,206.88,272.13,-1.00,52354248.00,58.78,823,52354248.00,50997159.00,1,13.0.2,logs/PSC2-C3-100-10_m2_exact-oneeval_s0_20260821-052025.gurobi.log
20260821-052458,PSC2-C4-100-10,exact,2,0,16,270,FEASIBLE,6834245.00,6520662.24,0.04588404,228.17,275.65,-1.00,10462692.00,40.88,813,10462692.00,6834245.00,1,13.0.2,logs/PSC2-C4-100-10_m2_exact_s0_20260821-052458.gurobi.log
20260821-052934,PSC2-C4-100-10,exact-oneeval,2,0,16,270,FEASIBLE,6812449.00,6520853.17,0.04280338,207.27,274.86,-1.00,8324258.00,61.35,835,8324258.00,6812449.00,1,13.0.2,logs/PSC2-C4-100-10_m2_exact-oneeval_s0_20260821-052934.gurobi.log
20260821-053409,PSC2-C5-100-10,exact,2,0,16,270,FEASIBLE,52823764.00,50773790.06,0.03880780,0.00,290.92,50773790.06,52823764.00,50.25,1398,52823764.00,52823764.00,1,13.0.2,logs/PSC2-C5-100-10_m2_exact_s0_20260821-053409.gurobi.log
20260821-053901,PSC2-C5-100-10,exact-oneeval,2,0,16,270,FEASIBLE,51149314.00,50710995.24,0.00856940,218.15,274.49,0.00,52530832.00,50.83,1237,52530832.00,51149314.00,1,13.0.2,logs/PSC2-C5-100-10_m2_exact-oneeval_s0_20260821-053901.gurobi.log
20260821-054336,PSC3-C1-100-10,exact,2,0,16,270,FEASIBLE,6518195.00,6512849.97,0.00082002,217.24,272.89,3788254.71,7214783.00,49.29,698,7214783.00,6518195.00,1,13.0.2,logs/PSC3-C1-100-10_m2_exact_s0_20260821-054336.gurobi.log
20260821-054809,PSC3-C1-100-10,exact-oneeval,2,0,16,270,FEASIBLE,6518213.00,6512349.41,0.00089957,216.17,272.75,3788254.71,7214783.00,49.68,657,7214783.00,6518213.00,1,13.0.2,logs/PSC3-C1-100-10_m2_exact-oneeval_s0_20260821-054809.gurobi.log
20260821-055242,PSC3-C2-100-10,exact,2,0,16,270,FEASIBLE,5962124.00,5911042.64,0.00856765,227.79,281.86,0.00,6839454.00,48.55,1105,6839454.00,5962124.00,1,13.0.2,logs/PSC3-C2-100-10_m2_exact_s0_20260821-055242.gurobi.log
20260821-055725,PSC3-C2-100-10,exact-oneeval,2,0,16,270,FEASIBLE,5962124.00,5911042.64,0.00856765,230.46,284.47,0.00,6839454.00,48.44,1105,6839454.00,5962124.00,1,13.0.2,logs/PSC3-C2-100-10_m2_exact-oneeval_s0_20260821-055725.gurobi.log
20260821-060210,PSC3-C3-100-10,exact,2,0,16,270,FEASIBLE,50952030.00,50349808.38,0.01181938,221.80,277.63,0.00,52307697.00,50.66,1090,52307697.00,50952030.00,1,13.0.2,logs/PSC3-C3-100-10_m2_exact_s0_20260821-060210.gurobi.log
20260821-060648,PSC3-C3-100-10,exact-oneeval,2,0,16,270,FEASIBLE,51347306.00,50386945.94,0.01870322,300.69,346.38,50386945.94,51700052.00,42.24,1365,51700052.00,51347306.00,1,13.0.2,logs/PSC3-C3-100-10_m2_exact-oneeval_s0_20260821-060648.gurobi.log
20260821-061235,PSC3-C4-100-10,exact,2,0,16,270,FEASIBLE,8329068.00,6512360.12,0.21811659,0.00,280.47,0.00,8329068.00,52.01,879,8329068.00,8329068.00,1,13.0.2,logs/PSC3-C4-100-10_m2_exact_s0_20260821-061235.gurobi.log
20260821-061716,PSC3-C4-100-10,exact-oneeval,2,0,16,270,FEASIBLE,8329068.00,6512360.12,0.21811659,0.00,277.29,0.00,8329068.00,52.18,879,8329068.00,8329068.00,1,13.0.2,logs/PSC3-C4-100-10_m2_exact-oneeval_s0_20260821-061716.gurobi.log
20260821-062154,PSC3-C5-100-10,exact,2,0,16,270,FEASIBLE,51080875.00,50663452.03,0.00817181,217.23,274.41,0.00,52480665.00,51.45,1145,52480665.00,51080875.00,1,13.0.2,logs/PSC3-C5-100-10_m2_exact_s0_20260821-062154.gurobi.log
20260821-062629,PSC3-C5-100-10,exact-oneeval,2,0,16,270,FEASIBLE,51080875.00,50663452.03,0.00817181,217.31,274.05,0.00,52480665.00,51.18,1145,52480665.00,51080875.00,1,13.0.2,logs/PSC3-C5-100-10_m2_exact-oneeval_s0_20260821-062629.gurobi.log
20260821-063103,PSC4-C1-100-10,exact,2,0,16,270,FEASIBLE,6529132.00,6519974.91,0.00140250,215.73,272.25,6516529.47,7153203.00,49.96,907,7153203.00,6529132.00,1,13.0.2,logs/PSC4-C1-100-10_m2_exact_s0_20260821-063103.gurobi.log
20260821-063536,PSC4-C1-100-10,exact-oneeval,2,0,16,270,FEASIBLE,6527172.00,6520153.09,0.00107534,220.43,266.17,6516529.47,6651835.00,45.46,735,6651835.00,6527172.00,1,13.0.2,logs/PSC4-C1-100-10_m2_exact-oneeval_s0_20260821-063536.gurobi.log
20260821-064009,PSC4-C2-100-10,exact,2,0,16,270,FEASIBLE,6468193.00,5920784.18,0.08463087,228.70,283.40,0.00,6806391.00,48.35,856,6806391.00,6468193.00,1,13.0.2,logs/PSC4-C2-100-10_m2_exact_s0_20260821-064009.gurobi.log
20260821-064453,PSC4-C2-100-10,exact-oneeval,2,0,16,270,FEASIBLE,6468193.00,5920784.18,0.08463087,220.09,274.74,0.00,6806391.00,48.51,786,6806391.00,6468193.00,1,13.0.2,logs/PSC4-C2-100-10_m2_exact-oneeval_s0_20260821-064453.gurobi.log
20260821-064928,PSC4-C3-100-10,exact,2,0,16,270,FEASIBLE,51029666.00,50425447.29,0.01184054,232.28,288.58,0.00,52409900.00,50.87,1060,52409900.00,51029666.00,1,13.0.2,logs/PSC4-C3-100-10_m2_exact_s0_20260821-064928.gurobi.log
20260821-065417,PSC4-C3-100-10,exact-oneeval,2,0,16,270,FEASIBLE,51463495.00,50426063.90,0.02015858,218.27,273.93,-0.00,53389996.00,51.04,783,53389996.00,51463495.00,1,13.0.2,logs/PSC4-C3-100-10_m2_exact-oneeval_s0_20260821-065417.gurobi.log
20260821-065852,PSC4-C4-100-10,exact,2,0,16,270,FEASIBLE,6869595.00,6520620.20,0.05079991,214.14,272.51,0.00,8371340.00,52.41,869,8371340.00,6869595.00,1,13.0.2,logs/PSC4-C4-100-10_m2_exact_s0_20260821-065852.gurobi.log
20260821-070325,PSC4-C4-100-10,exact-oneeval,2,0,16,270,FEASIBLE,6869595.00,6520620.20,0.05079991,224.00,282.47,0.00,8371340.00,52.47,1099,8371340.00,6869595.00,1,13.0.2,logs/PSC4-C4-100-10_m2_exact-oneeval_s0_20260821-070325.gurobi.log
20260821-070808,PSC4-C5-100-10,exact,2,0,16,270,FEASIBLE,51155551.00,50746362.06,0.00799892,222.22,277.24,0.00,52583618.00,51.11,1771,52583618.00,51155551.00,1,13.0.2,logs/PSC4-C5-100-10_m2_exact_s0_20260821-070808.gurobi.log
20260821-071246,PSC4-C5-100-10,exact-oneeval,2,0,16,270,FEASIBLE,51191584.00,50804769.59,0.00755621,219.52,271.88,50804769.59,52596795.00,48.97,1721,52596795.00,51191584.00,1,13.0.2,logs/PSC4-C5-100-10_m2_exact-oneeval_s0_20260821-071246.gurobi.log
20260821-071718,PSC5-C1-100-10,exact,2,0,16,270,FEASIBLE,6528695.00,6523910.87,0.00073278,223.35,272.51,6520017.36,6605073.00,44.08,698,6605073.00,6528695.00,1,13.0.2,logs/PSC5-C1-100-10_m2_exact_s0_20260821-071718.gurobi.log
20260821-072151,PSC5-C1-100-10,exact-oneeval,2,0,16,270,FEASIBLE,6528971.00,6523611.91,0.00082082,223.16,273.05,6520017.36,6605073.00,44.28,666,6605073.00,6528971.00,1,13.0.2,logs/PSC5-C1-100-10_m2_exact-oneeval_s0_20260821-072151.gurobi.log
20260821-072625,PSC5-C2-100-10,exact,2,0,16,270,FEASIBLE,5952392.00,5894288.52,0.00976137,223.98,280.42,0.00,6896765.00,50.65,979,6896765.00,5952392.00,1,13.0.2,logs/PSC5-C2-100-10_m2_exact_s0_20260821-072625.gurobi.log
20260821-073106,PSC5-C2-100-10,exact-oneeval,2,0,16,270,FEASIBLE,5952392.00,5894288.52,0.00976137,219.68,275.70,0.00,6896765.00,50.40,1029,6896765.00,5952392.00,1,13.0.2,logs/PSC5-C2-100-10_m2_exact-oneeval_s0_20260821-073106.gurobi.log
20260821-073542,PSC5-C3-100-10,exact,2,0,16,270,FEASIBLE,51192148.00,50398748.83,0.01549845,0.00,276.82,50398748.83,51192148.00,41.84,1550,51192148.00,51192148.00,1,13.0.2,logs/PSC5-C3-100-10_m2_exact_s0_20260821-073542.gurobi.log
20260821-074019,PSC5-C3-100-10,exact-oneeval,2,0,16,270,FEASIBLE,51192148.00,50398748.83,0.01549845,0.00,271.13,50398748.83,51192148.00,41.71,1980,51192148.00,51192148.00,1,13.0.2,logs/PSC5-C3-100-10_m2_exact-oneeval_s0_20260821-074019.gurobi.log
20260821-074450,PSC5-C4-100-10,exact,2,0,16,270,FEASIBLE,6839987.00,6593787.62,0.03599413,238.59,287.39,6593787.62,8095223.00,45.91,1747,8095223.00,6839987.00,1,13.0.2,logs/PSC5-C4-100-10_m2_exact_s0_20260821-074450.gurobi.log
20260821-074938,PSC5-C4-100-10,exact-oneeval,2,0,16,270,FEASIBLE,6839987.00,6593787.62,0.03599413,233.25,281.43,6593787.62,8095223.00,45.38,1747,8095223.00,6839987.00,1,13.0.2,logs/PSC5-C4-100-10_m2_exact-oneeval_s0_20260821-074938.gurobi.log
20260821-075420,PSC5-C5-100-10,exact,2,0,16,270,FEASIBLE,51131768.00,50743880.33,0.00758604,234.90,284.12,50743880.33,52675481.00,46.66,2790,52675481.00,51131768.00,1,13.0.2,logs/PSC5-C5-100-10_m2_exact_s0_20260821-075420.gurobi.log
20260821-075904,PSC5-C5-100-10,exact-oneeval,2,0,16,270,FEASIBLE,51131768.00,50743880.33,0.00758604,236.60,286.22,50743880.33,52675481.00,46.88,2790,52675481.00,51131768.00,1,13.0.2,logs/PSC5-C5-100-10_m2_exact-oneeval_s0_20260821-075904.gurobi.log
20260821-080350,PSC1-C1-50-5,exact,0,0,16,1800,OPTIMAL,1923801.00,1923801.00,0.00000000,1055.08,1055.41,-1.00,-1.00,-1.00,0,-1.00,1923801.00,1,13.0.2,logs/PSC1-C1-50-5_m0_exact_s0_20260821-080350.gurobi.log
20260821-082126,PSC1-C2-50-5,exact,0,0,16,1800,FEASIBLE,1638873.00,1628395.16,0.00639332,1800.09,1800.45,-1.00,-1.00,-1.00,0,-1.00,1638873.00,1,13.0.2,logs/PSC1-C2-50-5_m0_exact_s0_20260821-082126.gurobi.log
20260821-085127,PSC1-C3-50-5,exact,0,0,16,1800,FEASIBLE,13066874.00,12991019.93,0.00580507,1800.02,1800.31,-1.00,-1.00,-1.00,0,-1.00,13066874.00,1,13.0.2,logs/PSC1-C3-50-5_m0_exact_s0_20260821-085127.gurobi.log
20260821-092127,PSC1-C4-50-5,exact,0,0,16,1800,FEASIBLE,1885986.00,1845419.16,0.02150962,1800.01,1800.30,-1.00,-1.00,-1.00,0,-1.00,1885986.00,1,13.0.2,logs/PSC1-C4-50-5_m0_exact_s0_20260821-092127.gurobi.log
20260821-095128,PSC1-C5-50-5,exact,0,0,16,1800,FEASIBLE,13142736.00,13091860.35,0.00387101,1800.00,1800.31,-1.00,-1.00,-1.00,0,-1.00,13142736.00,1,13.0.2,logs/PSC1-C5-50-5_m0_exact_s0_20260821-095128.gurobi.log
20260821-102128,PSC2-C1-50-5,exact,0,0,16,1800,FEASIBLE,1931640.00,1926093.57,0.00287136,1800.09,1800.87,-1.00,-1.00,-1.00,0,-1.00,1931640.00,1,13.0.2,logs/PSC2-C1-50-5_m0_exact_s0_20260821-102128.gurobi.log
20260821-105129,PSC2-C2-50-5,exact,0,0,16,1800,FEASIBLE,1639382.00,1632857.30,0.00397998,1800.13,1800.48,-1.00,-1.00,-1.00,0,-1.00,1639382.00,1,13.0.2,logs/PSC2-C2-50-5_m0_exact_s0_20260821-105129.gurobi.log
20260821-112130,PSC2-C3-50-5,exact,0,0,16,1800,FEASIBLE,13080391.00,12999982.03,0.00614729,1800.17,1800.49,-1.00,-1.00,-1.00,0,-1.00,13080391.00,1,13.0.2,logs/PSC2-C3-50-5_m0_exact_s0_20260821-112130.gurobi.log
20260821-115131,PSC2-C4-50-5,exact,0,0,16,1800,FEASIBLE,1882478.00,1845061.31,0.01987630,1800.01,1800.37,-1.00,-1.00,-1.00,0,-1.00,1882478.00,1,13.0.2,logs/PSC2-C4-50-5_m0_exact_s0_20260821-115131.gurobi.log
20260821-122131,PSC2-C5-50-5,exact,0,0,16,1800,FEASIBLE,13079802.00,13035317.89,0.00340098,1800.14,1800.55,-1.00,-1.00,-1.00,0,-1.00,13079802.00,1,13.0.2,logs/PSC2-C5-50-5_m0_exact_s0_20260821-122131.gurobi.log
20260821-125132,PSC3-C1-50-5,exact,0,0,16,1800,FEASIBLE,1932102.00,1925978.13,0.00316954,1800.06,1800.86,-1.00,-1.00,-1.00,0,-1.00,1932102.00,1,13.0.2,logs/PSC3-C1-50-5_m0_exact_s0_20260821-125132.gurobi.log
20260821-132133,PSC3-C2-50-5,exact,0,0,16,1800,FEASIBLE,1640018.00,1631359.36,0.00527960,1800.06,1800.42,-1.00,-1.00,-1.00,0,-1.00,1640018.00,1,13.0.2,logs/PSC3-C2-50-5_m0_exact_s0_20260821-132133.gurobi.log
20260821-135134,PSC3-C3-50-5,exact,0,0,16,1800,FEASIBLE,12996759.00,12922955.46,0.00567861,1800.29,1800.63,-1.00,-1.00,-1.00,0,-1.00,12991976.00,1,13.0.2,logs/PSC3-C3-50-5_m0_exact_s0_20260821-135134.gurobi.log
20260821-142135,PSC3-C4-50-5,exact,0,0,16,1800,FEASIBLE,1880658.00,1844886.88,0.01902053,1799.83,1800.39,-1.00,-1.00,-1.00,0,-1.00,1880658.00,1,13.0.2,logs/PSC3-C4-50-5_m0_exact_s0_20260821-142135.gurobi.log
20260821-145135,PSC3-C5-50-5,exact,0,0,16,1800,FEASIBLE,13131312.00,13081830.54,0.00376820,1800.00,1800.34,-1.00,-1.00,-1.00,0,-1.00,13131312.00,1,13.0.2,logs/PSC3-C5-50-5_m0_exact_s0_20260821-145135.gurobi.log
20260821-152136,PSC4-C1-50-5,exact,0,0,16,1800,OPTIMAL,1909659.00,1909659.00,0.00000000,689.85,690.24,-1.00,-1.00,-1.00,0,-1.00,1909659.00,1,13.0.2,logs/PSC4-C1-50-5_m0_exact_s0_20260821-152136.gurobi.log
20260821-153306,PSC4-C2-50-5,exact,0,0,16,1800,FEASIBLE,1646300.00,1634972.86,0.00688036,1800.13,1800.48,-1.00,-1.00,-1.00,0,-1.00,1646300.00,1,13.0.2,logs/PSC4-C2-50-5_m0_exact_s0_20260821-153306.gurobi.log
20260821-160307,PSC4-C3-50-5,exact,0,0,16,1800,FEASIBLE,13072358.00,12996462.07,0.00580583,1800.14,1800.55,-1.00,-1.00,-1.00,0,-1.00,13072358.00,1,13.0.2,logs/PSC4-C3-50-5_m0_exact_s0_20260821-160307.gurobi.log
20260821-163308,PSC4-C4-50-5,exact,0,0,16,1800,FEASIBLE,1877816.00,1837322.32,0.02156424,1799.97,1800.31,-1.00,-1.00,-1.00,0,-1.00,1877816.00,1,13.0.2,logs/PSC4-C4-50-5_m0_exact_s0_20260821-163308.gurobi.log
20260821-170308,PSC4-C5-50-5,exact,0,0,16,1800,FEASIBLE,13141962.00,13093769.20,0.00366709,1800.21,1800.61,-1.00,-1.00,-1.00,0,-1.00,13140401.00,1,13.0.2,logs/PSC4-C5-50-5_m0_exact_s0_20260821-170308.gurobi.log
20260821-173309,PSC5-C1-50-5,exact,0,0,16,1800,OPTIMAL,1895151.00,1895151.00,0.00000000,1006.75,1007.26,-1.00,-1.00,-1.00,0,-1.00,1895151.00,1,13.0.2,logs/PSC5-C1-50-5_m0_exact_s0_20260821-173309.gurobi.log
20260821-174956,PSC5-C2-50-5,exact,0,0,16,1800,FEASIBLE,1641171.00,1631186.41,0.00608382,1799.97,1800.56,-1.00,-1.00,-1.00,0,-1.00,1641171.00,1,13.0.2,logs/PSC5-C2-50-5_m0_exact_s0_20260821-174956.gurobi.log
20260821-181957,PSC5-C3-50-5,exact,0,0,16,1800,FEASIBLE,13025107.00,12952923.87,0.00554185,1800.07,1800.42,-1.00,-1.00,-1.00,0,-1.00,13025107.00,1,13.0.2,logs/PSC5-C3-50-5_m0_exact_s0_20260821-181957.gurobi.log
20260821-184958,PSC5-C4-50-5,exact,0,0,16,1800,FEASIBLE,1883597.00,1843121.56,0.02148838,1799.97,1800.38,-1.00,-1.00,-1.00,0,-1.00,1883597.00,1,13.0.2,logs/PSC5-C4-50-5_m0_exact_s0_20260821-184958.gurobi.log
20260821-191958,PSC5-C5-50-5,exact,0,0,16,1800,FEASIBLE,13101165.25,13051600.87,0.00378320,1800.14,1800.57,-1.00,-1.00,-1.00,0,-1.00,13100992.00,1,13.0.2,logs/PSC5-C5-50-5_m0_exact_s0_20260821-191958.gurobi.log
20260821-194959,PSC1-C1-100-5,exact,0,0,16,1800,FEASIBLE,3799951.96,3784457.64,0.00407750,1800.86,1802.79,-1.00,-1.00,-1.00,0,-1.00,3799364.00,1,13.0.2,logs/PSC1-C1-100-5_m0_exact_s0_20260821-194959.gurobi.log
20260821-202002,PSC1-C2-100-5,exact,0,0,16,1800,FEASIBLE,3203564.00,3191945.88,0.00362662,1799.64,1801.15,-1.00,-1.00,-1.00,0,-1.00,3203564.00,1,13.0.2,logs/PSC1-C2-100-5_m0_exact_s0_20260821-202002.gurobi.log
20260821-205004,PSC1-C3-100-5,exact,0,0,16,1800,FEASIBLE,26626651.00,25511484.04,0.04188161,2617.12,2619.02,-1.00,-1.00,-1.00,0,-1.00,26621042.00,1,13.0.2,logs/PSC1-C3-100-5_m0_exact_s0_20260821-205004.gurobi.log
20260821-213343,PSC1-C4-100-5,exact,0,0,16,1800,FEASIBLE,4279522.00,3587326.49,0.16174599,1799.53,1799.23,-1.00,-1.00,-1.00,0,-1.00,4273925.00,1,13.0.2,logs/PSC1-C4-100-5_m0_exact_s0_20260821-213343.gurobi.log
20260821-220344,PSC1-C5-100-5,exact,0,0,16,1800,FEASIBLE,26330861.00,25795412.14,0.02033541,1799.54,1800.95,-1.00,-1.00,-1.00,0,-1.00,26321932.00,1,13.0.2,logs/PSC1-C5-100-5_m0_exact_s0_20260821-220344.gurobi.log
20260821-223345,PSC2-C1-100-5,exact,0,0,16,1800,FEASIBLE,3787607.00,3773833.75,0.00363640,1800.04,1801.72,-1.00,-1.00,-1.00,0,-1.00,3787607.00,1,13.0.2,logs/PSC2-C1-100-5_m0_exact_s0_20260821-223345.gurobi.log
20260821-230347,PSC2-C2-100-5,exact,0,0,16,1800,FEASIBLE,3220486.00,3206706.75,0.00427862,1799.62,1801.10,-1.00,-1.00,-1.00,0,-1.00,3220486.00,1,13.0.2,logs/PSC2-C2-100-5_m0_exact_s0_20260821-230347.gurobi.log
20260821-233349,PSC2-C3-100-5,exact,0,0,16,1800,FEASIBLE,26606983.00,25490310.13,0.04196917,2690.48,2692.11,-1.00,-1.00,-1.00,0,-1.00,26600654.00,1,13.0.2,logs/PSC2-C3-100-5_m0_exact_s0_20260821-233349.gurobi.log
20260822-001841,PSC2-C4-100-5,exact,0,0,16,1800,FEASIBLE,4198123.00,3579944.74,0.14725111,1799.41,1800.78,-1.00,-1.00,-1.00,0,-1.00,4190786.00,1,13.0.2,logs/PSC2-C4-100-5_m0_exact_s0_20260822-001841.gurobi.log
20260822-004842,PSC2-C5-100-5,exact,0,0,16,1800,FEASIBLE,26118136.00,25681869.62,0.01670358,1799.58,1800.90,-1.00,-1.00,-1.00,0,-1.00,26109027.00,1,13.0.2,logs/PSC2-C5-100-5_m0_exact_s0_20260822-004842.gurobi.log
20260822-011843,PSC3-C1-100-5,exact,0,0,16,1800,FEASIBLE,3789165.09,3782359.18,0.00179615,1801.06,1803.07,-1.00,-1.00,-1.00,0,-1.00,3789070.00,1,13.0.2,logs/PSC3-C1-100-5_m0_exact_s0_20260822-011843.gurobi.log
20260822-014846,PSC3-C2-100-5,exact,0,0,16,1800,FEASIBLE,3212942.00,3205102.68,0.00243992,1799.84,1801.30,-1.00,-1.00,-1.00,0,-1.00,3212942.00,1,13.0.2,logs/PSC3-C2-100-5_m0_exact_s0_20260822-014846.gurobi.log
20260822-021848,PSC3-C3-100-5,exact,0,0,16,1800,FEASIBLE,26421163.00,25361726.78,0.04009802,2577.78,2579.45,-1.00,-1.00,-1.00,0,-1.00,26416443.00,1,13.0.2,logs/PSC3-C3-100-5_m0_exact_s0_20260822-021848.gurobi.log
20260822-030148,PSC3-C4-100-5,exact,0,0,16,1800,FEASIBLE,4195380.00,3589815.32,0.14434084,1799.60,1800.92,-1.00,-1.00,-1.00,0,-1.00,4187459.00,1,13.0.2,logs/PSC3-C4-100-5_m0_exact_s0_20260822-030148.gurobi.log
20260822-033149,PSC3-C5-100-5,exact,0,0,16,1800,FEASIBLE,26285453.00,25736527.86,0.02088323,1799.57,1800.91,-1.00,-1.00,-1.00,0,-1.00,26278358.00,1,13.0.2,logs/PSC3-C5-100-5_m0_exact_s0_20260822-033149.gurobi.log
20260822-040150,PSC4-C1-100-5,exact,0,0,16,1800,FEASIBLE,3786225.63,3776006.01,0.00269916,1800.98,1802.56,-1.00,-1.00,-1.00,0,-1.00,3786098.00,1,13.0.2,logs/PSC4-C1-100-5_m0_exact_s0_20260822-040150.gurobi.log
20260822-043153,PSC4-C2-100-5,exact,0,0,16,1800,FEASIBLE,3231307.00,3215721.94,0.00482314,1799.73,1801.31,-1.00,-1.00,-1.00,0,-1.00,3231307.00,1,13.0.2,logs/PSC4-C2-100-5_m0_exact_s0_20260822-043153.gurobi.log
20260822-050154,PSC4-C3-100-5,exact,0,0,16,1800,FEASIBLE,26610047.00,25525560.66,0.04075477,2352.48,2354.20,-1.00,-1.00,-1.00,0,-1.00,26605308.00,1,13.0.2,logs/PSC4-C3-100-5_m0_exact_s0_20260822-050154.gurobi.log
20260822-054109,PSC4-C4-100-5,exact,0,0,16,1800,FEASIBLE,4175121.00,3572348.49,0.14437246,2042.19,2043.73,-1.00,-1.00,-1.00,0,-1.00,4169703.00,1,13.0.2,logs/PSC4-C4-100-5_m0_exact_s0_20260822-054109.gurobi.log
20260822-061513,PSC4-C5-100-5,exact,0,0,16,1800,FEASIBLE,26273598.00,25800733.29,0.01799771,1799.50,1801.16,-1.00,-1.00,-1.00,0,-1.00,26266819.00,1,13.0.2,logs/PSC4-C5-100-5_m0_exact_s0_20260822-061513.gurobi.log
20260822-064514,PSC5-C1-100-5,exact,0,0,16,1800,FEASIBLE,3802065.00,3792912.72,0.00240719,1799.36,1801.35,-1.00,-1.00,-1.00,0,-1.00,3802065.00,1,13.0.2,logs/PSC5-C1-100-5_m0_exact_s0_20260822-064514.gurobi.log
20260822-071516,PSC5-C2-100-5,exact,0,0,16,1800,FEASIBLE,3202998.00,3194932.22,0.00251820,1799.61,1800.97,-1.00,-1.00,-1.00,0,-1.00,3202998.00,1,13.0.2,logs/PSC5-C2-100-5_m0_exact_s0_20260822-071516.gurobi.log
20260822-074517,PSC5-C3-100-5,exact,0,0,16,1800,FEASIBLE,26465839.00,25457510.11,0.03809926,2397.90,2399.43,-1.00,-1.00,-1.00,0,-1.00,26458321.00,1,13.0.2,logs/PSC5-C3-100-5_m0_exact_s0_20260822-074517.gurobi.log
20260822-082517,PSC5-C4-100-5,exact,0,0,16,1800,FEASIBLE,4087964.00,3585242.36,0.12297604,1799.59,1801.00,-1.00,-1.00,-1.00,0,-1.00,4080320.00,1,13.0.2,logs/PSC5-C4-100-5_m0_exact_s0_20260822-082517.gurobi.log
20260822-085518,PSC5-C5-100-5,exact,0,0,16,1800,FEASIBLE,26200651.00,25745859.27,0.01735803,1799.45,1800.87,-1.00,-1.00,-1.00,0,-1.00,26193803.00,1,13.0.2,logs/PSC5-C5-100-5_m0_exact_s0_20260822-085518.gurobi.log
20260822-092519,PSC1-C1-100-10,exact,0,0,16,1800,FEASIBLE,6523856.00,6511842.45,0.00184148,1799.52,1802.80,-1.00,-1.00,-1.00,0,-1.00,6523856.00,1,13.0.2,logs/PSC1-C1-100-10_m0_exact_s0_20260822-092519.gurobi.log
20260822-095522,PSC1-C2-100-10,exact,0,0,16,1800,FEASIBLE,6509517.00,5920312.23,0.09051436,1798.87,1801.57,-1.00,-1.00,-1.00,0,-1.00,6507773.00,1,13.0.2,logs/PSC1-C2-100-10_m0_exact_s0_20260822-095522.gurobi.log
20260822-102524,PSC1-C3-100-10,exact,0,0,16,1800,FEASIBLE,53193275.00,50528328.19,0.05009932,1798.55,1804.46,-1.00,-1.00,-1.00,0,-1.00,53185364.00,1,13.0.2,logs/PSC1-C3-100-10_m0_exact_s0_20260822-102524.gurobi.log
20260822-105529,PSC1-C4-100-10,exact,0,0,16,1800,FEASIBLE,9030109.00,6606188.47,0.26842650,1798.94,1803.55,-1.00,-1.00,-1.00,0,-1.00,9017098.00,1,13.0.2,logs/PSC1-C4-100-10_m0_exact_s0_20260822-105529.gurobi.log
20260822-112533,PSC1-C5-100-10,exact,0,0,16,1800,FEASIBLE,53103987.00,50854525.56,0.04235956,1798.17,1803.99,-1.00,-1.00,-1.00,0,-1.00,53091751.00,1,13.0.2,logs/PSC1-C5-100-10_m0_exact_s0_20260822-112533.gurobi.log
20260822-115537,PSC2-C1-100-10,exact,0,0,16,1800,FEASIBLE,6581060.30,6503925.67,0.01172070,1799.16,1802.50,-1.00,-1.00,-1.00,0,-1.00,6576482.00,1,13.0.2,logs/PSC2-C1-100-10_m0_exact_s0_20260822-115537.gurobi.log
20260822-122540,PSC2-C2-100-10,exact,0,0,16,1800,FEASIBLE,6467282.00,5922935.75,0.08416925,1798.87,1801.75,-1.00,-1.00,-1.00,0,-1.00,6465536.00,1,13.0.2,logs/PSC2-C2-100-10_m0_exact_s0_20260822-122540.gurobi.log
20260822-125542,PSC2-C3-100-10,exact,0,0,16,1800,FEASIBLE,53200733.00,50505715.43,0.05065753,1799.02,1804.02,-1.00,-1.00,-1.00,0,-1.00,53192180.00,1,13.0.2,logs/PSC2-C3-100-10_m0_exact_s0_20260822-125542.gurobi.log
20260822-132547,PSC2-C4-100-10,exact,0,0,16,1800,FEASIBLE,8990584.43,6604103.43,0.26544225,1798.98,1803.84,-1.00,-1.00,-1.00,0,-1.00,8975102.00,1,13.0.2,logs/PSC2-C4-100-10_m0_exact_s0_20260822-132547.gurobi.log
20260822-135551,PSC2-C5-100-10,exact,0,0,16,1800,FEASIBLE,52889514.00,50843858.79,0.03867790,1798.78,1804.09,-1.00,-1.00,-1.00,0,-1.00,52875963.00,1,13.0.2,logs/PSC2-C5-100-10_m0_exact_s0_20260822-135551.gurobi.log
20260822-142555,PSC3-C1-100-10,exact,0,0,16,1800,FEASIBLE,6540007.00,6510236.86,0.00455200,1799.38,1802.98,-1.00,-1.00,-1.00,0,-1.00,6540007.00,1,13.0.2,logs/PSC3-C1-100-10_m0_exact_s0_20260822-142555.gurobi.log
20260822-145559,PSC3-C2-100-10,exact,0,0,16,1800,FEASIBLE,6432842.00,5922826.54,0.07928307,1798.88,1801.53,-1.00,-1.00,-1.00,0,-1.00,6431202.00,1,13.0.2,logs/PSC3-C2-100-10_m0_exact_s0_20260822-145559.gurobi.log
20260822-152601,PSC3-C3-100-10,exact,0,0,16,1800,FEASIBLE,53142675.00,50465496.63,0.05037718,1798.99,1804.56,-1.00,-1.00,-1.00,0,-1.00,53134757.00,1,13.0.2,logs/PSC3-C3-100-10_m0_exact_s0_20260822-152601.gurobi.log
20260822-155606,PSC3-C4-100-10,exact,0,0,16,1800,FEASIBLE,9043129.00,6602329.51,0.26990652,1798.88,1802.99,-1.00,-1.00,-1.00,0,-1.00,9026874.00,1,13.0.2,logs/PSC3-C4-100-10_m0_exact_s0_20260822-155606.gurobi.log
20260822-162609,PSC3-C5-100-10,exact,0,0,16,1800,FEASIBLE,52875718.00,50792557.94,0.03939729,1799.10,1803.96,-1.00,-1.00,-1.00,0,-1.00,52864930.00,1,13.0.2,logs/PSC3-C5-100-10_m0_exact_s0_20260822-162609.gurobi.log
20260822-165613,PSC4-C1-100-10,exact,0,0,16,1800,FEASIBLE,6606406.00,6517527.74,0.01345335,1799.41,1802.62,-1.00,-1.00,-1.00,0,-1.00,6604317.00,1,13.0.2,logs/PSC4-C1-100-10_m0_exact_s0_20260822-165613.gurobi.log
20260822-172616,PSC4-C2-100-10,exact,0,0,16,1800,FEASIBLE,6560554.00,5932513.26,0.09572983,1798.89,1801.55,-1.00,-1.00,-1.00,0,-1.00,6559022.00,1,13.0.2,logs/PSC4-C2-100-10_m0_exact_s0_20260822-172616.gurobi.log
20260822-175618,PSC4-C3-100-10,exact,0,0,16,1800,FEASIBLE,53252505.00,50539156.24,0.05095251,1798.55,1804.27,-1.00,-1.00,-1.00,0,-1.00,53244503.00,1,13.0.2,logs/PSC4-C3-100-10_m0_exact_s0_20260822-175618.gurobi.log
20260822-182623,PSC4-C4-100-10,exact,0,0,16,1800,FEASIBLE,9131512.00,6611059.25,0.27601702,1798.97,1802.94,-1.00,-1.00,-1.00,0,-1.00,9118007.00,1,13.0.2,logs/PSC4-C4-100-10_m0_exact_s0_20260822-182623.gurobi.log
20260822-185626,PSC4-C5-100-10,exact,0,0,16,1800,FEASIBLE,52871319.00,50873897.84,0.03777892,1799.04,1804.16,-1.00,-1.00,-1.00,0,-1.00,52858523.00,1,13.0.2,logs/PSC4-C5-100-10_m0_exact_s0_20260822-185626.gurobi.log
20260822-192631,PSC5-C1-100-10,exact,0,0,16,1800,FEASIBLE,6529838.00,6521189.84,0.00132441,1799.01,1802.62,-1.00,-1.00,-1.00,0,-1.00,6529838.00,1,13.0.2,logs/PSC5-C1-100-10_m0_exact_s0_20260822-192631.gurobi.log
20260822-195634,PSC5-C2-100-10,exact,0,0,16,1800,FEASIBLE,6490938.00,5907217.11,0.08992859,1798.67,1798.89,-1.00,-1.00,-1.00,0,-1.00,6488686.00,1,13.0.2,logs/PSC5-C2-100-10_m0_exact_s0_20260822-195634.gurobi.log
20260822-202635,PSC5-C3-100-10,exact,0,0,16,1800,FEASIBLE,53138220.25,50477278.84,0.05007585,1799.11,1804.76,-1.00,-1.00,-1.00,0,-1.00,53130320.00,1,13.0.2,logs/PSC5-C3-100-10_m0_exact_s0_20260822-202635.gurobi.log
20260822-205640,PSC5-C4-100-10,exact,0,0,16,1800,FEASIBLE,9043944.00,6606626.96,0.26949714,1798.96,1802.85,-1.00,-1.00,-1.00,0,-1.00,9028960.00,1,13.0.2,logs/PSC5-C4-100-10_m0_exact_s0_20260822-205640.gurobi.log
20260822-212644,PSC5-C5-100-10,exact,0,0,16,1800,FEASIBLE,52901776.00,50811352.08,0.03951519,1798.98,1804.04,-1.00,-1.00,-1.00,0,-1.00,52888937.00,1,13.0.2,logs/PSC5-C5-100-10_m0_exact_s0_20260822-212644.gurobi.log
20260822-215648,PSC1-C1-100-10,exact-nowarm,2,0,16,1800,FEASIBLE,6519614.00,6515241.62,0.00067065,1523.72,1803.94,3794735.75,6607923.00,274.04,1152,6607923.00,6519614.00,1,13.0.2,logs/PSC1-C1-100-10_m2_exact-nowarm_s0_20260822-215648.gurobi.log
20260822-222652,PSC1-C1-100-10,exact-nostart,2,0,16,1800,FEASIBLE,6519022.00,6515626.28,0.00052089,1523.49,1803.35,6510557.97,6680104.00,273.64,1098,6680104.00,6519022.00,1,13.0.2,logs/PSC1-C1-100-10_m2_exact-nostart_s0_20260822-222652.gurobi.log
20260822-225656,PSC1-C1-100-10,exact-noldb,2,0,16,1800,FEASIBLE,6518992.00,6515752.85,0.00049688,1524.91,1803.29,6510557.97,6680104.00,273.07,1048,6680104.00,6518992.00,1,13.0.2,logs/PSC1-C1-100-10_m2_exact-noldb_s0_20260822-225656.gurobi.log
20260822-232700,PSC1-C2-100-10,exact-nowarm,2,0,16,1800,FEASIBLE,5962789.00,5910226.11,0.00881515,1544.18,1820.23,3529368.89,6215959.00,272.80,10372,6215959.00,5962789.00,1,13.0.2,logs/PSC1-C2-100-10_m2_exact-nowarm_s0_20260822-232700.gurobi.log
20260822-235720,PSC1-C2-100-10,exact-nostart,2,0,16,1800,FEASIBLE,5960488.00,5919292.46,0.00691144,1540.61,1816.37,5919292.46,6268039.00,272.41,11823,6268039.00,5960488.00,1,13.0.2,logs/PSC1-C2-100-10_m2_exact-nostart_s0_20260822-235720.gurobi.log
20260823-002737,PSC1-C2-100-10,exact-noldb,2,0,16,1800,FEASIBLE,5963951.00,5910261.24,0.00900238,1537.06,1813.00,5919292.46,6268039.00,272.78,10344,6268039.00,5963951.00,1,13.0.2,logs/PSC1-C2-100-10_m2_exact-noldb_s0_20260823-002737.gurobi.log
20260823-005750,PSC1-C3-100-10,exact-nowarm,2,0,16,1800,FEASIBLE,51097610.00,50415655.59,0.01334611,0.00,1818.89,48286344.98,51097610.00,271.38,9520,51097610.00,51097610.00,1,13.0.2,logs/PSC1-C3-100-10_m2_exact-nowarm_s0_20260823-005750.gurobi.log
20260823-012810,PSC1-C3-100-10,exact-nostart,2,0,16,1800,FEASIBLE,51269345.00,50499186.83,0.01502181,1571.24,1845.11,50499186.83,51639943.00,271.31,10863,51639943.00,51269345.00,1,13.0.2,logs/PSC1-C3-100-10_m2_exact-nostart_s0_20260823-012810.gurobi.log
20260823-015855,PSC1-C3-100-10,exact-noldb,2,0,16,1800,FEASIBLE,51403704.00,50415131.03,0.01923155,1532.07,1806.51,50499186.83,51639943.00,271.47,9340,51639943.00,51403704.00,1,13.0.2,logs/PSC1-C3-100-10_m2_exact-noldb_s0_20260823-015855.gurobi.log
20260823-022902,PSC1-C4-100-10,exact-nowarm,2,0,16,1800,FEASIBLE,6831864.00,6522991.35,0.04521060,1532.12,1811.75,3259623.95,7619846.00,275.87,8221,7619846.00,6831864.00,1,13.0.2,logs/PSC1-C4-100-10_m2_exact-nowarm_s0_20260823-022902.gurobi.log
20260823-025914,PSC1-C4-100-10,exact-nostart,2,0,16,1800,FEASIBLE,6821694.00,6599582.37,0.03255960,1552.48,1831.43,6599582.37,8543847.00,275.60,7961,8543847.00,6821694.00,1,13.0.2,logs/PSC1-C4-100-10_m2_exact-nostart_s0_20260823-025914.gurobi.log
20260823-032946,PSC1-C4-100-10,exact-noldb,2,0,16,1800,FEASIBLE,6799319.00,6523541.58,0.04055956,1527.34,1806.50,6599582.37,8543847.00,275.85,8091,8543847.00,6799319.00,1,13.0.2,logs/PSC1-C4-100-10_m2_exact-noldb_s0_20260823-032946.gurobi.log
20260823-035952,PSC1-C5-100-10,exact-nowarm,2,0,16,1800,FEASIBLE,51149762.00,50731386.40,0.00817942,1540.70,1822.31,48429555.44,52470240.00,278.47,10577,52470240.00,51149762.00,1,13.0.2,logs/PSC1-C5-100-10_m2_exact-nowarm_s0_20260823-035952.gurobi.log
20260823-043015,PSC1-C5-100-10,exact-nostart,2,0,16,1800,FEASIBLE,52460062.00,50816127.23,0.03133688,0.00,1807.78,50816127.23,52460062.00,278.14,12636,52460062.00,52460062.00,1,13.0.2,logs/PSC1-C5-100-10_m2_exact-nostart_s0_20260823-043015.gurobi.log
20260823-050023,PSC1-C5-100-10,exact-noldb,2,0,16,1800,FEASIBLE,51154082.00,50730702.10,0.00827656,1533.98,1814.86,50816127.23,52460062.00,277.55,9774,52460062.00,51154082.00,1,13.0.2,logs/PSC1-C5-100-10_m2_exact-noldb_s0_20260823-050023.gurobi.log
20260823-053038,PSC2-C1-100-10,exact-nowarm,2,0,16,1800,FEASIBLE,6517929.00,6507931.78,0.00153380,1523.09,1803.87,3792546.66,6602163.00,274.28,2963,6602163.00,6517929.00,1,13.0.2,logs/PSC2-C1-100-10_m2_exact-nowarm_s0_20260823-053038.gurobi.log
20260823-060043,PSC2-C1-100-10,exact-nostart,2,0,16,1800,FEASIBLE,6520659.00,6507087.33,0.00208133,1525.23,1804.07,6502610.29,6616161.00,273.81,4459,6616161.00,6520659.00,1,13.0.2,logs/PSC2-C1-100-10_m2_exact-nostart_s0_20260823-060043.gurobi.log
20260823-063047,PSC2-C1-100-10,exact-noldb,2,0,16,1800,FEASIBLE,6519749.00,6507634.72,0.00185809,1522.02,1803.70,6502610.29,6616161.00,273.92,4259,6616161.00,6519749.00,1,13.0.2,logs/PSC2-C1-100-10_m2_exact-noldb_s0_20260823-063047.gurobi.log
20260823-070051,PSC2-C2-100-10,exact-nowarm,2,0,16,1800,FEASIBLE,5961377.00,5912956.48,0.00812237,1538.42,1814.39,3529885.32,6236447.00,272.76,10079,6236447.00,5961377.00,1,13.0.2,logs/PSC2-C2-100-10_m2_exact-nowarm_s0_20260823-070051.gurobi.log
20260823-073106,PSC2-C2-100-10,exact-nostart,2,0,16,1800,FEASIBLE,5969323.00,5921658.05,0.00798498,1539.33,1816.17,5921658.05,6220652.00,272.75,11005,6220652.00,5969323.00,1,13.0.2,logs/PSC2-C2-100-10_m2_exact-nostart_s0_20260823-073106.gurobi.log
20260823-080122,PSC2-C2-100-10,exact-noldb,2,0,16,1800,FEASIBLE,5960928.00,5913243.80,0.00799946,1544.13,1819.48,5921658.05,6220652.00,272.48,10152,6220652.00,5960928.00,1,13.0.2,logs/PSC2-C2-100-10_m2_exact-noldb_s0_20260823-080122.gurobi.log
20260823-083142,PSC2-C3-100-10,exact-nowarm,2,0,16,1800,FEASIBLE,51077870.00,50392471.96,0.01341869,0.00,1811.41,48264675.04,51077870.00,271.28,8430,51077870.00,51077870.00,1,13.0.2,logs/PSC2-C3-100-10_m2_exact-nowarm_s0_20260823-083142.gurobi.log
20260823-090154,PSC2-C3-100-10,exact-nostart,2,0,16,1800,FEASIBLE,51285061.00,50474744.98,0.01580024,1553.08,1827.40,50474744.98,51653633.00,271.58,10409,51653633.00,51285061.00,1,13.0.2,logs/PSC2-C3-100-10_m2_exact-nostart_s0_20260823-090154.gurobi.log
20260823-093222,PSC2-C3-100-10,exact-noldb,2,0,16,1800,FEASIBLE,51453277.00,50392194.08,0.02062226,1558.41,1832.41,50474744.98,51653633.00,271.35,9959,51653633.00,51453277.00,1,13.0.2,logs/PSC2-C3-100-10_m2_exact-noldb_s0_20260823-093222.gurobi.log
20260823-100255,PSC2-C4-100-10,exact-nowarm,2,0,16,1800,FEASIBLE,6816916.00,6523363.24,0.04306240,1528.66,1807.31,3258446.91,7623429.00,275.39,8177,7623429.00,6816916.00,1,13.0.2,logs/PSC2-C4-100-10_m2_exact-nowarm_s0_20260823-100255.gurobi.log
20260823-103302,PSC2-C4-100-10,exact-nostart,2,0,16,1800,FEASIBLE,6823208.00,6596825.09,0.03317837,1557.73,1838.53,6596825.09,8302557.00,276.87,6769,8302557.00,6823208.00,1,13.0.2,logs/PSC2-C4-100-10_m2_exact-nostart_s0_20260823-103302.gurobi.log
20260823-110341,PSC2-C4-100-10,exact-noldb,2,0,16,1800,FEASIBLE,6829371.00,6522030.36,0.04500277,1525.98,1807.78,6596825.09,8302557.00,276.87,6448,8302557.00,6829371.00,1,13.0.2,logs/PSC2-C4-100-10_m2_exact-noldb_s0_20260823-110341.gurobi.log
20260823-113350,PSC2-C5-100-10,exact-nowarm,2,0,16,1800,FEASIBLE,51123413.00,50711980.82,0.00804782,1537.38,1820.73,48415470.65,52401815.00,278.71,8402,52401815.00,51123413.00,1,13.0.2,logs/PSC2-C5-100-10_m2_exact-nowarm_s0_20260823-113350.gurobi.log
20260823-120411,PSC2-C5-100-10,exact-nostart,2,0,16,1800,FEASIBLE,51175228.00,50798392.32,0.00736363,1548.35,1829.83,50798392.32,52702774.00,277.64,9083,52702774.00,51175228.00,1,13.0.2,logs/PSC2-C5-100-10_m2_exact-nostart_s0_20260823-120411.gurobi.log
20260823-123441,PSC2-C5-100-10,exact-noldb,2,0,16,1800,FEASIBLE,51123847.00,50713249.44,0.00803143,1536.81,1820.81,50798392.32,52702774.00,278.92,8864,52702774.00,51123847.00,1,13.0.2,logs/PSC2-C5-100-10_m2_exact-noldb_s0_20260823-123441.gurobi.log
20260823-130502,PSC3-C1-100-10,exact-nowarm,2,0,16,1800,FEASIBLE,6519889.00,6514346.62,0.00085007,1522.88,1803.91,3788557.49,6609143.00,274.51,3465,6609143.00,6519889.00,1,13.0.2,logs/PSC3-C1-100-10_m2_exact-nowarm_s0_20260823-130502.gurobi.log
20260823-133507,PSC3-C1-100-10,exact-nostart,2,0,16,1800,FEASIBLE,6530231.00,6513358.07,0.00258382,1521.45,1803.85,6509281.11,6562065.00,274.81,6481,6562065.00,6530231.00,1,13.0.2,logs/PSC3-C1-100-10_m2_exact-nostart_s0_20260823-133507.gurobi.log
20260823-140511,PSC3-C1-100-10,exact-noldb,2,0,16,1800,FEASIBLE,6517199.00,6515439.27,0.00027001,1523.78,1803.33,6509298.39,6562065.00,273.92,766,6562065.00,6517199.00,1,13.0.2,logs/PSC3-C1-100-10_m2_exact-noldb_s0_20260823-140511.gurobi.log
20260823-143515,PSC3-C2-100-10,exact-nowarm,2,0,16,1800,FEASIBLE,5966481.00,5911342.03,0.00924146,1528.34,1805.23,3528201.94,6220322.00,272.91,9277,6220322.00,5966481.00,1,13.0.2,logs/PSC3-C2-100-10_m2_exact-nowarm_s0_20260823-143515.gurobi.log
20260823-150520,PSC3-C2-100-10,exact-nostart,2,0,16,1800,FEASIBLE,5972915.00,5921881.93,0.00854408,1525.40,1803.19,5921881.93,6477590.00,273.16,8826,6477590.00,5972915.00,1,13.0.2,logs/PSC3-C2-100-10_m2_exact-nostart_s0_20260823-150520.gurobi.log
20260823-153524,PSC3-C2-100-10,exact-noldb,2,0,16,1800,FEASIBLE,5956435.00,5911514.48,0.00754151,1525.11,1801.86,5921881.93,6477590.00,272.94,9355,6477590.00,5956435.00,1,13.0.2,logs/PSC3-C2-100-10_m2_exact-noldb_s0_20260823-153524.gurobi.log
20260823-160526,PSC3-C3-100-10,exact-nowarm,2,0,16,1800,FEASIBLE,51045435.00,50350920.49,0.01360581,0.00,1819.22,48226332.79,51045435.00,271.35,8590,51045435.00,51045435.00,1,13.0.2,logs/PSC3-C3-100-10_m2_exact-nowarm_s0_20260823-160526.gurobi.log
20260823-163546,PSC3-C3-100-10,exact-nostart,2,0,16,1800,FEASIBLE,51295539.00,50434789.00,0.01678021,1555.82,1831.10,50434789.00,51679908.00,271.88,8932,51679908.00,51295539.00,1,13.0.2,logs/PSC3-C3-100-10_m2_exact-nostart_s0_20260823-163546.gurobi.log
20260823-170617,PSC3-C3-100-10,exact-noldb,2,0,16,1800,FEASIBLE,51341388.00,50350714.94,0.01929580,1552.14,1828.32,50413431.05,51679908.00,272.04,8296,51679908.00,51341388.00,1,13.0.2,logs/PSC3-C3-100-10_m2_exact-noldb_s0_20260823-170617.gurobi.log
20260823-173646,PSC3-C4-100-10,exact-nowarm,2,0,16,1800,FEASIBLE,6848129.00,6514623.55,0.04870023,1530.19,1809.72,3254469.63,7587894.00,276.13,6975,7587894.00,6848129.00,1,13.0.2,logs/PSC3-C4-100-10_m2_exact-nowarm_s0_20260823-173646.gurobi.log
20260823-180656,PSC3-C4-100-10,exact-nostart,2,0,16,1800,FEASIBLE,6787984.00,6595065.11,0.02842065,1547.95,1827.81,6595065.11,8625723.00,276.63,7547,8625723.00,6787984.00,1,13.0.2,logs/PSC3-C4-100-10_m2_exact-nostart_s0_20260823-180656.gurobi.log
20260823-183724,PSC3-C4-100-10,exact-noldb,2,0,16,1800,FEASIBLE,6830960.00,6515192.78,0.04622589,1521.72,1802.06,6595065.11,8625723.00,276.39,6914,8625723.00,6830960.00,1,13.0.2,logs/PSC3-C4-100-10_m2_exact-noldb_s0_20260823-183724.gurobi.log
20260823-190727,PSC3-C5-100-10,exact-nowarm,2,0,16,1800,FEASIBLE,51071931.00,50663292.99,0.00800123,1535.44,1817.91,48363403.51,52361263.00,278.12,9082,52361263.00,51071931.00,1,13.0.2,logs/PSC3-C5-100-10_m2_exact-nowarm_s0_20260823-190727.gurobi.log
20260823-193745,PSC3-C5-100-10,exact-nostart,2,0,16,1800,FEASIBLE,51126604.00,50749585.65,0.00737421,1539.81,1820.01,50749585.65,52685748.00,279.19,10394,52685748.00,51126604.00,1,13.0.2,logs/PSC3-C5-100-10_m2_exact-nostart_s0_20260823-193745.gurobi.log
20260823-200808,PSC3-C5-100-10,exact-noldb,2,0,16,1800,FEASIBLE,51091094.00,50664129.43,0.00835693,1534.10,1815.15,50749585.65,52685748.00,277.26,9431,52685748.00,51091094.00,1,13.0.2,logs/PSC3-C5-100-10_m2_exact-noldb_s0_20260823-200808.gurobi.log
20260823-203824,PSC4-C1-100-10,exact-nowarm,2,0,16,1800,FEASIBLE,6530844.00,6521370.35,0.00145060,1523.81,1803.62,3798443.15,6608808.00,273.82,3512,6608808.00,6530844.00,1,13.0.2,logs/PSC4-C1-100-10_m2_exact-nowarm_s0_20260823-203824.gurobi.log
20260823-210828,PSC4-C1-100-10,exact-nostart,2,0,16,1800,FEASIBLE,6528432.00,6521203.90,0.00110717,1522.70,1803.64,6516643.58,6579045.00,274.40,4511,6579045.00,6528432.00,1,13.0.2,logs/PSC4-C1-100-10_m2_exact-nostart_s0_20260823-210828.gurobi.log
20260823-213832,PSC4-C1-100-10,exact-noldb,2,0,16,1800,FEASIBLE,6537119.00,6520240.63,0.00258193,1522.50,1803.01,6516643.58,6579045.00,274.43,6641,6579045.00,6537119.00,1,13.0.2,logs/PSC4-C1-100-10_m2_exact-noldb_s0_20260823-213832.gurobi.log
20260823-220835,PSC4-C2-100-10,exact-nowarm,2,0,16,1800,FEASIBLE,5980493.00,5922309.91,0.00972881,1527.72,1803.44,3536221.15,6243817.00,272.56,11617,6243817.00,5980493.00,1,13.0.2,logs/PSC4-C2-100-10_m2_exact-nowarm_s0_20260823-220835.gurobi.log
20260823-223839,PSC4-C2-100-10,exact-nostart,2,0,16,1800,FEASIBLE,5981036.00,5931636.69,0.00825932,1529.90,1805.77,5931636.69,6416313.00,272.67,11073,6416313.00,5981036.00,1,13.0.2,logs/PSC4-C2-100-10_m2_exact-nostart_s0_20260823-223839.gurobi.log
20260823-230845,PSC4-C2-100-10,exact-noldb,2,0,16,1800,FEASIBLE,5983354.00,5921837.81,0.01028122,1533.53,1808.78,5931636.72,6416313.00,272.37,11263,6416313.00,5983354.00,1,13.0.2,logs/PSC4-C2-100-10_m2_exact-noldb_s0_20260823-230845.gurobi.log
20260823-233854,PSC4-C3-100-10,exact-nowarm,2,0,16,1800,FEASIBLE,51123542.00,50427564.86,0.01361363,0.00,1819.10,48278680.09,51123542.00,271.95,9810,51123542.00,51123542.00,1,13.0.2,logs/PSC4-C3-100-10_m2_exact-nowarm_s0_20260823-233854.gurobi.log
20260824-000913,PSC4-C3-100-10,exact-nostart,2,0,16,1800,FEASIBLE,51500410.00,50488067.50,0.01965698,1533.52,1809.52,50488067.50,51730635.00,271.85,8809,51730635.00,51500410.00,1,13.0.2,logs/PSC4-C3-100-10_m2_exact-nostart_s0_20260824-000913.gurobi.log
20260824-003923,PSC4-C3-100-10,exact-noldb,2,0,16,1800,FEASIBLE,51457526.00,50427469.91,0.02001760,1542.83,1816.86,50509489.36,51730635.00,271.38,10308,51730635.00,51457526.00,1,13.0.2,logs/PSC4-C3-100-10_m2_exact-noldb_s0_20260824-003923.gurobi.log
20260824-010940,PSC4-C4-100-10,exact-nowarm,2,0,16,1800,FEASIBLE,6857398.00,6524162.91,0.04859498,1543.48,1821.99,3260809.91,7533176.00,275.34,8426,7533176.00,6857398.00,1,13.0.2,logs/PSC4-C4-100-10_m2_exact-nowarm_s0_20260824-010940.gurobi.log
20260824-014003,PSC4-C4-100-10,exact-nostart,2,0,16,1800,FEASIBLE,6797332.00,6603616.42,0.02849877,1532.10,1810.71,6603616.42,8502676.00,275.48,8853,8502676.00,6797332.00,1,13.0.2,logs/PSC4-C4-100-10_m2_exact-nostart_s0_20260824-014003.gurobi.log
20260824-021014,PSC4-C4-100-10,exact-noldb,2,0,16,1800,FEASIBLE,6808734.00,6524483.58,0.04174791,1534.20,1812.73,6603616.42,8502676.00,275.43,8393,8502676.00,6808734.00,1,13.0.2,logs/PSC4-C4-100-10_m2_exact-noldb_s0_20260824-021014.gurobi.log
20260824-024027,PSC4-C5-100-10,exact-nowarm,2,0,16,1800,FEASIBLE,51166263.00,50746481.55,0.00820426,1524.76,1805.40,48444354.37,52483480.00,277.39,11142,52483480.00,51166263.00,1,13.0.2,logs/PSC4-C5-100-10_m2_exact-nowarm_s0_20260824-024027.gurobi.log
20260824-031033,PSC4-C5-100-10,exact-nostart,2,0,16,1800,FEASIBLE,51186387.00,50829249.01,0.00697721,1544.41,1824.19,50829249.01,52563724.00,276.76,12787,52563724.00,51186387.00,1,13.0.2,logs/PSC4-C5-100-10_m2_exact-nostart_s0_20260824-031033.gurobi.log
20260824-034057,PSC4-C5-100-10,exact-noldb,2,0,16,1800,FEASIBLE,51150988.00,50746722.88,0.00790337,1528.95,1808.64,50829249.01,52563724.00,276.70,10716,52563724.00,51150988.00,1,13.0.2,logs/PSC4-C5-100-10_m2_exact-noldb_s0_20260824-034057.gurobi.log
20260824-041106,PSC5-C1-100-10,exact-nowarm,2,0,16,1800,FEASIBLE,6528086.00,6525365.13,0.00041679,1523.92,1806.36,3793725.28,6628535.00,273.85,583,6628535.00,6528086.00,1,13.0.2,logs/PSC5-C1-100-10_m2_exact-nowarm_s0_20260824-041106.gurobi.log
20260824-044113,PSC5-C1-100-10,exact-nostart,2,0,16,1800,FEASIBLE,6529465.00,6525661.06,0.00058258,1524.34,1803.20,6520123.31,6546730.00,273.62,1529,6546730.00,6529465.00,1,13.0.2,logs/PSC5-C1-100-10_m2_exact-nostart_s0_20260824-044113.gurobi.log
20260824-051116,PSC5-C1-100-10,exact-noldb,2,0,16,1800,FEASIBLE,6528224.00,6525937.24,0.00035029,1524.13,1802.96,6520123.31,6546730.00,273.75,996,6546730.00,6528224.00,1,13.0.2,logs/PSC5-C1-100-10_m2_exact-noldb_s0_20260824-051116.gurobi.log
20260824-054120,PSC5-C2-100-10,exact-nowarm,2,0,16,1800,FEASIBLE,5956141.00,5895823.56,0.01012693,1543.19,1818.65,3522427.35,6164332.00,272.36,11558,6164332.00,5956141.00,1,13.0.2,logs/PSC5-C2-100-10_m2_exact-nowarm_s0_20260824-054120.gurobi.log
20260824-061139,PSC5-C2-100-10,exact-nostart,2,0,16,1800,FEASIBLE,5946435.00,5905996.11,0.00680053,1530.83,1806.38,5905996.11,6240673.00,272.38,11500,6240673.00,5946435.00,1,13.0.2,logs/PSC5-C2-100-10_m2_exact-nostart_s0_20260824-061139.gurobi.log
20260824-064145,PSC5-C2-100-10,exact-noldb,2,0,16,1800,FEASIBLE,5937278.00,5897195.48,0.00675099,1530.08,1805.45,5905996.11,6240673.00,272.35,11036,6240673.00,5937278.00,1,13.0.2,logs/PSC5-C2-100-10_m2_exact-noldb_s0_20260824-064145.gurobi.log
20260824-071151,PSC5-C3-100-10,exact-nowarm,2,0,16,1800,FEASIBLE,51054745.00,50363837.29,0.01353268,0.00,1810.51,48236409.80,51054745.00,271.19,11540,51054745.00,51054745.00,1,13.0.2,logs/PSC5-C3-100-10_m2_exact-nowarm_s0_20260824-071151.gurobi.log
20260824-074202,PSC5-C3-100-10,exact-nostart,2,0,16,1800,FEASIBLE,51192148.00,50446463.93,0.01456638,0.00,1812.49,50446463.93,51192148.00,271.15,11450,51192148.00,51192148.00,1,13.0.2,logs/PSC5-C3-100-10_m2_exact-nostart_s0_20260824-074202.gurobi.log
20260824-081215,PSC5-C3-100-10,exact-noldb,2,0,16,1800,FEASIBLE,51192148.00,50363957.32,0.01617808,0.00,1803.54,50446463.93,51192148.00,271.27,10150,51192148.00,51192148.00,1,13.0.2,logs/PSC5-C3-100-10_m2_exact-noldb_s0_20260824-081215.gurobi.log
20260824-084219,PSC5-C4-100-10,exact-nowarm,2,0,16,1800,FEASIBLE,6836708.00,6521421.40,0.04611673,1536.05,1814.28,3255231.65,7584172.00,275.21,8415,7584172.00,6836708.00,1,13.0.2,logs/PSC5-C4-100-10_m2_exact-nowarm_s0_20260824-084219.gurobi.log
20260824-091233,PSC5-C4-100-10,exact-nostart,2,0,16,1800,FEASIBLE,8095223.00,6604247.00,0.18417973,0.00,1821.43,6604247.00,8095223.00,275.29,8622,8095223.00,8095223.00,1,13.0.2,logs/PSC5-C4-100-10_m2_exact-nostart_s0_20260824-091233.gurobi.log
20260824-094255,PSC5-C4-100-10,exact-noldb,2,0,16,1800,FEASIBLE,6828463.00,6520592.10,0.04508641,1544.13,1822.04,6604247.00,8095223.00,274.87,8796,8095223.00,6828463.00,1,13.0.2,logs/PSC5-C4-100-10_m2_exact-noldb_s0_20260824-094255.gurobi.log
20260824-101317,PSC5-C5-100-10,exact-nowarm,2,0,16,1800,FEASIBLE,51096248.00,50683102.46,0.00808563,1537.16,1817.37,48398218.36,52394265.00,277.19,10989,52394265.00,51096248.00,1,13.0.2,logs/PSC5-C5-100-10_m2_exact-nowarm_s0_20260824-101317.gurobi.log
20260824-104335,PSC5-C5-100-10,exact-nostart,2,0,16,1800,FEASIBLE,51139901.00,50788801.25,0.00686548,1527.22,1806.75,50788801.25,52670686.00,276.64,13917,52670686.00,51139901.00,1,13.0.2,logs/PSC5-C5-100-10_m2_exact-nostart_s0_20260824-104335.gurobi.log
20260824-111342,PSC5-C5-100-10,exact-noldb,2,0,16,1800,FEASIBLE,51111034.00,50683602.50,0.00836280,1524.80,1805.18,50767523.78,52670686.00,277.43,12164,52670686.00,51111034.00,1,13.0.2,logs/PSC5-C5-100-10_m2_exact-noldb_s0_20260824-111342.gurobi.log
